time,time_sim,p_s1_bar,p_s2_bar,p_s3_bar,valve_theta
-0.05,0,21.5501,19.6065,17.5218,0.99976
-0.0499,0.0001,21.5588,19.5605,17.4986,1
-0.0498,0.0002,21.5327,19.5835,17.5079,1
-0.0497,0.0003,21.5676,19.5651,17.5079,1
-0.0496,0.0004,21.5632,19.5651,17.5311,0.999236
-0.0495,0.0005,21.5676,19.6157,17.4986,0.998189
-0.0494,0.0006,21.5545,19.5973,17.5404,1
-0.0493,0.0007,21.5807,19.6388,17.5079,0.997666
-0.0492,0.0008,21.6679,19.6065,17.5265,0.999236
-0.0491,0.0009,21.6679,19.5743,17.5728,1
-0.049,0.001,21.7028,19.6065,17.5496,1
-0.0489,0.0011,21.6548,19.6065,17.5496,0.99976
-0.0488,0.0012,21.6854,19.6572,17.5589,1
-0.0487,0.0013,21.6941,19.6296,17.5775,0.998713
-0.0486,0.0014,21.6243,19.6664,17.5496,0.998189
-0.0485,0.0015,21.6243,19.6756,17.5172,0.99976
-0.0484,0.0016,21.6286,19.6388,17.596,1
-0.0483,0.0017,21.6243,19.6296,17.5682,1
-0.0482,0.0018,21.633,19.6296,17.6146,0.99976
-0.0481,0.0019,21.6679,19.6618,17.6238,1
-0.048,0.002,21.7072,19.6526,17.647,0.998713
-0.0479,0.0021,21.6984,19.6388,17.6331,0.998189
-0.0478,0.0022,21.633,19.6111,17.6563,1
-0.0477,0.0023,21.6112,19.5697,17.6702,0.997666
-0.0476,0.0024,21.633,19.5789,17.6285,0.99976
-0.0475,0.0025,21.6461,19.6111,17.6285,1
-0.0474,0.0026,21.6505,19.6388,17.6099,1
-0.0473,0.0027,21.6548,19.6111,17.596,0.99976
-0.0472,0.0028,21.6592,19.648,17.5867,0.999236
-0.0471,0.0029,21.633,19.671,17.6424,1
-0.047,0.003,21.5937,19.6756,17.712,1
-0.0469,0.0031,21.6156,19.6249,17.5867,0.999236
-0.0468,0.0032,21.6505,19.5743,17.5357,1
-0.0467,0.0033,21.6068,19.5789,17.545,1
-0.0466,0.0034,21.5807,19.5282,17.5172,1
-0.0465,0.0035,21.5894,19.5144,17.494,1
-0.0464,0.0036,21.5763,19.5282,17.5033,0.999236
-0.0463,0.0037,21.6068,19.5282,17.5172,0.99976
-0.0462,0.0038,21.633,19.5697,17.5218,1
-0.0461,0.0039,21.6548,19.5973,17.5311,1
-0.046,0.004,21.6374,19.6065,17.5682,0.99976
-0.0459,0.0041,21.6286,19.6388,17.6192,0.999236
-0.0458,0.0042,21.5981,19.6249,17.6563,1
-0.0457,0.0043,21.6025,19.5973,17.6331,1
-0.0456,0.0044,21.6374,19.6019,17.5821,0.99976
-0.0455,0.0045,21.6461,19.5789,17.5496,1
-0.0454,0.0046,21.6897,19.5789,17.5125,0.998713
-0.0453,0.0047,21.6897,19.5973,17.5496,1
-0.0452,0.0048,21.6941,19.6065,17.5496,1
-0.0451,0.0049,21.7115,19.6065,17.5265,1
-0.045,0.005,21.6505,19.6065,17.494,0.99976
-0.0449,0.0051,21.633,19.6526,17.4986,1
-0.0448,0.0052,21.6548,19.6526,17.4801,1
-0.0447,0.0053,21.6592,19.5973,17.5125,1
-0.0446,0.0054,21.6461,19.6203,17.5867,1
-0.0445,0.0055,21.7072,19.6572,17.5404,0.998189
-0.0444,0.0056,21.7246,19.7079,17.4894,0.998189
-0.0443,0.0057,21.7377,19.7309,17.5218,0.998189
-0.0442,0.0058,21.6984,19.7079,17.5728,1
-0.0441,0.0059,21.6941,19.7355,17.545,1
-0.044,0.006,21.681,19.6802,17.5821,0.99976
-0.0439,0.0061,21.6592,19.6342,17.6099,0.99976
-0.0438,0.0062,21.6548,19.6526,17.5682,0.99976
-0.0437,0.0063,21.633,19.6157,17.5775,1
-0.0436,0.0064,21.6592,19.6249,17.5775,1
-0.0435,0.0065,21.6635,19.6296,17.5172,1
-0.0434,0.0066,21.6461,19.6618,17.5404,1
-0.0433,0.0067,21.6679,19.7125,17.4986,0.998713
-0.0432,0.0068,21.6766,19.7447,17.4847,0.999236
-0.0431,0.0069,21.6941,19.7585,17.5357,1
-0.043,0.007,21.6984,19.7954,17.5218,1
-0.0429,0.0071,21.6984,19.7585,17.494,1
-0.0428,0.0072,21.6941,19.7447,17.443,1
-0.0427,0.0073,21.6548,19.7677,17.4894,1
-0.0426,0.0074,21.6592,19.7769,17.5543,1
-0.0425,0.0075,21.6766,19.7171,17.596,1
-0.0424,0.0076,21.7464,19.7263,17.6099,1
-0.0423,0.0077,21.729,19.6986,17.5914,1
-0.0422,0.0078,21.7203,19.7171,17.5404,1
-0.0421,0.0079,21.7464,19.7217,17.5172,1
-0.042,0.008,21.7421,19.7585,17.4754,1
-0.0419,0.0081,21.6766,19.8,17.443,1
-0.0418,0.0082,21.6374,19.6986,17.443,0.998713
-0.0417,0.0083,21.6286,19.6388,17.443,0.997143
-0.0416,0.0084,21.5981,19.6249,17.4708,1
-0.0415,0.0085,21.6199,19.6249,17.4847,0.997143
-0.0414,0.0086,21.6374,19.6065,17.5033,0.997666
-0.0413,0.0087,21.6374,19.5973,17.4847,1
-0.0412,0.0088,21.6679,19.6296,17.5404,1
-0.0411,0.0089,21.6897,19.5881,17.5311,0.997666
-0.041,0.009,21.6592,19.6111,17.5543,0.999236
-0.0409,0.0091,21.6854,19.6388,17.5867,0.998713
-0.0408,0.0092,21.6461,19.694,17.6331,1
-0.0407,0.0093,21.6374,19.7125,17.6007,0.999236
-0.0406,0.0094,21.6417,19.7125,17.5728,0.997666
-0.0405,0.0095,21.6112,19.6848,17.4801,0.998189
-0.0404,0.0096,21.6374,19.7033,17.4847,0.997143
-0.0403,0.0097,21.6635,19.6848,17.4847,0.998189
-0.0402,0.0098,21.6941,19.7079,17.4708,0.998713
-0.0401,0.0099,21.7159,19.6756,17.4801,0.997666
-0.04,0.01,21.7115,19.6802,17.4754,0.99976
-0.0399,0.0101,21.7072,19.6618,17.5172,0.998189
-0.0398,0.0102,21.6635,19.671,17.5218,0.998713
-0.0397,0.0103,21.6374,19.6848,17.5728,1
-0.0396,0.0104,21.6243,19.7171,17.6378,1
-0.0395,0.0105,21.6374,19.7401,17.6563,0.998189
-0.0394,0.0106,21.6461,19.6618,17.6238,1
-0.0393,0.0107,21.6505,19.671,17.7073,1
-0.0392,0.0108,21.6548,19.7079,17.749,1
-0.0391,0.0109,21.681,19.7171,17.6841,1
-0.039,0.011,21.6766,19.694,17.6285,1
-0.0389,0.0111,21.6592,19.7171,17.5404,1
-0.0388,0.0112,21.6723,19.7033,17.5821,1
-0.0387,0.0113,21.6723,19.6388,17.5357,1
-0.0386,0.0114,21.6723,19.6572,17.5543,1
-0.0385,0.0115,21.6417,19.6388,17.6007,1
-0.0384,0.0116,21.6854,19.6157,17.5589,1
-0.0383,0.0117,21.6854,19.7033,17.5635,1
-0.0382,0.0118,21.6679,19.6618,17.6146,1
-0.0381,0.0119,21.7115,19.6664,17.6702,1
-0.038,0.012,21.7508,19.7263,17.7398,1
-0.0379,0.0121,21.7464,19.7125,17.7676,1
-0.0378,0.0122,21.7552,19.694,17.8325,1
-0.0377,0.0123,21.7595,19.648,17.7583,1
-0.0376,0.0124,21.7464,19.6894,17.6934,1
-0.0375,0.0125,21.7115,19.7263,17.7073,1
-0.0374,0.0126,21.7203,19.7447,17.6007,1
-0.0373,0.0127,21.6984,19.7263,17.545,1
-0.0372,0.0128,21.6854,19.694,17.5867,1
-0.0371,0.0129,21.729,19.6157,17.596,1
-0.037,0.013,21.7159,19.6157,17.5728,1
-0.0369,0.0131,21.7246,19.6157,17.5821,1
-0.0368,0.0132,21.6374,19.6065,17.6146,1
-0.0367,0.0133,21.5588,19.6296,17.5867,1
-0.0366,0.0134,21.5763,19.6756,17.5589,1
-0.0365,0.0135,21.5719,19.6848,17.5589,1
-0.0364,0.0136,21.5676,19.6756,17.6331,1
-0.0363,0.0137,21.5937,19.6664,17.6238,1
-0.0362,0.0138,21.6286,19.6664,17.5867,1
-0.0361,0.0139,21.6243,19.6526,17.6238,1
-0.036,0.014,21.6461,19.6203,17.6888,1
-0.0359,0.0141,21.6548,19.5973,17.6795,1
-0.0358,0.0142,21.6635,19.6388,17.6563,1
-0.0357,0.0143,21.6505,19.6802,17.6517,1
-0.0356,0.0144,21.633,19.671,17.6656,1
-0.0355,0.0145,21.5981,19.6296,17.7166,0.999236
-0.0354,0.0146,21.5763,19.5743,17.763,1
-0.0353,0.0147,21.5719,19.6065,17.6841,1
-0.0352,0.0148,21.585,19.648,17.5404,0.999236
-0.0351,0.0149,21.5545,19.6111,17.4662,0.999236
-0.035,0.015,21.5719,19.5374,17.4291,0.99976
-0.0349,0.0151,21.5458,19.5558,17.4152,0.998713
-0.0348,0.0152,21.5501,19.5973,17.494,0.998713
-0.0347,0.0153,21.5719,19.6111,17.5265,0.999236
-0.0346,0.0154,21.6025,19.6526,17.4615,0.998189
-0.0345,0.0155,21.633,19.7171,17.4662,0.996619
-0.0344,0.0156,21.5894,19.7217,17.5496,0.997143
-0.0343,0.0157,21.5632,19.7447,17.6053,0.997666
-0.0342,0.0158,21.6548,19.7954,17.5914,0.997666
-0.0341,0.0159,21.7072,19.8092,17.5821,0.997143
-0.034,0.016,21.7028,19.7677,17.5635,0.997666
-0.0339,0.0161,21.6941,19.7125,17.5914,0.996619
-0.0338,0.0162,21.6766,19.6664,17.6053,0.998713
-0.0337,0.0163,21.633,19.6342,17.6099,0.998189
-0.0336,0.0164,21.6112,19.6065,17.6656,0.996619
-0.0335,0.0165,21.6199,19.6111,17.6378,0.997666
-0.0334,0.0166,21.5676,19.6019,17.6192,1
-0.0333,0.0167,21.6199,19.5512,17.6331,0.99976
-0.0332,0.0168,21.5894,19.5835,17.6424,0.998713
-0.0331,0.0169,21.5981,19.6296,17.6424,0.997666
-0.033,0.017,21.6505,19.7447,17.6331,0.998189
-0.0329,0.0171,21.6635,19.7816,17.6702,0.998189
-0.0328,0.0172,21.6723,19.7908,17.6517,0.995049
-0.0327,0.0173,21.6679,19.823,17.6888,0.99976
-0.0326,0.0174,21.6679,19.7493,17.7583,1
-0.0325,0.0175,21.681,19.6986,17.6795,1
-0.0324,0.0176,21.7072,19.7263,17.6841,0.998189
-0.0323,0.0177,21.6941,19.6618,17.6517,0.998189
-0.0322,0.0178,21.6548,19.6434,17.6285,0.997666
-0.0321,0.0179,21.6068,19.6664,17.5635,0.996619
-0.032,0.018,21.5894,19.6342,17.545,0.996096
-0.0319,0.0181,21.5676,19.6388,17.5496,0.995049
-0.0318,0.0182,21.585,19.6526,17.545,0.994526
-0.0317,0.0183,21.6156,19.694,17.5357,0.996619
-0.0316,0.0184,21.6374,19.6434,17.545,0.998189
-0.0315,0.0185,21.6112,19.6065,17.5265,0.997143
-0.0314,0.0186,21.5937,19.6526,17.4986,0.997666
-0.0313,0.0187,21.5719,19.6894,17.4708,0.998713
-0.0312,0.0188,21.5588,19.6756,17.5172,0.997666
-0.0311,0.0189,21.5981,19.6388,17.5404,0.998189
-0.031,0.019,21.5719,19.6848,17.5867,0.997143
-0.0309,0.0191,21.5632,19.7079,17.6099,0.997143
-0.0308,0.0192,21.5937,19.6756,17.596,0.998189
-0.0307,0.0193,21.6025,19.6342,17.5404,0.997666
-0.0306,0.0194,21.5807,19.6249,17.5218,1
-0.0305,0.0195,21.5501,19.5927,17.5496,0.99976
-0.0304,0.0196,21.4672,19.671,17.5218,0.994003
-0.0303,0.0197,21.5196,19.6986,17.5635,0.998713
-0.0302,0.0198,21.6025,19.6618,17.5728,0.998713
-0.0301,0.0199,21.6068,19.5651,17.5775,0.999236
-0.03,0.02,21.5676,19.5006,17.6007,1
-0.0299,0.0201,21.5719,19.4729,17.5867,0.99976
-0.0298,0.0202,21.6374,19.5052,17.5821,0.99976
-0.0297,0.0203,21.6374,19.5374,17.6007,0.996619
-0.0296,0.0204,21.6897,19.542,17.6007,0.99976
-0.0295,0.0205,21.7595,19.4867,17.6424,1
-0.0294,0.0206,21.7377,19.5098,17.6609,1
-0.0293,0.0207,21.7115,19.6388,17.6656,0.998713
-0.0292,0.0208,21.7726,19.671,17.647,1
-0.0291,0.0209,21.7595,19.6572,17.5775,1
-0.029,0.021,21.7333,19.648,17.5589,0.997666
-0.0289,0.0211,21.6635,19.6019,17.5218,0.998713
-0.0288,0.0212,21.6112,19.6065,17.5404,1
-0.0287,0.0213,21.6374,19.5973,17.5357,0.995573
-0.0286,0.0214,21.6156,19.6157,17.545,1
-0.0285,0.0215,21.6112,19.6388,17.596,0.998713
-0.0284,0.0216,21.6505,19.6203,17.6007,0.999236
-0.0283,0.0217,21.6374,19.6526,17.5775,0.999236
-0.0282,0.0218,21.6243,19.671,17.5218,0.998713
-0.0281,0.0219,21.6635,19.7033,17.6192,0.998713
-0.028,0.022,21.7246,19.7309,17.647,1
-0.0279,0.0221,21.8162,19.7447,17.6378,1
-0.0278,0.0222,21.8511,19.7862,17.6192,0.99976
-0.0277,0.0223,21.8686,19.7263,17.6285,0.998189
-0.0276,0.0224,21.7857,19.7355,17.5821,0.995049
-0.0275,0.0225,21.7246,19.7401,17.5728,1
-0.0274,0.0226,21.7508,19.6618,17.6331,0.998189
-0.0273,0.0227,21.6679,19.6756,17.6192,1
-0.0272,0.0228,21.6156,19.671,17.5914,1
-0.0271,0.0229,21.6461,19.6203,17.5728,1
-0.027,0.023,21.6025,19.5881,17.5496,1
-0.0269,0.0231,21.5937,19.5973,17.5543,0.997143
-0.0268,0.0232,21.6199,19.5973,17.4754,1
-0.0267,0.0233,21.6592,19.5466,17.4986,1
-0.0266,0.0234,21.6243,19.519,17.5496,0.99976
-0.0265,0.0235,21.5501,19.5466,17.6099,0.99976
-0.0264,0.0236,21.6156,19.5512,17.6007,1
-0.0263,0.0237,21.6592,19.542,17.5775,0.99976
-0.0262,0.0238,21.6854,19.5697,17.5404,0.99976
-0.0261,0.0239,21.6766,19.6019,17.4847,0.998713
-0.026,0.024,21.6941,19.6434,17.4337,0.999236
-0.0259,0.0241,21.7246,19.648,17.4754,0.997666
-0.0258,0.0242,21.7115,19.671,17.4708,0.997666
-0.0257,0.0243,21.729,19.648,17.5265,0.997143
-0.0256,0.0244,21.7246,19.5835,17.5496,0.998713
-0.0255,0.0245,21.681,19.5651,17.5543,0.998189
-0.0254,0.0246,21.6635,19.6111,17.5682,0.998189
-0.0253,0.0247,21.6505,19.6388,17.5775,0.998189
-0.0252,0.0248,21.6068,19.6848,17.5311,0.996619
-0.0251,0.0249,21.4847,19.6756,17.5033,0.996619
-0.025,0.025,21.4454,19.6664,17.5079,0.999236
-0.0249,0.0251,21.476,19.6572,17.4754,0.998189
-0.0248,0.0252,21.4847,19.6111,17.4986,0.997143
-0.0247,0.0253,21.5545,19.6111,17.494,0.996096
-0.0246,0.0254,21.5676,19.6111,17.5218,0.997666
-0.0245,0.0255,21.5196,19.6157,17.5589,0.994003
-0.0244,0.0256,21.5414,19.6296,17.5218,0.998189
-0.0243,0.0257,21.6417,19.6249,17.5033,0.998189
-0.0242,0.0258,21.6505,19.6342,17.4847,0.995573
-0.0241,0.0259,21.633,19.6342,17.4615,0.997143
-0.024,0.026,21.6635,19.6434,17.5357,0.993476
-0.0239,0.0261,21.6766,19.648,17.5496,0.997143
-0.0238,0.0262,21.6766,19.6572,17.545,0.995049
-0.0237,0.0263,21.6286,19.6802,17.5404,0.995049
-0.0236,0.0264,21.6505,19.6986,17.5821,0.994003
-0.0235,0.0265,21.6723,19.7539,17.5821,0.997143
-0.0234,0.0266,21.6286,19.7816,17.5821,0.997666
-0.0233,0.0267,21.6199,19.7263,17.5775,0.996619
-0.0232,0.0268,21.5981,19.6802,17.6007,1
-0.0231,0.0269,21.633,19.6664,17.6192,0.996096
-0.023,0.027,21.6156,19.7677,17.5589,0.994003
-0.0229,0.0271,21.6025,19.7631,17.5496,0.996619
-0.0228,0.0272,21.6635,19.7355,17.5914,0.997666
-0.0227,0.0273,21.5894,19.7033,17.6238,0.996096
-0.0226,0.0274,21.5894,19.694,17.5682,0.997666
-0.0225,0.0275,21.729,19.6756,17.5218,0.997143
-0.0224,0.0276,21.7203,19.6434,17.5357,0.995049
-0.0223,0.0277,21.7377,19.671,17.5172,0.999236
-0.0222,0.0278,21.7464,19.6664,17.5218,0.998713
-0.0221,0.0279,21.6766,19.6157,17.5079,0.998189
-0.022,0.028,21.6592,19.6388,17.4894,0.997666
-0.0219,0.0281,21.6766,19.6203,17.4523,0.998713
-0.0218,0.0282,21.6592,19.6157,17.4244,0.996619
-0.0217,0.0283,21.6243,19.5697,17.4291,0.997666
-0.0216,0.0284,21.5458,19.5743,17.4198,0.997666
-0.0215,0.0285,21.5632,19.6157,17.4291,0.998189
-0.0214,0.0286,21.5414,19.6664,17.4894,0.997666
-0.0213,0.0287,21.5588,19.7079,17.5218,1
-0.0212,0.0288,21.585,19.7033,17.5635,0.997666
-0.0211,0.0289,21.6156,19.694,17.5404,1
-0.021,0.029,21.6592,19.6065,17.5218,0.998189
-0.0209,0.0291,21.6635,19.6157,17.5218,0.997143
-0.0208,0.0292,21.6854,19.6756,17.5265,0.997666
-0.0207,0.0293,21.6854,19.6618,17.4801,1
-0.0206,0.0294,21.6156,19.6434,17.5218,1
-0.0205,0.0295,21.5763,19.5558,17.5821,1
-0.0204,0.0296,21.5894,19.5512,17.5821,0.998713
-0.0203,0.0297,21.585,19.5374,17.5682,0.997666
-0.0202,0.0298,21.5807,19.5144,17.5728,1
-0.0201,0.0299,21.6068,19.5328,17.5496,0.998713
-0.02,0.03,21.6199,19.5512,17.5357,0.999236
-0.0199,0.0301,21.5981,19.5651,17.5311,0.999236
-0.0198,0.0302,21.5763,19.5743,17.5311,0.998713
-0.0197,0.0303,21.5676,19.5697,17.5543,1
-0.0196,0.0304,21.5981,19.5835,17.5496,0.996619
-0.0195,0.0305,21.6199,19.5973,17.5496,1
-0.0194,0.0306,21.6417,19.6111,17.5079,0.999236
-0.0193,0.0307,21.6548,19.5328,17.5589,0.997666
-0.0192,0.0308,21.6461,19.5651,17.5589,0.996096
-0.0191,0.0309,21.6592,19.6065,17.5496,1
-0.019,0.031,21.6505,19.6526,17.596,1
-0.0189,0.0311,21.6374,19.6894,17.5821,0.99976
-0.0188,0.0312,21.633,19.694,17.6285,0.99976
-0.0187,0.0313,21.6897,19.7125,17.6424,0.997666
-0.0186,0.0314,21.7159,19.7079,17.6424,0.999236
-0.0185,0.0315,21.7682,19.6802,17.596,0.99976
-0.0184,0.0316,21.7508,19.6526,17.5821,0.997143
-0.0183,0.0317,21.7159,19.6203,17.6007,1
-0.0182,0.0318,21.681,19.6019,17.6934,0.998713
-0.0181,0.0319,21.6548,19.5835,17.6888,0.997666
-0.018,0.032,21.7595,19.5512,17.6192,0.99976
-0.0179,0.0321,21.7682,19.5144,17.5914,1
-0.0178,0.0322,21.7421,19.4821,17.5543,0.998189
-0.0177,0.0323,21.6635,19.5697,17.5311,1
-0.0176,0.0324,21.6679,19.6756,17.4662,0.99976
-0.0175,0.0325,21.6025,19.6618,17.4894,0.99976
-0.0174,0.0326,21.6417,19.6618,17.5357,0.997666
-0.0173,0.0327,21.6766,19.648,17.4986,0.998713
-0.0172,0.0328,21.6897,19.6572,17.4754,1
-0.0171,0.0329,21.6635,19.6756,17.5125,0.997666
-0.017,0.033,21.6635,19.6526,17.5357,0.997666
-0.0169,0.0331,21.6505,19.6342,17.4615,0.99976
-0.0168,0.0332,21.6461,19.5605,17.4337,0.99976
-0.0167,0.0333,21.6068,19.5282,17.4847,0.998713
-0.0166,0.0334,21.6286,19.5236,17.5125,0.997666
-0.0165,0.0335,21.633,19.5236,17.5172,0.998713
-0.0164,0.0336,21.681,19.5743,17.5589,1
-0.0163,0.0337,21.7203,19.6342,17.5821,0.998189
-0.0162,0.0338,21.7072,19.6526,17.5635,0.997666
-0.0161,0.0339,21.6854,19.648,17.6007,0.996619
-0.016,0.034,21.5894,19.6157,17.6146,0.996619
-0.0159,0.0341,21.5588,19.6388,17.5914,0.997666
-0.0158,0.0342,21.6199,19.6203,17.5172,0.999236
-0.0157,0.0343,21.6243,19.5697,17.4847,0.99976
-0.0156,0.0344,21.6505,19.5052,17.4523,0.998713
-0.0155,0.0345,21.6679,19.519,17.392,0.999236
-0.0154,0.0346,21.6679,19.5328,17.4476,0.99976
-0.0153,0.0347,21.6679,19.5374,17.4894,0.999236
-0.0152,0.0348,21.6723,19.5558,17.5496,0.999236
-0.0151,0.0349,21.6461,19.5927,17.5867,0.998713
-0.015,0.035,21.6592,19.6019,17.6424,0.99976
-0.0149,0.0351,21.6548,19.6111,17.6285,0.996619
-0.0148,0.0352,21.6156,19.5973,17.5728,0.995573
-0.0147,0.0353,21.5937,19.6157,17.5821,0.999236
-0.0146,0.0354,21.5632,19.6802,17.5821,0.997666
-0.0145,0.0355,21.5719,19.6756,17.545,0.997666
-0.0144,0.0356,21.5894,19.6618,17.596,0.998189
-0.0143,0.0357,21.5632,19.6526,17.6192,0.997666
-0.0142,0.0358,21.5894,19.6986,17.6007,0.997666
-0.0141,0.0359,21.6374,19.6756,17.5589,0.997666
-0.014,0.036,21.6374,19.6296,17.5311,0.998189
-0.0139,0.0361,21.6592,19.6342,17.5357,1
-0.0138,0.0362,21.6505,19.6802,17.5079,0.997666
-0.0137,0.0363,21.6505,19.7033,17.4801,0.998713
-0.0136,0.0364,21.633,19.6894,17.4847,1
-0.0135,0.0365,21.6417,19.6802,17.5125,0.996619
-0.0134,0.0366,21.6854,19.6296,17.4894,0.997666
-0.0133,0.0367,21.6723,19.6296,17.4662,0.999236
-0.0132,0.0368,21.6417,19.6342,17.545,0.996096
-0.0131,0.0369,21.6286,19.7079,17.5265,0.998189
-0.013,0.037,21.5807,19.694,17.5125,0.998713
-0.0129,0.0371,21.5719,19.6572,17.5357,0.998713
-0.0128,0.0372,21.5676,19.6296,17.5728,0.997143
-0.0127,0.0373,21.6156,19.6342,17.5867,0.999236
-0.0126,0.0374,21.6417,19.5927,17.5682,0.998713
-0.0125,0.0375,21.6548,19.6157,17.5033,0.997143
-0.0124,0.0376,21.6156,19.6157,17.4801,0.998189
-0.0123,0.0377,21.633,19.6572,17.5635,1
-0.0122,0.0378,21.6505,19.6526,17.5543,0.998189
-0.0121,0.0379,21.6635,19.6618,17.5821,0.999236
-0.012,0.038,21.6635,19.7033,17.5914,0.997666
-0.0119,0.0381,21.6374,19.6756,17.545,0.998189
-0.0118,0.0382,21.6068,19.6342,17.5404,0.998189
-0.0117,0.0383,21.6156,19.5927,17.5265,1
-0.0116,0.0384,21.6112,19.5789,17.5218,0.99976
-0.0115,0.0385,21.5763,19.6065,17.5172,0.995049
-0.0114,0.0386,21.5937,19.5927,17.5404,0.998189
-0.0113,0.0387,21.6199,19.5927,17.5543,0.996619
-0.0112,0.0388,21.6199,19.5743,17.4986,0.997666
-0.0111,0.0389,21.6286,19.5651,17.5311,0.996096
-0.011,0.039,21.6156,19.5881,17.5589,0.997143
-0.0109,0.0391,21.633,19.6065,17.5775,0.998189
-0.0108,0.0392,21.6156,19.5743,17.545,0.998713
-0.0107,0.0393,21.633,19.6203,17.5311,0.99976
-0.0106,0.0394,21.6156,19.6249,17.5265,0.998713
-0.0105,0.0395,21.6374,19.5973,17.5496,0.996096
-0.0104,0.0396,21.6941,19.6157,17.6146,0.997666
-0.0103,0.0397,21.7159,19.6802,17.6285,0.997666
-0.0102,0.0398,21.7028,19.694,17.6192,0.998189
-0.0101,0.0399,21.6854,19.7033,17.6007,0.996096
-0.01,0.04,21.6417,19.7309,17.5635,0.997666
-0.0099,0.0401,21.6461,19.7125,17.5867,0.997143
-0.0098,0.0402,21.6156,19.6526,17.5867,0.998189
-0.0097,0.0403,21.6243,19.6296,17.545,0.998713
-0.0096,0.0404,21.6548,19.6203,17.5033,0.996096
-0.0095,0.0405,21.6417,19.6019,17.4662,0.995573
-0.0094,0.0406,21.6592,19.6203,17.4383,0.996619
-0.0093,0.0407,21.6505,19.6848,17.5079,0.997143
-0.0092,0.0408,21.6766,19.7033,17.4476,1
-0.0091,0.0409,21.6679,19.648,17.4708,0.996619
-0.009,0.041,21.6243,19.5973,17.5172,0.992953
-0.0089,0.0411,21.6417,19.5881,17.5496,0.995573
-0.0088,0.0412,21.6286,19.5835,17.5543,0.994526
-0.0087,0.0413,21.6374,19.5651,17.5543,0.997143
-0.0086,0.0414,21.6635,19.6249,17.5589,0.994526
-0.0085,0.0415,21.6941,19.694,17.5867,0.997143
-0.0084,0.0416,21.681,19.7079,17.6331,0.994003
-0.0083,0.0417,21.681,19.6756,17.6563,0.992429
-0.0082,0.0418,21.6897,19.6526,17.647,0.994526
-0.0081,0.0419,21.681,19.7033,17.5867,0.994526
-0.008,0.042,21.6766,19.6894,17.5589,0.989812
-0.0079,0.0421,21.6635,19.6756,17.5033,0.992429
-0.0078,0.0422,21.6548,19.6342,17.4615,0.987719
-0.0077,0.0423,21.6286,19.6203,17.5125,0.990336
-0.0076,0.0424,21.5807,19.6249,17.4708,0.994526
-0.0075,0.0425,21.5807,19.5835,17.4801,0.988242
-0.0074,0.0426,21.5719,19.5743,17.5033,0.988766
-0.0073,0.0427,21.6199,19.5973,17.5821,0.986672
-0.0072,0.0428,21.6505,19.6249,17.6378,0.985626
-0.0071,0.0429,21.6286,19.5881,17.6609,0.983006
-0.007,0.043,21.6548,19.6111,17.7212,0.986672
-0.0069,0.0431,21.6417,19.6526,17.6702,0.985626
-0.0068,0.0432,21.6286,19.6664,17.5914,0.984576
-0.0067,0.0433,21.6199,19.6019,17.6285,0.988242
-0.0066,0.0434,21.6243,19.5697,17.6146,0.987719
-0.0065,0.0435,21.6417,19.5651,17.5543,0.989289
-0.0064,0.0436,21.6461,19.5236,17.4662,0.990859
-0.0063,0.0437,21.6374,19.5605,17.4291,0.988242
-0.0062,0.0438,21.633,19.5651,17.4847,0.989289
-0.0061,0.0439,21.6112,19.5743,17.494,0.989289
-0.006,0.044,21.6243,19.6065,17.494,0.986149
-0.0059,0.0441,21.6243,19.6802,17.596,0.989289
-0.0058,0.0442,21.6243,19.7309,17.6238,0.987196
-0.0057,0.0443,21.6374,19.7493,17.6424,0.984052
-0.0056,0.0444,21.6243,19.7493,17.6841,0.986149
-0.0055,0.0445,21.6156,19.8,17.6517,0.986672
-0.0054,0.0446,21.6592,19.823,17.6517,0.988242
-0.0053,0.0447,21.6941,19.8046,17.6192,0.986149
-0.0052,0.0448,21.7072,19.7816,17.5914,0.985099
-0.0051,0.0449,21.7333,19.7769,17.6007,0.983529
-0.005,0.045,21.7333,19.7309,17.5496,0.984052
-0.0049,0.0451,21.7464,19.6802,17.5218,0.983529
-0.0048,0.0452,21.7159,19.6848,17.5079,0.983529
-0.0047,0.0453,21.6679,19.6434,17.5172,0.981959
-0.0046,0.0454,21.6505,19.5973,17.5543,0.984052
-0.0045,0.0455,21.6286,19.5881,17.4986,0.983529
-0.0044,0.0456,21.6112,19.5374,17.4754,0.981959
-0.0043,0.0457,21.6505,19.5558,17.494,0.980912
-0.0042,0.0458,21.6723,19.5743,17.494,0.981959
-0.0041,0.0459,21.6548,19.542,17.5543,0.981959
-0.004,0.046,21.6505,19.5605,17.6146,0.981959
-0.0039,0.0461,21.6286,19.5558,17.5821,0.976199
-0.0038,0.0462,21.6374,19.5789,17.5867,0.979342
-0.0037,0.0463,21.6112,19.6249,17.5728,0.980912
-0.0036,0.0464,21.6243,19.6756,17.5404,0.979342
-0.0035,0.0465,21.6679,19.694,17.5357,0.976199
-0.0034,0.0466,21.681,19.7309,17.4986,0.976199
-0.0033,0.0467,21.6505,19.7171,17.5357,0.974629
-0.0032,0.0468,21.6635,19.7079,17.494,0.975675
-0.0031,0.0469,21.6897,19.694,17.4615,0.977249
-0.003,0.047,21.6854,19.648,17.5033,0.975152
-0.0029,0.0471,21.6635,19.6434,17.4615,0.975152
-0.0028,0.0472,21.6505,19.5651,17.4383,0.976199
-0.0027,0.0473,21.6025,19.5282,17.4244,0.976199
-0.0026,0.0474,21.5763,19.5052,17.4801,0.974105
-0.0025,0.0475,21.5632,19.4914,17.5635,0.977249
-0.0024,0.0476,21.5545,19.496,17.5728,0.981435
-0.0023,0.0477,21.5501,19.542,17.5125,0.979865
-0.0022,0.0478,21.585,19.6111,17.5682,0.975675
-0.0021,0.0479,21.6025,19.6848,17.5821,0.977772
-0.002,0.048,21.6243,19.7309,17.6007,0.980912
-0.0019,0.0481,21.6854,19.7862,17.6238,0.979342
-0.0018,0.0482,21.6854,19.6802,17.5635,0.977249
-0.0017,0.0483,21.6243,19.648,17.5914,0.975675
-0.0016,0.0484,21.6025,19.6756,17.596,0.973058
-0.0015,0.0485,21.6068,19.6526,17.5914,0.970965
-0.0014,0.0486,21.6068,19.6203,17.6795,0.974105
-0.0013,0.0487,21.6286,19.5835,17.7073,0.973058
-0.0012,0.0488,21.6592,19.5881,17.7259,0.968872
-0.0011,0.0489,21.6505,19.6434,17.7351,0.972535
-0.001,0.049,21.6548,19.6526,17.7583,0.970965
-0.0009,0.0491,21.6854,19.671,17.7769,0.968348
-0.0008,0.0492,21.681,19.7447,17.749,0.967822
-0.0007,0.0493,21.6635,19.7309,17.7351,0.966775
-0.0006,0.0494,21.6723,19.7908,17.6888,0.969395
-0.0005,0.0495,21.6505,19.8368,17.6517,0.964681
-0.0004,0.0496,21.7028,19.7816,17.6424,0.963635
-0.0003,0.0497,21.7333,19.7816,17.6748,0.958398
-0.0002,0.0498,21.7682,19.7816,17.7027,0.957351
-0.0001,0.0499,21.7726,19.7862,17.6748,0.957875
0,0.05,21.7333,19.7769,17.6424,0.955258
0.0001,0.0501,21.7115,19.7125,17.6099,0.954734
0.0002,0.0502,21.7246,19.6618,17.5404,0.957351
0.0003,0.0503,21.6854,19.6296,17.5635,0.952641
0.0004,0.0504,21.6286,19.6249,17.596,0.952641
0.0005,0.0505,21.5981,19.6019,17.6424,0.948451
0.0006,0.0506,21.585,19.5558,17.6656,0.952641
0.0007,0.0507,21.5588,19.5697,17.6702,0.951594
0.0008,0.0508,21.6025,19.6065,17.6609,0.953164
0.0009,0.0509,21.5937,19.6019,17.6099,0.951068
0.001,0.051,21.6112,19.671,17.5589,0.946357
0.0011,0.0511,21.6156,19.7217,17.596,0.945311
0.0012,0.0512,21.6374,19.6894,17.6146,0.942167
0.0013,0.0513,21.6374,19.6756,17.6656,0.939551
0.0014,0.0514,21.633,19.6065,17.6888,0.933267
0.0015,0.0515,21.681,19.5743,17.6748,0.929603
0.0016,0.0516,21.6941,19.5651,17.6841,0.925413
0.0017,0.0517,21.6461,19.5651,17.6934,0.922273
0.0018,0.0518,21.5981,19.5973,17.6748,0.916513
0.0019,0.0519,21.585,19.5743,17.6656,0.910233
0.002,0.052,21.5676,19.5558,17.7073,0.903949
0.0021,0.0521,21.5632,19.5743,17.749,0.895049
0.0022,0.0522,21.4978,19.5236,17.7305,0.891905
0.0023,0.0523,21.4629,19.5144,17.6748,0.878818
0.0024,0.0524,21.4672,19.5098,17.6702,0.868871
0.0025,0.0525,21.4629,19.5512,17.6795,0.862064
0.0026,0.0526,21.5065,19.6203,17.6424,0.848974
0.0027,0.0527,21.5414,19.5973,17.6702,0.835363
0.0028,0.0528,21.6374,19.6019,17.7444,0.827509
0.0029,0.0529,21.7028,19.6434,17.7583,0.814942
0.003,0.053,21.7726,19.6756,17.7305,0.799238
0.0031,0.0531,21.7857,19.6802,17.749,0.786148
0.0032,0.0532,21.7115,19.6618,17.8603,0.770964
0.0033,0.0533,21.6941,19.6664,17.8789,0.75997
0.0034,0.0534,21.6548,19.7125,17.9392,0.748453
0.0035,0.0535,21.6548,19.7355,17.9902,0.730126
0.0036,0.0536,21.633,19.7585,17.9948,0.711278
0.0037,0.0537,21.5937,19.823,18.0598,0.696094
0.0038,0.0538,21.6025,19.8276,18.2081,0.683007
0.0039,0.0539,21.6548,19.8046,18.2963,0.672013
0.004,0.054,21.633,19.7954,18.2545,0.657353
0.0041,0.0541,21.6505,19.7816,18.2963,0.649499
0.0042,0.0542,21.6941,19.7677,18.44,0.639029
0.0043,0.0543,21.6854,19.7355,18.6301,0.624892
0.0044,0.0544,21.7246,19.7263,18.8017,0.600807
0.0045,0.0545,21.7377,19.6986,18.978,0.594
0.0046,0.0546,21.6984,19.7033,18.9965,0.58039
0.0047,0.0547,21.7246,19.7677,19.0011,0.570443
0.0048,0.0548,21.7508,19.7816,19.1542,0.559446
0.0049,0.0549,21.7944,19.8276,19.2933,0.553166
0.005,0.055,21.8337,19.8138,19.3721,0.542692
0.0051,0.0551,21.8031,19.7493,19.437,0.528558
0.0052,0.0552,21.7552,19.7171,19.6086,0.512851
0.0053,0.0553,21.7333,19.671,19.8127,0.50133
0.0054,0.0554,21.6679,19.6894,20.0353,0.481959
0.0055,0.0555,21.6286,19.7125,20.179,0.468872
0.0056,0.0556,21.5239,19.694,20.3692,0.463635
0.0057,0.0557,21.4541,19.7125,20.5871,0.450022
0.0058,0.0558,21.537,19.6802,20.8004,0.439551
0.0059,0.0559,21.5807,19.6756,21.0648,0.424367
0.006,0.056,21.6156,19.6388,21.4172,0.406567
0.0061,0.0561,21.6461,19.6249,21.8207,0.386149
0.0062,0.0562,21.6068,19.6157,22.2798,0.378819
0.0063,0.0563,21.6112,19.6296,22.7621,0.369395
0.0064,0.0564,21.537,19.7171,23.351,0.361018
0.0065,0.0565,21.5327,19.671,23.9863,0.351594
0.0066,0.0566,21.5763,19.6756,24.6356,0.340077
0.0067,0.0567,21.5763,19.6802,25.3637,0.32437
0.0068,0.0568,21.5894,19.6802,26.0593,0.308663
0.0069,0.0569,21.5676,19.6986,26.8198,0.295049
0.007,0.057,21.5501,19.694,27.5665,0.291385
0.0071,0.0571,21.5545,19.6894,28.3224,0.281962
0.0072,0.0572,21.5719,19.7217,29.0876,0.273061
0.0073,0.0573,21.537,19.7263,29.9687,0.257354
0.0074,0.0574,21.5327,19.7033,30.9333,0.241123
0.0075,0.0575,21.5501,19.7125,31.9535,0.232746
0.0076,0.0576,21.6025,19.6986,33.0109,0.222276
0.0077,0.0577,21.5894,19.7309,34.0822,0.213376
0.0078,0.0578,21.5807,19.7908,35.1674,0.205522
0.0079,0.0579,21.6417,19.8553,36.3175,0.193478
0.008,0.058,21.6679,19.8645,37.4769,0.183531
0.0081,0.0581,21.6766,19.8783,38.729,0.171491
0.0082,0.0582,21.7377,19.9059,40.0136,0.160494
0.0083,0.0583,21.7726,19.9566,41.391,0.151593
0.0084,0.0584,21.7813,19.9934,42.8287,0.137983
0.0085,0.0585,21.7857,20.0625,44.3823,0.128036
0.0086,0.0586,21.7813,20.1178,45.9962,0.119659
0.0087,0.0587,21.79,20.1224,47.7075,0.112328
0.0088,0.0588,21.825,20.1869,49.5394,0.106568
0.0089,0.0589,21.8642,20.2836,51.4131,0.093481
0.009,0.059,21.8904,20.3159,53.3331,0.0866741
0.0091,0.0591,21.8729,20.2606,55.3784,0.0835307
0.0092,0.0592,21.8293,20.3021,57.5071,0.0751537
0.0093,0.0593,21.7944,20.408,59.7101,0.0678267
0.0094,0.0594,21.729,20.6107,61.9316,0.0720136
0.0095,0.0595,21.7203,20.7719,64.2134,0.0746304
0.0096,0.0596,21.729,20.9562,66.5927,0.0913843
0.0097,0.0597,21.7682,21.0206,69.0925,0.090861
0.0098,0.0598,21.8424,21.0759,71.7733,0.0919077
0.0099,0.0599,21.8599,21.2786,74.2082,0.0950511
0.01,0.06,21.8293,21.4168,75.8269,0.0861508
0.0101,0.0601,21.7988,21.5181,76.6432,0.0819606
0.0102,0.0602,21.7333,21.5918,76.7545,0.0803906
0.0103,0.0603,21.7246,21.7346,76.5736,0.0746304
0.0104,0.0604,21.7377,21.9557,76.5736,0.0735836
0.0105,0.0605,21.7159,22.1031,76.8983,0.074107
0.0106,0.0606,21.7333,22.2505,77.4317,0.0798672
0.0107,0.0607,21.7246,22.5131,77.9882,0.0793438
0.0108,0.0608,21.6897,22.748,78.4381,0.0788205
0.0109,0.0609,21.6984,22.9783,78.8138,0.0762037
0.011,0.061,21.6766,23.2547,79.0921,0.0720136
0.0111,0.0611,21.6548,23.6278,79.3518,0.0683501
0.0112,0.0612,21.6723,24.047,79.7322,0.0615431
0.0113,0.0613,21.6635,24.48,80.1449,0.0599731
0.0114,0.0614,21.7246,25.0052,80.5856,0.0594497
0.0115,0.0615,21.7072,25.6224,80.9149,0.0652067
0.0116,0.0616,21.6941,26.2535,81.3091,0.0625899
0.0117,0.0617,21.729,26.9261,81.7312,0.0662534
0.0118,0.0618,21.7246,27.6401,82.0976,0.0662534
0.0119,0.0619,21.7333,28.3818,82.4918,0.0631132
0.012,0.062,21.7421,29.1373,82.9974,0.0631132
0.0121,0.0621,21.777,29.9573,83.4844,0.0599731
0.0122,0.0622,21.8468,30.7634,83.8461,0.0563063
0.0123,0.0623,21.7813,31.6617,84.0456,0.0563063
0.0124,0.0624,21.7246,32.6199,84.1569,0.0589231
0.0125,0.0625,21.7115,33.6933,84.2914,0.0620665
0.0126,0.0626,21.7203,34.7805,84.4769,0.0636366
0.0127,0.0627,21.7813,35.8678,84.5883,0.0625899
0.0128,0.0628,21.8817,37.0287,84.7784,0.0599731
0.0129,0.0629,21.9645,38.2634,85.0057,0.0604964
0.013,0.063,22.0038,39.5257,85.1031,0.0531662
0.0131,0.0631,21.9558,40.871,85.1727,0.0526428
0.0132,0.0632,21.9689,42.2209,85.1541,0.0526428
0.0133,0.0633,21.9951,43.6399,85.0845,0.0547362
0.0134,0.0634,22.0474,45.188,84.9825,0.055783
0.0135,0.0635,22.1303,46.8512,84.9361,0.0631132
0.0136,0.0636,22.1739,48.6573,84.9176,0.0568297
0.0137,0.0637,22.187,50.5925,84.9083,0.0652067
0.0138,0.0638,22.2437,52.6152,84.8897,0.0625899
0.0139,0.0639,22.3441,54.6702,84.8248,0.0563063
0.014,0.064,22.3615,56.8036,84.7181,0.0521194
0.0141,0.0641,22.331,59.0661,84.6161,0.0500228
0.0142,0.0642,22.3615,61.3792,84.5372,0.0479293
0.0143,0.0643,22.4749,63.757,84.5048,0.0531662
0.0144,0.0644,22.6276,66.273,84.5001,0.0536895
0.0145,0.0645,22.7541,68.9135,84.5001,0.0583997
0.0146,0.0646,22.8632,71.72,84.5187,0.0563063
0.0147,0.0647,22.7978,74.2915,84.5836,0.0542129
0.0148,0.0648,22.7934,75.8815,84.6022,0.0536895
0.0149,0.0649,22.9025,76.5728,84.6717,0.0515961
0.015,0.065,22.9766,76.5958,84.6996,0.0500228
0.0151,0.0651,23.0464,76.4944,84.7367,0.0505461
0.0152,0.0652,23.1075,76.6603,84.8341,0.0531662
0.0153,0.0653,23.2296,77.135,84.9686,0.0578764
0.0154,0.0654,23.3998,77.9231,85.1031,0.0620665
0.0155,0.0655,23.5132,78.7527,85.2005,0.0599731
0.0156,0.0656,23.7008,79.5085,85.3118,0.055783
0.0157,0.0657,23.932,80.1676,85.437,0.0521194
0.0158,0.0658,24.1981,80.7206,85.6133,0.0484527
0.0159,0.0659,24.4467,81.2414,85.8313,0.0505461
0.016,0.066,24.8263,81.8498,85.938,0.047406
0.0161,0.0661,25.2363,82.4812,86.0539,0.048976
0.0162,0.0662,25.7031,83.0204,86.1838,0.047406
0.0163,0.0663,26.2222,83.4076,86.258,0.0484527
0.0164,0.0664,26.8199,83.8362,86.2997,0.048976
0.0165,0.0665,27.4481,84.2049,86.3693,0.0484527
0.0166,0.0666,28.1679,84.5229,86.3739,0.0494994
0.0167,0.0667,28.9356,84.8686,86.3786,0.0479293
0.0168,0.0668,29.6467,85.205,86.3136,0.0479293
0.0169,0.0669,30.3404,85.4908,86.2812,0.0447892
0.017,0.067,30.986,85.6245,86.2209,0.048976
0.0171,0.0671,31.6883,85.5369,86.0864,0.0463592
0.0172,0.0672,32.4561,85.4355,86.0168,0.0494994
0.0173,0.0673,33.3853,85.3756,85.9843,0.0463592
0.0174,0.0674,34.3713,85.3479,85.9148,0.0447892
0.0175,0.0675,35.2961,85.3848,85.8962,0.0463592
0.0176,0.0676,36.282,85.4862,85.8313,0.048976
0.0177,0.0677,37.3334,85.5738,85.8081,0.0463592
0.0178,0.0678,38.4502,85.5553,85.7663,0.0447892
0.0179,0.0679,39.5932,85.4632,85.706,0.0437425
0.018,0.068,40.7493,85.3387,85.7153,0.0463592
0.0181,0.0681,42.0755,85.2097,85.6411,0.0458359
0.0182,0.0682,43.5195,85.1544,85.604,0.0447892
0.0183,0.0683,45.0857,85.1497,85.6736,0.040599
0.0184,0.0684,46.8176,85.182,85.7153,0.040599
0.0185,0.0685,48.6892,85.2373,85.7571,0.0432191
0.0186,0.0686,50.6742,85.2834,85.7524,0.0379823
0.0187,0.0687,52.7159,85.2604,85.7617,0.0379823
0.0188,0.0688,54.8187,85.2373,85.8359,0.0395523
0.0189,0.0689,57.0481,85.2465,85.8777,0.0353655
0.019,0.069,59.2731,85.2742,85.9704,0.0379823
0.0191,0.0691,61.4806,85.3572,86.0586,0.0358888
0.0192,0.0692,63.8104,85.4032,86.1745,0.0369355
0.0193,0.0693,66.2492,85.4908,86.258,0.0358888
0.0194,0.0694,68.6837,85.6475,86.2905,0.0369355
0.0195,0.0695,70.2238,85.7581,86.3415,0.0379823
0.0196,0.0696,70.6426,85.9056,86.3879,0.0358888
0.0197,0.0697,70.3285,86.0715,86.411,0.0374589
0.0198,0.0698,69.6958,86.1545,86.4574,0.0343187
0.0199,0.0699,69.2988,86.2882,86.4435,0.0343187
0.02,0.07,69.2421,86.4403,86.4853,0.0374589
0.0201,0.0701,69.5519,86.491,86.5873,0.0374589
0.0202,0.0702,70.0012,86.5601,86.5966,0.0358888
0.0203,0.0703,70.2761,86.6338,86.6151,0.0337954
0.0204,0.0704,70.3416,86.6984,86.643,0.0322221
0.0205,0.0705,70.2587,86.7306,86.6708,0.0316987
0.0206,0.0706,70.0929,86.809,86.7218,0.0316987
0.0207,0.0707,69.9053,86.8366,86.7404,0.0353655
0.0208,0.0708,69.6042,86.7767,86.7821,0.0316987
0.0209,0.0709,69.0763,86.6984,86.7728,0.030652
0.021,0.071,68.2823,86.6615,86.7728,0.0296053
0.0211,0.0711,67.3704,86.5739,86.8563,0.0348421
0.0212,0.0712,66.3539,86.4264,86.8285,0.0290819
0.0213,0.0713,65.2501,86.3158,86.8146,0.0332688
0.0214,0.0714,63.9936,86.2651,86.8053,0.0322221
0.0215,0.0715,62.6324,86.1222,86.7821,0.0311753
0.0216,0.0716,61.1796,85.9886,86.745,0.0337954
0.0217,0.0717,59.5698,85.7812,86.7079,0.0332688
0.0218,0.0718,57.7025,85.6152,86.7125,0.0269885
0.0219,0.0719,55.7087,85.4632,86.7311,0.0322221
0.022,0.072,53.9506,85.4447,86.7775,0.030652
0.0221,0.0721,52.8861,85.3802,86.861,0.0332688
0.0222,0.0722,52.3887,85.2788,86.912,0.0322221
0.0223,0.0723,52.2404,85.2558,86.9213,0.030652
0.0224,0.0724,52.0746,85.2327,86.9723,0.0316987
0.0225,0.0725,51.6253,85.182,86.9723,0.0301286
0.0226,0.0726,50.8356,85.1037,86.9166,0.0311753
0.0227,0.0727,49.8584,85.0345,86.8795,0.0316987
0.0228,0.0728,48.855,84.993,86.8517,0.0290819
0.0229,0.0729,47.9432,84.8686,86.8238,0.030652
0.023,0.073,47.1797,84.8179,86.7821,0.0311753
0.0231,0.0731,46.4904,84.7396,86.7357,0.0296053
0.0232,0.0732,45.7662,84.6151,86.7311,0.0296053
0.0233,0.0733,45.0202,84.4123,86.6847,0.0264651
0.0234,0.0734,44.2437,84.2141,86.6244,0.0285585
0.0235,0.0735,43.5239,84.0021,86.6105,0.0280352
0.0236,0.0736,42.8476,83.8039,86.6059,0.0285585
0.0237,0.0737,42.1758,83.4537,86.6615,0.030652
0.0238,0.0738,41.5738,83.1034,86.7264,0.0296053
0.0239,0.0739,40.9892,82.7485,86.8238,0.0290819
0.024,0.074,40.3697,82.3936,86.9676,0.0296053
0.0241,0.0741,39.7197,82.0111,87.0279,0.0290819
0.0242,0.0742,39.1308,81.5871,87.1021,0.0264651
0.0243,0.0743,38.5767,81.1677,87.1717,0.0269885
0.0244,0.0744,38.0663,80.7667,87.1995,0.0296053
0.0245,0.0745,37.4643,80.2736,87.2181,0.0259418
0.0246,0.0746,36.7401,79.7159,87.232,0.0243684
0.0247,0.0747,35.9548,79.1352,87.1856,0.0290819
0.0248,0.0748,34.9777,78.5637,87.1346,0.0269885
0.0249,0.0749,33.8303,77.9231,87.1207,0.0243684
0.025,0.075,32.6001,77.1627,87.0511,0.0238451
0.0251,0.0751,31.2652,76.3516,86.9491,0.0212283
0.0252,0.0752,29.8779,75.5404,86.8053,0.0233217
0.0253,0.0753,28.4601,74.6648,86.7125,0.0254184
0.0254,0.0754,26.9813,73.7708,86.5966,0.0243684
0.0255,0.0755,25.3105,72.7846,86.4435,0.0243684
0.0256,0.0756,23.6048,71.7016,86.3508,0.0264651
0.0257,0.0757,21.9994,70.5495,86.2858,0.0248918
0.0258,0.0758,20.5773,69.3559,86.1513,0.0259418
0.0259,0.0759,19.3733,68.1347,86.0307,0.0264651
0.026,0.076,18.6143,66.8582,85.9658,0.0254184
0.0261,0.0761,18.3569,65.5864,85.924,0.0207049
0.0262,0.0762,18.1911,64.2224,85.7942,0.0269885
0.0263,0.0763,17.9337,62.8307,85.6318,0.0196582
0.0264,0.0764,17.4583,61.4714,85.5762,0.0264651
0.0265,0.0765,16.8519,60.1812,85.5484,0.0207049
0.0266,0.0766,16.2237,58.7757,85.4973,0.0196582
0.0267,0.0767,15.6697,57.3704,85.4788,0.0207049
0.0268,0.0768,15.2509,56.1493,85.4509,0.0186115
0.0269,0.0769,14.8801,55.4673,85.4463,0.0217516
0.027,0.077,14.5181,55.1817,85.4417,0.0186115
0.0271,0.0771,14.2345,55.0895,85.4834,0.0212283
0.0272,0.0772,14.0426,54.9974,85.5066,0.0227984
0.0273,0.0773,13.8725,54.6241,85.3999,0.0159914
0.0274,0.0774,13.8463,53.9007,85.3675,0.0191348
0.0275,0.0775,13.9641,52.9746,85.3118,0.0159914
0.0276,0.0776,13.9728,51.9932,85.2005,0.0170414
0.0277,0.0777,13.8637,51.044,85.0845,0.0186115
0.0278,0.0778,13.8332,50.1824,84.9361,0.016518
0.0279,0.0779,13.8637,49.33,84.681,0.013898
0.028,0.078,13.9204,48.4776,84.361,0.0159914
0.0281,0.0781,14.0862,47.5792,84.027,0.0107579
0.0282,0.0782,14.4003,46.6485,83.6838,0.0149447
0.0283,0.0783,14.8365,45.8053,83.3128,0.0123279
0.0284,0.0784,15.3295,45.0359,82.8536,0.001
0.0285,0.0785,15.8049,44.3264,82.3991,0.001
0.0286,0.0786,16.3546,43.6537,81.9816,0.001
0.0287,0.0787,16.9784,43.041,81.5085,0.001
0.0288,0.0788,17.672,42.3914,81.0679,0.001
0.0289,0.0789,18.4703,41.6819,80.5763,0.001
0.029,0.079,19.3733,40.9678,80.0939,0.001
0.0291,0.0791,20.3941,40.2721,79.5791,0.001
0.0292,0.0792,21.4803,39.6087,79.0179,0.001
0.0293,0.0793,22.6145,38.9821,78.4149,0.001
0.0294,0.0794,23.6833,38.3095,77.7285,0.001
0.0295,0.0795,24.7041,37.5908,77.005,0.001
0.0296,0.0796,25.5679,36.7661,76.1794,0.001
0.0297,0.0797,26.2091,35.8447,75.2889,0.001
0.0298,0.0798,26.5974,34.8266,74.3056,0.001
0.0299,0.0799,26.9464,33.7348,73.3038,0.001
0.03,0.08,27.2648,32.6292,72.2185,0.001
0.0301,0.0801,27.5615,31.4821,71.0822,0.001
0.0302,0.0802,27.9628,30.3212,69.8532,0.001
0.0303,0.0803,28.4383,29.0958,68.5406,0.001
0.0304,0.0804,28.8353,27.8797,67.2142,0.001
0.0305,0.0805,29.1101,26.6129,65.8692,0.001
0.0306,0.0806,29.2846,25.3507,64.4917,0.001
0.0307,0.0807,29.3981,24.0977,63.1838,0.001
0.0308,0.0808,29.4679,23.0014,61.8388,0.001
0.0309,0.0809,29.5202,22.163,60.4011,0.001
0.031,0.081,29.542,21.6195,58.9958,0.001
0.0311,0.0811,29.5246,21.3569,57.5164,0.001
0.0312,0.0812,29.481,21.1496,56.0276,0.001
0.0313,0.0813,29.3937,20.7719,54.4415,0.001
0.0314,0.0814,29.3195,20.0948,52.7395,0.001
0.0315,0.0815,29.3065,19.3025,51.0096,0.001
0.0316,0.0816,29.3413,18.5194,49.5997,0.001
0.0317,0.0817,29.3413,17.7963,48.5609,0.001
0.0318,0.0818,29.241,17.1099,47.7307,0.001
0.0319,0.0819,29.084,16.5204,46.8866,0.001
0.032,0.082,28.9444,15.963,45.7736,0.001
0.0321,0.0821,28.7393,15.4656,44.3081,0.001
0.0322,0.0822,28.4427,15.0741,42.6061,0.001
0.0323,0.0823,28.0937,14.8161,40.751,0.001
0.0324,0.0824,27.7229,14.6733,38.8728,0.001
0.0325,0.0825,27.3172,14.6871,37.0409,0.001
0.0326,0.0826,26.8766,14.7102,35.2601,0.001
0.0327,0.0827,26.4622,14.6964,33.5489,0.001
0.0328,0.0828,26.0085,14.6825,31.8237,0.001
0.0329,0.0829,25.4632,14.7378,30.0661,0.001
0.033,0.083,24.8699,14.9174,28.2435,0.001
0.0331,0.0831,24.2984,15.2261,26.4071,0.001
0.0332,0.0832,23.692,15.7005,24.6959,0.001
0.0333,0.0833,23.1467,16.2118,23.0496,0.001
0.0334,0.0834,22.7541,16.8244,21.612,0.001
0.0335,0.0835,22.5273,17.4877,20.4712,0.001
0.0336,0.0836,22.3702,18.1878,19.5947,0.001
0.0337,0.0837,22.2306,18.8833,18.7461,0.001
0.0338,0.0838,22.0954,19.5651,17.9253,0.001
0.0339,0.0839,21.8904,20.3712,17.0766,0.001
0.034,0.084,21.6374,21.2233,16.0379,0.001
0.0341,0.0841,21.3625,22.1169,14.9249,0.001
0.0342,0.0842,21.0921,23.0613,13.6264,0.001
0.0343,0.0843,20.8827,23.9503,12.1332,0.001
0.0344,0.0844,20.6733,24.7334,10.589,0.001
0.0345,0.0845,20.5511,25.2908,9.05407,0.001
0.0346,0.0846,20.4639,25.604,7.4774,0.001
0.0347,0.0847,20.333,25.7376,5.88683,0.001
0.0348,0.0848,20.224,25.733,4.29162,0.001
0.0349,0.0849,20.1716,25.6547,2.61295,0.001
0.035,0.085,20.176,25.5856,0.90646,0.001
0.0351,0.0851,20.1934,25.5626,-0.72119,0.001
0.0352,0.0852,20.2022,25.6777,-1.68572,0.001
0.0353,0.0853,20.2371,25.756,-0.878853,0.001
0.0354,0.0854,20.2545,25.7606,-0.24356,0.001
0.0355,0.0855,20.224,25.6731,0.0856785,0.001
0.0356,0.0856,20.2152,25.5672,0.24798,0.001
0.0357,0.0857,20.2676,25.4658,0.452016,0.001
0.0358,0.0858,20.3897,25.3875,0.526211,0.001
0.0359,0.0859,20.4726,25.2631,0.530848,0.001
0.036,0.086,20.5381,25.0743,0.628228,0.001
0.0361,0.0861,20.6079,24.8762,0.730247,0.001
0.0362,0.0862,20.6515,24.5722,0.581858,0.001
0.0363,0.0863,20.7344,24.2221,0.586495,0.001
0.0364,0.0864,20.8696,23.8444,0.572583,0.001
0.0365,0.0865,21.0005,23.5265,0.549397,0.001
0.0366,0.0866,21.1488,23.1764,0.572583,0.001
0.0367,0.0867,21.3276,22.7112,0.64214,0.001
0.0368,0.0868,21.5632,22.1123,0.614317,0.001
0.0369,0.0869,21.8686,21.4675,0.605042,0.001
0.037,0.087,22.1041,20.6798,0.679238,0.001
0.0371,0.0871,22.4139,19.7677,0.614317,0.001
0.0372,0.0872,22.6887,18.8004,0.623591,0.001
0.0373,0.0873,22.9199,17.7548,0.646777,0.001
0.0374,0.0874,23.1511,16.6724,0.660689,0.001
0.0375,0.0875,23.3343,15.5116,0.656052,0.001
0.0376,0.0876,23.4652,14.3463,0.688512,0.001
0.0377,0.0877,23.5437,13.1625,0.702424,0.001
0.0378,0.0878,23.6615,11.8775,0.702424,0.001
0.0379,0.0879,23.7575,10.6523,0.734884,0.001
0.038,0.088,23.8273,9.94301,0.693149,0.001
0.0381,0.0881,23.884,9.51006,0.693149,0.001
0.0382,0.0882,23.884,9.01263,0.720973,0.001
0.0383,0.0883,23.9014,8.47375,0.753433,0.001
0.0384,0.0884,23.8404,7.92566,0.771982,0.001
0.0385,0.0885,23.8273,7.43284,0.771982,0.001
0.0386,0.0886,23.7967,6.97687,0.795167,0.001
0.0387,0.0887,23.7269,6.62683,0.753433,0.001
0.0388,0.0888,23.7139,6.23535,0.795167,0.001
0.0389,0.0889,23.7226,5.7932,0.790531,0.001
0.039,0.089,23.7749,5.29579,0.776619,0.001
0.0391,0.0891,23.8142,4.72008,0.809078,0.001
0.0392,0.0892,23.8142,4.1674,0.827627,0.001
0.0393,0.0893,23.8709,3.63315,0.818353,0.001
0.0394,0.0894,23.8709,3.22325,0.836902,0.001
0.0395,0.0895,23.8447,2.87323,0.846176,0.001
0.0396,0.0896,23.8578,2.6015,0.836902,0.001
0.0397,0.0897,23.8273,2.31135,0.855451,0.001
0.0398,0.0898,23.7226,2.07186,0.864725,0.001
0.0399,0.0899,23.5917,1.83698,0.869362,0.001
0.04,0.09,23.4172,1.55144,0.878637,0.001
0.0401,0.0901,23.2035,1.26129,0.897186,0.001
0.0402,0.0902,22.9504,1.0218,0.892548,0.001
0.0403,0.0903,22.7149,0.865217,0.911097,0.001
0.0404,0.0904,22.427,0.667181,0.897186,0.001
0.0405,0.0905,22.1216,0.326376,0.925009,0.001
0.0406,0.0906,21.7508,0.261899,0.915734,0.001
0.0407,0.0907,21.3407,0.46454,0.911097,0.001
0.0408,0.0908,20.8652,0.717842,0.929646,0.001
0.0409,0.0909,20.2807,0.865217,0.952832,0.001
0.041,0.091,19.7136,0.874428,0.957469,0.001
0.0411,0.0911,19.1159,0.902061,0.966744,0.001
0.0412,0.0912,18.4965,0.925088,0.971381,0.001
0.0413,0.0913,17.8814,0.957327,0.971381,0.001
0.0414,0.0914,17.275,1.0172,1.00848,0.001
0.0415,0.0915,16.66,1.05404,0.999203,0.001
0.0416,0.0916,15.9751,1.1047,1.01775,0.001
0.0417,0.0917,15.2728,1.14155,1.01775,0.001
0.0418,0.0918,14.5224,1.21063,1.02239,0.001
0.0419,0.0919,13.746,1.29813,1.04094,0.001
0.042,0.092,13.0305,1.38564,1.04094,0.001
0.0421,0.0921,12.3631,1.46854,1.0363,0.001
0.0422,0.0922,11.6913,1.62513,1.06876,0.001
0.0423,0.0923,11.0719,1.79553,1.05485,0.001
0.0424,0.0924,10.5179,2.04423,1.05485,0.001
0.0425,0.0925,9.97261,2.34359,1.10122,0.001
0.0426,0.0926,9.51457,2.6844,1.10122,0.001
0.0427,0.0927,9.00856,2.98837,1.10586,0.001
0.0428,0.0928,8.56361,3.14035,1.12441,0.001
0.0429,0.0929,8.52871,3.12654,1.12441,0.001
0.043,0.093,8.91695,3.14035,1.13832,0.001
0.0431,0.0931,9.33136,3.08969,1.15687,0.001
0.0432,0.0932,9.64108,2.95613,1.14759,0.001
0.0433,0.0933,9.78939,2.75348,1.16151,0.001
0.0434,0.0934,9.88972,2.55084,1.16151,0.001
0.0435,0.0935,9.98133,2.3528,1.15223,0.001
0.0436,0.0936,10.0555,2.14095,1.17542,0.001
0.0437,0.0937,10.1602,1.97975,1.18933,0.001
0.0438,0.0938,10.2343,1.86922,1.18933,0.001
0.0439,0.0939,10.2649,1.82777,1.20788,0.001
0.044,0.094,10.2256,1.80014,1.21251,0.001
0.0441,0.0941,10.1427,1.77711,1.22179,0.001
0.0442,0.0942,10.0773,1.83698,1.24034,0.001
0.0443,0.0943,10.0468,1.91988,1.22643,0.001
0.0444,0.0944,10.0947,1.98896,1.26816,0.001
0.0445,0.0945,10.1994,2.05344,1.24961,0.001
0.0446,0.0946,10.339,2.17318,1.26816,0.001
0.0447,0.0947,10.5266,2.30214,1.26816,0.001
0.0448,0.0948,10.6924,2.40346,1.25889,0.001
0.0449,0.0949,10.7927,2.49557,1.27743,0.001
0.045,0.095,10.8232,2.57387,1.27743,0.001
0.0451,0.0951,10.9367,2.61532,1.25425,0.001
0.0452,0.0952,11.1548,2.61071,1.26816,0.001
0.0453,0.0953,11.434,2.62913,1.26816,0.001
0.0454,0.0954,11.7001,2.62453,1.25425,0.001
0.0455,0.0955,11.796,2.58308,1.25425,0.001
0.0456,0.0956,11.9487,2.46794,1.26352,0.001
0.0457,0.0957,12.1276,2.28832,1.26352,0.001
0.0458,0.0958,12.3195,2.0995,1.29135,0.001
0.0459,0.0959,12.4416,1.89225,1.29135,0.001
0.046,0.096,12.59,1.685,1.28671,0.001
0.0461,0.0961,12.8255,1.50999,1.3099,0.001
0.0462,0.0962,13.0087,1.36722,1.31453,0.001
0.0463,0.0963,13.1527,1.21984,1.31453,0.001
0.0464,0.0964,13.3359,1.12312,1.28671,0.001
0.0465,0.0965,13.4755,0.998776,1.31453,0.001
0.0466,0.0966,13.6456,0.929694,1.3099,0.001
0.0467,0.0967,13.8114,0.879033,1.30526,0.001
0.0468,0.0968,13.9466,0.8514,1.30526,0.001
0.0469,0.0969,14.0644,0.809951,1.30526,0.001
0.047,0.097,14.1691,0.791529,1.31453,0.001
0.0471,0.0971,14.3043,0.786923,1.29598,0.001
0.0472,0.0972,14.4657,0.791529,1.3099,0.001
0.0473,0.0973,14.6882,0.823767,1.30062,0.001
0.0474,0.0974,15.0634,0.791529,1.3099,0.001
0.0475,0.0975,15.5737,0.80074,1.31453,0.001
0.0476,0.0976,16.1496,0.80074,1.32844,0.001
0.0477,0.0977,16.6076,0.814556,1.32844,0.001
0.0478,0.0978,16.8912,0.832978,1.33772,0.001
0.0479,0.0979,17.1136,0.842189,1.32844,0.001
0.048,0.098,17.3841,0.865217,1.33308,0.001
0.0481,0.0981,17.7113,0.897455,1.33308,0.001
0.0482,0.0982,17.8596,0.925088,1.32844,0.001
0.0483,0.0983,17.9599,0.952721,1.34699,0.001
0.0484,0.0984,18.1039,0.989565,1.32844,0.001
0.0485,0.0985,18.3831,1.0218,1.32381,0.001
0.0486,0.0986,18.7015,1.09549,1.31917,0.001
0.0487,0.0987,19.02,1.15076,1.31917,0.001
0.0488,0.0988,19.4213,1.22445,1.32844,0.001
0.0489,0.0989,19.875,1.33958,1.32844,0.001
0.049,0.099,20.3156,1.47775,1.34236,0.001
0.0491,0.0991,20.73,1.62513,1.32844,0.001
0.0492,0.0992,21.0659,1.83698,1.35163,0.001
0.0493,0.0993,21.2753,2.17779,1.35627,0.001
0.0494,0.0994,21.4498,2.65216,1.35627,0.001
0.0495,0.0995,21.4672,3.42129,1.35163,0.001
0.0496,0.0996,21.4541,4.51283,1.33308,0.001
0.0497,0.0997,21.5545,5.60437,1.34236,0.001
0.0498,0.0998,21.7595,6.40576,1.33772,0.001
0.0499,0.0999,21.9602,6.89857,1.34699,0.001
0.05,0.1,22.0387,7.24861,1.33772,0.001
0.0501,0.1001,22.0561,7.53417,1.35163,0.001
0.0502,0.1002,22.0343,7.79669,1.34236,0.001
0.0503,0.1003,22.0954,8.0362,1.35163,0.001
0.0504,0.1004,22.2437,8.23424,1.33308,0.001
0.0505,0.1005,22.4139,8.28951,1.3609,0.001
0.0506,0.1006,22.5447,8.08225,1.35627,0.001
0.0507,0.1007,22.6843,7.8842,1.35627,0.001
0.0508,0.1008,22.7803,7.77367,1.33772,0.001
0.0509,0.1009,22.8719,7.68155,1.35163,0.001
0.051,0.101,23.0115,7.58022,1.34699,0.001
0.0511,0.1011,23.2209,7.57101,1.34699,0.001
0.0512,0.1012,23.3954,7.69997,1.35163,0.001
0.0513,0.1013,23.4957,8.09607,1.34699,0.001
0.0514,0.1014,23.583,8.57968,1.35163,0.001
0.0515,0.1015,23.7444,8.89748,1.33772,0.001
0.0516,0.1016,23.9014,9.09092,1.33772,0.001
0.0517,0.1017,23.9451,9.64363,1.35627,0.001
0.0518,0.1018,23.9494,9.95222,1.34699,0.001
0.0519,0.1019,23.9102,9.86471,1.35627,0.001
0.052,0.102,23.8578,9.86471,1.36554,0.001
0.0521,0.1021,23.7226,9.86931,1.35163,0.001
0.0522,0.1022,23.4434,9.85089,1.3609,0.001
0.0523,0.1023,23.1598,10.3714,1.36554,0.001
0.0524,0.1024,22.9417,10.9471,1.36554,0.001
0.0525,0.1025,22.7629,10.7905,1.34236,0.001
0.0526,0.1026,22.5666,10.6063,1.35163,0.001
0.0527,0.1027,22.331,11.2096,1.35163,0.001
0.0528,0.1028,22.1041,12.5868,1.35163,0.001
0.0529,0.1029,21.9122,13.7475,1.34699,0.001
0.053,0.103,21.7988,14.2726,1.35627,0.001
0.0531,0.1031,21.8119,14.7654,1.3609,0.001
0.0532,0.1032,21.8511,15.2214,1.35627,0.001
0.0533,0.1033,21.8599,15.2951,1.35163,0.001
0.0534,0.1034,21.838,14.9036,1.3609,0.001
0.0535,0.1035,21.7464,14.5259,1.38409,0.001
0.0536,0.1036,21.5676,15.1846,1.35163,0.001
0.0537,0.1037,21.3364,16.1473,1.37018,0.001
0.0538,0.1038,21.0354,16.5664,1.37945,0.001
0.0539,0.1039,20.7475,16.7415,1.35627,0.001
0.054,0.104,20.429,16.2901,1.3609,0.001
0.0541,0.1041,20.1455,15.5853,1.36554,0.001
0.0542,0.1042,19.9579,15.9308,1.37018,0.001
0.0543,0.1043,19.9622,17.3449,1.37018,0.001
0.0544,0.1044,20.1803,18.5102,1.36554,0.001
0.0545,0.1045,20.6079,18.6622,1.3609,0.001
0.0546,0.1046,21.1488,18.1417,1.37018,0.001
0.0547,0.1047,21.4323,17.9068,1.3609,0.001
0.0548,0.1048,21.3974,17.5614,1.34699,0.001
0.0549,0.1049,21.223,16.9994,1.34236,0.001
0.055,0.105,20.9612,16.5987,1.36554,0.001
0.0551,0.1051,20.6602,16.829,1.37018,0.001
0.0552,0.1052,20.3854,17.0823,1.3609,0.001
0.0553,0.1053,20.1891,16.8981,1.3609,0.001
0.0554,0.1054,20.0233,16.7046,1.3609,0.001
0.0555,0.1055,19.9055,16.8059,1.35627,0.001
0.0556,0.1056,19.875,17.1514,1.3609,0.001
0.0557,0.1057,19.9142,17.2435,1.35627,0.001
0.0558,0.1058,20.0277,17.2205,1.3609,0.001
0.0559,0.1059,20.1018,17.6443,1.36554,0.001
0.056,0.106,20.1105,18.2523,1.3609,0.001
0.0561,0.1061,20.2981,18.2339,1.3609,0.001
0.0562,0.1062,20.7518,17.9299,1.35627,0.001
0.0563,0.1063,21.3015,18.5655,1.3609,0.001
0.0564,0.1064,21.7246,20.3159,1.36554,0.001
0.0565,0.1065,21.9253,21.3753,1.35163,0.001
0.0566,0.1066,22.2699,21.2418,1.36554,0.001
0.0567,0.1067,22.6102,20.9838,1.3609,0.001
0.0568,0.1068,22.3833,21.2832,1.37018,0.001
0.0569,0.1069,22.0736,21.6056,1.35627,0.001
0.057,0.107,21.6635,21.4859,1.35627,0.001
0.0571,0.1071,21.0877,20.7028,1.35627,0.001
0.0572,0.1072,20.826,19.5052,1.33772,0.001
0.0573,0.1073,20.9699,18.5194,1.3609,0.001
0.0574,0.1074,20.7213,17.285,1.35627,0.001
0.0575,0.1075,20.2327,16.7967,1.35163,0.001
0.0576,0.1076,20.2545,16.3407,1.35163,0.001
0.0577,0.1077,21.2535,14.8299,1.35163,0.001
0.0578,0.1078,22.331,13.7798,1.35163,0.001
0.0579,0.1079,22.6756,14.3233,1.35163,0.001
0.058,0.108,22.7847,15.9308,1.35627,0.001
0.0581,0.1081,22.981,18.9524,1.3609,0.001
0.0582,0.1082,22.8545,20.9147,1.3609,0.001
0.0583,0.1083,22.2961,21.2418,1.33772,0.001
0.0584,0.1084,21.5763,21.0253,1.35627,0.001
0.0585,0.1085,21.5676,20.7765,1.35627,0.001
0.0586,0.1086,22.2699,19.9704,1.35163,0.001
0.0587,0.1087,22.4488,19.6434,1.35163,0.001
0.0588,0.1088,22.139,19.0353,1.33772,0.001
0.0589,0.1089,21.3844,17.0501,1.34236,0.001
0.059,0.109,20.285,17.1744,1.35163,0.001
0.0591,0.1091,20.0887,17.2205,1.34699,0.001
0.0592,0.1092,21.0659,16.2624,1.34699,0.001
0.0593,0.1093,22.139,16.1519,1.32844,0.001
0.0594,0.1094,22.6669,16.7184,1.33308,0.001
0.0595,0.1095,22.2481,16.2256,1.35627,0.001
0.0596,0.1096,21.8729,18.1187,1.33772,0.001
0.0597,0.1097,21.5283,18.6991,1.34699,0.001
0.0598,0.1098,20.8434,18.1602,1.34699,0.001
0.0599,0.1099,20.176,15.9262,1.34699,0.001
0.06,0.11,20.4421,13.3422,1.35163,0.001
0.0601,0.1101,21.2666,11.942,1.34236,0.001
0.0602,0.1102,21.2578,11.9097,1.35163,0.001
0.0603,0.1103,20.4552,12.9369,1.34236,0.001
0.0604,0.1104,19.7616,15.1431,1.34699,0.001
0.0605,0.1105,19.7572,14.4568,1.33308,0.001
0.0606,0.1106,19.7965,11.9466,1.35163,0.001
0.0607,0.1107,19.574,11.0622,1.35627,0.001
0.0608,0.1108,19.683,11.0714,1.33772,0.001
0.0609,0.1109,20.2545,10.9195,1.33772,0.001
0.061,0.111,20.5773,10.726,1.34236,0.001
0.0611,0.1111,20.1542,10.9931,1.33772,0.001
0.0612,0.1112,19.8226,12.315,1.33772,0.001
0.0613,0.1113,21.1008,12.877,1.33772,0.001
0.0614,0.1114,22.5622,11.6702,1.34699,0.001
0.0615,0.1115,23.0508,11.205,1.34236,0.001
0.0616,0.1116,23.3518,11.0254,1.35627,0.001
0.0617,0.1117,23.8665,11.3248,3.73515,0.001
0.0618,0.1118,23.7226,12.1769,14.2664,0.001
0.0619,0.1119,23.0551,11.813,20.3135,0.001
0.062,0.112,22.4182,10.3714,20.8236,0.001
0.0621,0.1121,21.9122,9.67587,20.1883,0.001
0.0622,0.1122,21.3974,9.3903,19.8312,0.001
0.0623,0.1123,21.0397,8.2757,19.8173,0.001
0.0624,0.1124,20.7082,8.23885,19.8359,0.001
0.0625,0.1125,21.2273,8.76852,19.7107,0.001
0.0626,0.1126,20.5599,9.66665,20.0075,0.001
0.0627,0.1127,19.2555,11.3156,19.6225,0.001
0.0628,0.1128,19.3253,11.7577,19.4185,0.001
0.0629,0.1129,20.8478,10.878,19.8405,0.001
0.063,0.113,23.8011,10.095,20.077,0.001
0.0631,0.1131,26.196,9.61599,18.0644,0.001
0.0632,0.1132,26.6977,9.66205,9.69865,0.001
0.0633,0.1133,26.1786,10.5372,3.16014,0.001
0.0634,0.1134,25.6856,10.901,1.71333,0.001
0.0635,0.1135,24.8175,10.4681,1.89418,0.001
0.0636,0.1136,24.2984,10.7352,2.07967,0.001
0.0637,0.1137,24.3726,11.9051,2.26516,0.001
0.0638,0.1138,22.6843,12.421,2.13995,0.001
0.0639,0.1139,21.1052,11.9466,1.96374,0.001
0.064,0.114,20.9874,11.1544,1.99156,0.001
0.0641,0.1141,20.0844,10.2746,2.20487,0.001
0.0642,0.1142,19.5216,10.095,2.40891,0.001
0.0643,0.1143,19.6045,10.7306,2.13995,0.001
0.0644,0.1144,19.2206,10.2378,1.92664,0.001
0.0645,0.1145,20.7518,10.6063,2.24197,0.001
0.0646,0.1146,22.2612,11.0945,2.57121,0.001
0.0647,0.1147,22.5971,10.8089,2.26516,0.001
0.0648,0.1148,22.0431,12.7296,1.97765,0.001
0.0649,0.1149,20.0538,13.9041,2.01475,0.001
0.065,0.115,18.9066,13.6784,2.00084,0.001
0.0651,0.1151,18.2173,12.55,1.95447,0.001
0.0652,0.1152,19.2381,12.3058,2.01475,0.001
0.0653,0.1153,21.825,14.0147,2.15386,0.001
0.0654,0.1154,22.8676,15.4518,2.13068,0.001
0.0655,0.1155,20.1455,13.8903,1.89882,0.001
0.0656,0.1156,16.359,13.5541,1.87563,0.001
0.0657,0.1157,13.9553,15.7788,2.00547,0.001
0.0658,0.1158,12.8866,17.3403,2.0333,0.001
0.0659,0.1159,12.8255,16.3453,2.01475,0.001
0.066,0.116,13.2748,10.1641,2.07503,0.001
0.0661,0.1161,14.4832,6.12942,2.13068,0.001
0.0662,0.1162,16.2019,6.07875,2.21879,0.001
0.0663,0.1163,16.0667,8.39084,2.30689,0.001
0.0664,0.1164,15.7875,13.7153,2.40891,0.001
0.0665,0.1165,16.0056,17.7871,2.59904,0.001
0.0666,0.1166,15.4036,18.2154,2.93291,0.001
0.0667,0.1167,16.4637,17.2021,3.0303,0.001
0.0668,0.1168,17.816,20.3021,2.92364,0.001
0.0669,0.1169,17.0395,23.3791,2.99784,0.001
0.067,0.117,15.7482,24.2958,2.96074,0.001
0.0671,0.1171,14.7842,24.2037,2.70569,0.001
0.0672,0.1172,13.8637,23.9457,2.65468,0.001
0.0673,0.1173,13.0873,23.9825,2.7938,0.001
0.0674,0.1174,13.6718,23.9457,2.84481,0.001
0.0675,0.1175,15.2073,23.5495,2.84481,0.001
0.0676,0.1176,17.0177,23.6969,3.09985,0.001
0.0677,0.1177,18.4485,23.2547,3.32244,0.001
0.0678,0.1178,17.4495,22.9185,3.23433,0.001
0.0679,0.1179,14.7842,23.0935,2.90045,0.001
0.068,0.118,12.8604,22.8954,2.58049,0.001
0.0681,0.1181,13.6805,21.0851,2.56194,0.001
0.0682,0.1182,15.4603,16.3776,2.77989,0.001
0.0683,0.1183,16.3851,10.118,2.89118,0.001
0.0684,0.1184,16.2804,6.77422,3.02102,0.001
0.0685,0.1185,16.2325,6.85712,3.27143,0.001
0.0686,0.1186,17.3536,7.93026,3.27607,0.001
0.0687,0.1187,19.0592,8.5935,3.02566,0.001
0.0688,0.1188,19.0767,8.89287,2.81698,0.001
0.0689,0.1189,18.9153,8.76391,2.66859,0.001
0.069,0.119,19.0331,8.63034,2.65005,0.001
0.0691,0.1191,18.6317,8.66258,2.4321,0.001
0.0692,0.1192,19.2119,8.49217,2.20024,0.001
0.0693,0.1193,19.1159,8.01777,2.35326,0.001
0.0694,0.1194,17.4103,7.67234,2.72888,0.001
0.0695,0.1195,17.1354,7.59404,2.7567,0.001
0.0696,0.1196,17.4234,7.84275,2.66396,0.001
0.0697,0.1197,17.7462,8.43229,2.66396,0.001
0.0698,0.1198,20.8172,8.42769,2.73351,0.001
0.0699,0.1199,21.7726,8.18819,2.8309,0.001
0.07,0.12,20.8609,7.62168,3.00711,0.001
0.0701,0.1201,19.6307,7.25321,2.95146,0.001
0.0702,0.1202,20.0844,7.51574,2.56194,0.001
0.0703,0.1203,21.9994,7.6401,2.41819,0.001
0.0704,0.1204,22.536,7.06898,2.36718,0.001
0.0705,0.1205,21.0659,5.77017,2.0704,0.001
0.0706,0.1206,22.5709,3.78514,2.01011,0.001
0.0707,0.1207,24.1893,2.46794,2.05648,0.001
0.0708,0.1208,24.2635,2.54163,1.90809,0.001
0.0709,0.1209,19.9361,3.39827,1.77361,0.001
0.071,0.121,15.155,4.34702,1.73188,0.001
0.0711,0.1211,13.1352,4.89509,1.60667,0.001
0.0712,0.1212,14.6795,5.19446,1.64841,0.001
0.0713,0.1213,18.6972,6.32746,1.81535,0.001
0.0714,0.1214,25.0487,7.42363,2.05185,0.001
0.0715,0.1215,27.6487,7.06438,2.23733,0.001
0.0716,0.1216,27.784,7.4006,2.45992,0.001
0.0717,0.1217,29.9914,8.41848,2.39964,0.001
0.0718,0.1218,33.128,8.64877,2.20951,0.001
0.0719,0.1219,33.538,8.48756,2.37645,0.001
0.072,0.122,34.4498,8.49677,2.68251,0.001
0.0721,0.1221,35.0649,7.70458,2.66396,0.001
0.0722,0.1222,34.5501,7.88881,2.79844,0.001
0.0723,0.1223,33.538,8.50599,3.0303,0.001
0.0724,0.1224,31.143,9.66665,3.10449,0.001
0.0725,0.1225,31.3699,10.7721,2.84017,0.001
0.0726,0.1226,31.9196,11.0484,2.72424,0.001
0.0727,0.1227,32.081,10.5003,2.73351,0.001
0.0728,0.1228,31.4833,9.51006,2.52948,0.001
0.0729,0.1229,30.1964,8.28951,2.22342,0.001
0.073,0.123,29.289,8.95275,2.09822,0.001
0.0731,0.1231,27.5309,10.3667,2.37645,0.001
0.0732,0.1232,22.6451,10.4082,2.97001,0.001
0.0733,0.1233,17.7113,10.1457,3.14623,0.001
0.0734,0.1234,15.8617,10.1825,3.35026,0.001
0.0735,0.1235,19.0985,10.3575,3.74443,0.001
0.0736,0.1236,23.5743,10.6201,3.916,0.001
0.0737,0.1237,25.4981,10.3161,3.39664,0.001
0.0738,0.1238,25.8078,10.247,2.61758,0.001
0.0739,0.1239,24.041,10.5832,2.34863,0.001
0.074,0.124,20.381,10.4312,2.60367,0.001
0.0741,0.1241,19.1247,10.0582,2.54339,0.001
0.0742,0.1242,19.7179,9.17844,1.96374,0.001
0.0743,0.1243,18.0559,7.81051,2.0333,0.001
0.0744,0.1244,15.6828,7.12425,2.33008,0.001
0.0745,0.1245,15.1811,7.01832,2.3208,0.001
0.0746,0.1246,15.5607,7.36375,2.73351,0.001
0.0747,0.1247,15.2728,7.76446,3.27143,0.001
0.0748,0.1248,14.3218,8.86063,3.46156,0.001
0.0749,0.1249,13.0087,9.26595,3.02102,0.001
0.075,0.125,12.2061,9.51466,2.60367,0.001
0.0751,0.1251,11.0632,9.73114,2.98392,0.001
0.0752,0.1252,10.4176,9.36267,3.40591,0.001
0.0753,0.1253,10.5179,10.1917,3.24825,0.001
0.0754,0.1254,10.4132,11.0024,2.59904,0.001
0.0755,0.1255,10.592,11.0945,1.31917,0.001
0.0756,0.1256,11.4558,10.9839,0.804441,0.001
0.0757,0.1257,13.3664,10.5694,0.994566,0.001
0.0758,0.1258,15.4342,9.56993,1.03166,0.001
0.0759,0.1259,17.5891,9.68508,1.29598,0.001
0.076,0.126,17.9599,10.0213,1.52321,0.001
0.0761,0.1261,17.1965,10.5924,1.48611,0.001
0.0762,0.1262,17.6284,10.9148,1.63914,0.001
0.0763,0.1263,17.2096,11.2234,1.88954,0.001
0.0764,0.1264,16.1845,11.7301,1.80607,0.001
0.0765,0.1265,16.1278,11.7715,1.7968,0.001
0.0766,0.1266,16.3764,11.6103,1.90809,0.001
0.0767,0.1267,16.6905,11.5182,1.94983,0.001
0.0768,0.1268,16.0013,11.3847,2.00084,0.001
0.0769,0.1269,15.3687,12.6697,2.39964,0.001
0.077,0.127,16.4767,13.9087,2.69642,0.001
0.0771,0.1271,17.1398,13.8811,3.54503,0.001
0.0772,0.1272,17.1922,13.6554,4.67187,0.001
0.0773,0.1273,18.3613,12.1723,5.6967,0.001
0.0774,0.1274,19.6525,11.9051,6.59169,0.001
0.0775,0.1275,21.2491,12.5638,6.7308,0.001
0.0776,0.1276,22.2263,13.5541,6.01667,0.001
0.0777,0.1277,21.2622,13.2547,4.93619,0.001
0.0778,0.1278,19.3908,12.1078,3.76298,0.001
0.0779,0.1279,16.7646,11.9604,4.50957,0.001
0.078,0.128,15.2771,12.7526,6.40156,0.001
0.0781,0.1281,15.0067,12.1815,6.4062,0.001
0.0782,0.1282,14.0862,11.6057,6.00276,0.001
0.0783,0.1283,12.049,12.0295,6.4062,0.001
0.0784,0.1284,10.7185,14.7148,7.1157,0.001
0.0785,0.1285,10.4176,17.3264,7.79737,0.001
0.0786,0.1286,10.9454,17.5337,7.50986,0.001
0.0787,0.1287,11.9487,16.3499,6.79109,0.001
0.0788,0.1288,12.3675,14.0331,6.35055,0.001
0.0789,0.1289,11.8702,10.8043,5.15878,0.001
0.079,0.129,10.4437,9.86471,4.37045,0.001
0.0791,0.1291,9.34881,10.5233,3.86036,0.001
0.0792,0.1292,9.39679,10.3483,3.20651,0.001
0.0793,0.1293,9.9508,8.92512,2.7938,0.001
0.0794,0.1294,10.8843,9.09553,2.23733,0.001
0.0795,0.1295,12.4591,9.85089,1.23106,0.001
0.0796,0.1296,14.2214,10.4589,0.920372,0.001
0.0797,0.1297,16.6076,10.5049,2.10749,0.001
0.0798,0.1298,19.3384,10.3299,2.71497,0.001
0.0799,0.1299,20.8129,10.1318,2.56194,0.001
0.08,0.13,20.5206,9.62981,2.60367,0.001
0.0801,0.1301,19.3646,8.79615,2.34863,0.001
0.0802,0.1302,18.9327,9.04487,3.06276,0.001
0.0803,0.1303,19.8881,9.11395,3.67023,0.001
0.0804,0.1304,20.333,9.19686,3.80007,0.001
0.0805,0.1305,20.333,10.1825,4.08758,0.001
0.0806,0.1306,20.381,12.1861,4.1154,0.001
0.0807,0.1307,20.6646,14.2726,3.94383,0.001
0.0808,0.1308,21.3625,15.9584,5.12632,0.001
0.0809,0.1309,21.8817,15.6728,6.04913,0.001
0.081,0.131,21.5894,14.2726,6.69834,0.001
0.0811,0.1311,21.1488,13.6093,6.70298,0.001
0.0812,0.1312,20.4683,12.3427,6.41083,0.001
0.0813,0.1313,20.3112,10.5602,6.31809,0.001
0.0814,0.1314,20.8042,9.76798,6.06768,0.001
0.0815,0.1315,21.2055,9.99828,5.65033,0.001
0.0816,0.1316,22.4793,10.1549,5.12168,0.001
0.0817,0.1317,24.3682,9.11395,4.49102,0.001
0.0818,0.1318,26.1393,8.27109,5.35354,0.001
0.0819,0.1319,27.3128,9.51006,5.82654,0.001
0.082,0.132,27.688,11.2373,5.31645,0.001
0.0821,0.1321,28.181,12.702,5.29326,0.001
0.0822,0.1322,29.0491,14.4246,4.29162,0.001
0.0823,0.1323,29.494,15.7419,4.78316,0.001
0.0824,0.1324,29.289,16.9718,5.859,0.001
0.0825,0.1325,28.892,17.3863,6.12796,0.001
0.0826,0.1326,28.7306,15.9354,5.40455,0.001
0.0827,0.1327,28.8484,13.6922,4.21742,0.001
0.0828,0.1328,28.6346,11.1544,4.41219,0.001
0.0829,0.1329,28.3816,9.74956,5.18197,0.001
0.083,0.133,28.1635,9.90616,4.36581,0.001
0.0831,0.1331,27.3216,9.90155,4.39364,0.001
0.0832,0.1332,26.2789,8.29873,5.14951,0.001
0.0833,0.1333,25.4544,7.14728,8.2611,0.001
0.0834,0.1334,24.2504,7.4789,9.47143,0.001
0.0835,0.1335,23.0159,8.63034,7.65826,0.001
0.0836,0.1336,22.2045,10.3207,6.46648,0.001
0.0837,0.1337,21.4847,11.1129,5.01966,0.001
0.0838,0.1338,20.887,10.4819,3.1555,0.001
0.0839,0.1339,21.1837,8.78694,2.73815,0.001
0.084,0.134,22.3048,6.71434,2.58512,0.001
0.0841,0.1341,23.0202,6.31365,1.84317,0.001
0.0842,0.1342,22.4051,6.89857,0.795167,0.001
0.0843,0.1343,21.7682,8.00856,1.50466,0.001
0.0844,0.1344,21.3015,9.28437,2.91437,0.001
0.0845,0.1345,20.8347,10.1917,2.66859,0.001
0.0846,0.1346,20.8478,11.0024,2.44137,0.001
0.0847,0.1347,20.7518,12.4717,2.73815,0.001
0.0848,0.1348,20.3897,13.1487,2.56658,0.001
0.0849,0.1349,20.08,12.315,1.27743,0.001
0.085,0.135,20.1105,10.528,0.470564,0.001
0.0851,0.1351,20.3156,9.66665,0.748796,0.001
0.0852,0.1352,20.5686,10.422,0.994566,0.001
0.0853,0.1353,20.2981,10.8504,1.7597,0.001
0.0854,0.1354,20.3505,11.0254,4.07831,0.001
0.0855,0.1355,20.6602,11.2741,6.83746,0.001
0.0856,0.1356,20.634,12.0801,7.80201,0.001
0.0857,0.1357,20.6951,13.7291,8.70628,0.001
0.0858,0.1358,20.128,15.4103,8.99379,0.001
0.0859,0.1359,18.7582,16.3868,8.35848,0.001
0.086,0.136,17.6982,16.7967,8.49296,0.001
0.0861,0.1361,17.0177,16.9027,7.50986,0.001
0.0862,0.1362,16.7341,17.0501,6.31809,0.001
0.0863,0.1363,16.7865,17.3218,6.21607,0.001
0.0864,0.1364,16.5465,17.5752,6.23462,0.001
0.0865,0.1365,16.7777,18.5471,6.21607,0.001
0.0866,0.1366,16.5596,19.7723,5.68279,0.001
0.0867,0.1367,15.8486,20.7581,5.46948,0.001
0.0868,0.1368,16.0361,21.1911,6.67516,0.001
0.0869,0.1369,16.9043,20.9469,7.42175,0.001
0.087,0.137,18.2697,20.7535,7.61188,0.001
0.0871,0.1371,20.3112,20.8963,9.48534,0.001
0.0872,0.1372,21.5458,20.9101,10.6076,0.001
0.0873,0.1373,22.1739,20.864,11.4145,0.001
0.0874,0.1374,22.1521,20.9147,10.9925,0.001
0.0875,0.1375,21.9035,20.6429,9.29985,0.001
0.0876,0.1376,21.8555,19.975,8.23791,0.001
0.0877,0.1377,21.6766,19.6664,7.17134,0.001
0.0878,0.1378,21.1357,19.6065,6.31809,0.001
0.0879,0.1379,20.935,19.3209,7.18062,0.001
0.088,0.138,20.9699,18.22,7.81128,0.001
0.0881,0.1381,20.874,17.0777,6.74472,0.001
0.0882,0.1382,20.7038,16.7092,5.31181,0.001
0.0883,0.1383,20.6471,16.419,4.82954,0.001
0.0884,0.1384,21.2535,16.0275,5.59004,0.001
0.0885,0.1385,22.2525,14.8622,7.04614,0.001
0.0886,0.1386,22.9897,13.2869,7.94113,0.001
0.0887,0.1387,22.7672,13.3422,8.67382,0.001
0.0888,0.1388,22.0911,14.6365,9.57808,0.001
0.0889,0.1389,21.2709,16.0736,11.3542,0.001
0.089,0.139,20.6471,16.4559,17.2065,0.001
0.0891,0.1391,20.5075,15.1385,24.8025,0.001
0.0892,0.1392,20.9699,13.6047,29.0041,0.001
0.0893,0.1393,21.8817,13.3422,30.8081,0.001
0.0894,0.1394,22.1827,13.5955,31.4017,0.001
0.0895,0.1395,21.6025,13.8765,32.088,0.001
0.0896,0.1396,20.2109,12.8309,33.4978,0.001
0.0897,0.1397,18.9196,12.0848,32.7883,0.001
0.0898,0.1398,18.8324,12.2874,30.9982,0.001
0.0899,0.1399,19.2119,12.3335,29.7183,0.001
0.09,0.14,19.4213,11.6932,29.5513,0.001
0.0901,0.1401,19.7528,11.3985,30.0197,0.001
0.0902,0.1402,20.0757,11.1912,30.1078,0.001
0.0903,0.1403,20.4552,11.4031,30.5391,0.001
0.0904,0.1404,20.8609,12.4302,31.091,0.001
0.0905,0.1405,21.0266,13.835,32.2921,0.001
0.0906,0.1406,21.1968,14.245,34.2584,0.001
0.0907,0.1407,21.585,13.3744,34.9308,0.001
0.0908,0.1408,22.2917,12.5453,34.3001,0.001
0.0909,0.1409,22.5578,12.4302,33.5025,0.001
0.091,0.141,21.9515,12.3887,33.8967,0.001
0.0911,0.1411,20.9656,12.5361,36.1784,0.001
0.0912,0.1412,19.5827,12.6605,39.0351,0.001
0.0913,0.1413,18.623,13.0704,41.9012,0.001
0.0914,0.1414,18.226,12.9276,43.682,0.001
0.0915,0.1415,18.0472,12.2644,44.8368,0.001
0.0916,0.1416,18.1824,11.7854,45.7736,0.001
0.0917,0.1417,18.0864,11.8775,45.4907,0.001
0.0918,0.1418,17.6589,12.7388,44.8322,0.001
0.0919,0.1419,16.9435,13.7659,44.0484,0.001
0.092,0.142,16.2892,14.595,43.3203,0.001
0.0921,0.1421,16.4724,15.5715,43.6866,0.001
0.0922,0.1422,17.5935,16.8704,44.2014,0.001
0.0923,0.1423,18.8935,17.2942,44.6745,0.001
0.0924,0.1424,20.2545,17.3679,44.6003,0.001
0.0925,0.1425,21.0005,17.1146,44.6513,0.001
0.0926,0.1426,21.3189,17.2758,45.3794,0.001
0.0927,0.1427,21.8599,18.1279,45.5185,0.001
0.0928,0.1428,22.1129,18.805,45.3701,0.001
0.0929,0.1429,22.5273,19.1505,45.231,0.001
0.093,0.143,22.3921,20.0718,45.2171,0.001
0.0931,0.1431,21.8686,20.1685,45.7782,0.001
0.0932,0.1432,21.8817,19.5512,46.613,0.001
0.0933,0.1433,21.7421,19.2288,47.6797,0.001
0.0934,0.1434,20.6515,19.1689,48.5284,0.001
0.0935,0.1435,18.7975,19.4545,49.1545,0.001
0.0936,0.1436,16.9435,19.7125,49.8965,0.001
0.0937,0.1437,16.6905,19.4867,50.3603,0.001
0.0938,0.1438,17.5455,20.2882,50.8009,0.001
0.0939,0.1439,18.6186,23.0382,50.3464,0.001
0.094,0.144,19.1247,29.9296,49.4374,0.001
0.0941,0.1441,18.4616,37.5724,48.7927,0.001
0.0942,0.1442,17.2663,40.226,48.1713,0.001
0.0943,0.1443,17.2052,39.7238,47.7446,0.001
0.0944,0.1444,17.3274,38.0837,47.3736,0.001
0.0945,0.1445,17.4801,36.5957,46.9191,0.001
0.0946,0.1446,16.8868,35.7756,46.7243,0.001
0.0947,0.1447,16.4288,35.4439,46.3301,0.001
0.0948,0.1448,16.468,36.2225,45.9174,0.001
0.0949,0.1449,15.7962,37.5079,45.3284,0.001
0.095,0.145,14.9107,38.4154,44.1736,0.001
0.0951,0.1451,14.6882,38.9545,43.8397,0.001
0.0952,0.1452,15.7003,39.8068,44.7208,0.001
0.0953,0.1453,16.769,40.9032,45.5974,0.001
0.0954,0.1454,18.3787,41.6634,46.3533,0.001
0.0955,0.1455,20.3985,42.5019,47.2948,0.001
0.0956,0.1456,21.6374,43.1423,48.009,0.001
0.0957,0.1457,21.585,42.7876,48.329,0.001
0.0958,0.1458,21.5283,41.5851,48.3429,0.001
0.0959,0.1459,21.9253,40.2905,48.4959,0.001
0.096,0.146,22.5622,40.1569,48.8809,0.001
0.0961,0.1461,23.7662,41.1428,49.122,0.001
0.0962,0.1462,24.9004,42.6309,49.0617,0.001
0.0963,0.1463,25.2058,43.6261,48.6397,0.001
0.0964,0.1464,24.438,43.9855,48.38,0.001
0.0965,0.1465,23.7008,44.1928,48.9133,0.001
0.0966,0.1466,24.0105,43.5985,49.4606,0.001
0.0967,0.1467,24.6867,42.1887,50.0635,0.001
0.0968,0.1468,25.8689,40.6867,51.0142,0.001
0.0969,0.1469,26.1917,39.8528,51.7006,0.001
0.097,0.147,25.7729,40.7697,52.1644,0.001
0.0971,0.1471,25.5286,42.3729,52.5818,0.001
0.0972,0.1472,26.196,43.7275,52.5864,0.001
0.0973,0.1473,26.3444,44.6627,52.4334,0.001
0.0974,0.1474,25.7031,45.234,52.0763,0.001
0.0975,0.1475,25.1578,46.2292,51.4177,0.001
0.0976,0.1476,25.69,46.9941,51.1348,0.001
0.0977,0.1477,27.0205,47.5055,51.2554,0.001
0.0978,0.1478,27.7578,48.0952,51.3435,0.001
0.0979,0.1479,28.5125,48.5744,51.1905,0.001
0.098,0.148,28.7481,49.4406,51.1209,0.001
0.0981,0.1481,27.5789,50.1409,51.747,0.001
0.0982,0.1482,26.8853,50.2699,52.336,0.001
0.0983,0.1483,26.8722,50.0764,52.6003,0.001
0.0984,0.1484,26.737,49.8507,53.0409,0.001
0.0985,0.1485,26.8548,49.6664,53.6577,0.001
0.0986,0.1486,26.7763,49.8507,54.6456,0.001
0.0987,0.1487,26.436,50.7077,56.3569,0.001
0.0988,0.1488,28.2507,51.5693,57.6045,0.001
0.0989,0.1489,35.3572,52.0162,58.7176,0.001
0.099,0.149,43.1661,52.242,59.8214,0.001
0.0991,0.1491,45.2384,52.136,60.2527,0.001
0.0992,0.1492,43.8118,52.0024,60.4846,0.001
0.0993,0.1493,41.5258,52.2051,60.1368,0.001
0.0994,0.1494,39.9684,52.5599,60.1414,0.001
0.0995,0.1495,39.17,53.0345,60.7072,0.001
0.0996,0.1496,38.7512,52.8179,61.4029,0.001
0.0997,0.1497,39.0042,52.03,62.1542,0.001
0.0998,0.1498,39.3707,51.2698,62.6922,0.001
0.0999,0.1499,39.9858,50.8551,62.9983,0.001
0.1,0.15,40.6969,51.5508,63.5085,0.001
0.1001,0.1501,41.9664,52.9746,63.6337,0.001
0.1002,0.1502,43.0047,54.4905,63.6291,0.001
0.1003,0.1503,43.2839,55.707,63.7914,0.001
0.1004,0.1504,43.9863,56.9971,63.643,0.001
0.1005,0.1505,44.0692,58.1399,63.0957,0.001
0.1006,0.1506,43.6896,58.2136,62.5855,0.001
0.1007,0.1507,44.0081,57.4487,61.7461,0.001
0.1008,0.1508,44.5665,57.3197,61.222,0.001
0.1009,0.1509,45.9669,57.8726,61.0875,0.001
0.101,0.151,47.7992,58.5085,61.2823,0.001
0.1011,0.1511,48.9117,58.2136,61.7554,0.001
0.1012,0.1512,49.4919,57.4579,61.8249,0.001
0.1013,0.1513,49.3741,57.3658,61.5188,0.001
0.1014,0.1514,47.9824,57.9786,61.3751,0.001
0.1015,0.1515,41.8879,58.9278,61.4168,0.001
0.1016,0.1516,36.6136,59.5407,62.0754,0.001
0.1017,0.1517,34.4542,59.1859,63.2812,0.001
0.1018,0.1518,34.476,59.0246,64.7004,0.001
0.1019,0.1519,35.6538,59.1766,65.9573,0.001
0.102,0.152,36.1817,59.8678,66.9405,0.001
0.1021,0.1521,36.2559,60.218,67.5713,0.001
0.1022,0.1522,36.2602,60.0199,67.8913,0.001
0.1023,0.1523,36.125,60.0199,67.7707,0.001
0.1024,0.1524,35.9069,60.3609,67.6038,0.001
0.1025,0.1525,35.9636,60.8816,67.2745,0.001
0.1026,0.1526,36.0726,61.5221,66.5602,0.001
0.1027,0.1527,36.6005,61.3608,65.8553,0.001
0.1028,0.1528,37.617,60.7618,65.1828,0.001
0.1029,0.1529,38.6334,60.0798,64.3248,0.001
0.103,0.153,39.1918,60.1166,63.2349,0.001
0.1031,0.1531,39.5147,60.6834,62.465,0.001
0.1032,0.1532,39.8113,60.7618,62.131,0.001
0.1033,0.1533,40.2956,60.6926,62.4232,0.001
0.1034,0.1534,40.1516,60.9138,62.9566,0.001
0.1035,0.1535,39.8026,61.6787,63.5178,0.001
0.1036,0.1536,39.3445,62.8077,64.2459,0.001
0.1037,0.1537,38.5898,63.3745,65.1225,0.001
0.1038,0.1538,38.4633,64.015,66.0176,0.001
0.1039,0.1539,38.5375,64.7385,67.024,0.001
0.104,0.154,38.6683,64.7155,67.8264,0.001
0.1041,0.1541,38.9912,64.6463,68.3644,0.001
0.1042,0.1542,39.0391,64.3192,68.7725,0.001
0.1043,0.1543,39.4405,64.0888,68.587,0.001
0.1044,0.1544,39.7415,64.2592,67.8032,0.001
0.1045,0.1545,38.9519,64.1072,66.7828,0.001
0.1046,0.1546,38.1099,64.0058,66.1753,0.001
0.1047,0.1547,37.7042,64.3883,65.999,0.001
0.1048,0.1548,38.4153,64.7938,65.6744,0.001
0.1049,0.1549,39.1002,65.2085,65.2755,0.001
0.105,0.155,38.8254,64.9919,64.8396,0.001
0.1051,0.1551,38.1797,64.6878,64.8442,0.001
0.1052,0.1552,37.3465,64.3606,65.3636,0.001
0.1053,0.1553,36.1773,63.9321,65.9851,0.001
0.1054,0.1554,33.3635,64.2316,66.3979,0.001
0.1055,0.1555,29.1668,65.0472,67.1678,0.001
0.1056,0.1556,28.0893,65.2223,68.1928,0.001
0.1057,0.1557,29.2715,65.3468,69.2966,0.001
0.1058,0.1558,30.1309,65.2454,69.3801,0.001
0.1059,0.1559,30.1048,65.3375,68.8328,0.001
0.106,0.156,29.6336,65.7661,68.587,0.001
0.1061,0.1561,29.5289,64.9781,68.9441,0.001
0.1062,0.1562,29.494,63.1257,69.6398,0.001
0.1063,0.1563,29.5289,58.6974,69.9923,0.001
0.1064,0.1564,29.4722,56.3566,69.6584,0.001
0.1065,0.1565,28.8397,56.5778,69.6445,0.001
0.1066,0.1566,27.6182,57.8588,69.8995,0.001
0.1067,0.1567,26.846,59.1398,70.739,0.001
0.1068,0.1568,26.7239,59.4162,71.226,0.001
0.1069,0.1569,26.6366,58.9462,71.393,0.001
0.107,0.157,27.0511,58.7481,71.764,0.001
0.1071,0.1571,27.1034,58.1353,72.3206,0.001
0.1072,0.1572,26.135,57.186,72.5988,0.001
0.1073,0.1573,25.3716,56.8082,72.7287,0.001
0.1074,0.1574,24.944,56.352,72.5061,0.001
0.1075,0.1575,24.0192,55.9005,71.9681,0.001
0.1076,0.1576,22.7978,55.5226,71.7037,0.001
0.1077,0.1577,22.2219,55.1126,72.3206,0.001
0.1078,0.1578,21.8599,54.5182,72.9838,0.001
0.1079,0.1579,21.5588,53.7026,73.0626,0.001
0.108,0.158,21.9776,53.2649,72.5385,0.001
0.1081,0.1581,23.1467,53.4307,72.1675,0.001
0.1082,0.1582,24.5776,53.2695,72.1582,0.001
0.1083,0.1583,25.6028,52.5553,72.2696,0.001
0.1084,0.1584,26.3226,51.9425,72.52,0.001
0.1085,0.1585,26.9944,51.6706,72.7844,0.001
0.1086,0.1586,27.688,51.9517,73.1879,0.001
0.1087,0.1587,27.9585,52.7626,73.0766,0.001
0.1088,0.1588,28.3249,53.5644,72.9931,0.001
0.1089,0.1589,29.2105,53.8731,73.276,0.001
0.109,0.159,30.5018,53.7072,73.327,0.001
0.1091,0.1591,31.4833,53.4031,73.3409,0.001
0.1092,0.1592,31.793,53.1312,72.9003,0.001
0.1093,0.1593,31.3045,52.0853,72.2927,0.001
0.1094,0.1594,31.1125,50.9703,72.2974,0.001
0.1095,0.1595,30.7679,50.1087,72.2742,0.001
0.1096,0.1596,29.6075,49.9198,72.2278,0.001
0.1097,0.1597,29.1276,49.3669,71.5321,0.001
0.1098,0.1598,29.5551,47.9846,70.7205,0.001
0.1099,0.1599,30.685,46.5057,70.4236,0.001
0.11,0.16,31.3263,45.5658,69.9552,0.001
0.1101,0.1601,31.3175,44.7964,69.9552,0.001
0.1102,0.1602,31.5269,43.8657,70.3494,0.001
0.1103,0.1603,32.0155,42.0366,70.3773,0.001
0.1104,0.1604,32.2642,40.2122,70.8735,0.001
0.1105,0.1605,32.7484,40.9862,71.1611,0.001
0.1106,0.1606,32.8662,42.9074,71.328,0.001
0.1107,0.1607,32.382,44.0039,71.6017,0.001
0.1108,0.1608,32.033,43.9486,70.3587,0.001
0.1109,0.1609,31.4484,43.4234,68.2392,0.001
0.111,0.161,31.0558,42.9028,64.334,0.001
0.1111,0.1611,31.6927,42.3821,61.3333,0.001
0.1112,0.1612,32.5129,41.751,61.004,0.001
0.1113,0.1613,32.9229,40.9539,61.8945,0.001
0.1114,0.1614,32.5608,39.8114,62.7525,0.001
0.1115,0.1615,32.4125,38.6135,62.7803,0.001
0.1116,0.1616,32.129,37.8442,61.6812,0.001
0.1117,0.1617,31.2041,37.3696,60.5913,0.001
0.1118,0.1618,30.3622,36.8076,59.7333,0.001
0.1119,0.1619,29.6205,37.0149,58.7454,0.001
0.112,0.162,28.8877,36.9919,58.5692,0.001
0.1121,0.1621,28.5125,36.1304,58.43,0.001
0.1122,0.1622,28.5125,35.2965,58.0961,0.001
0.1123,0.1623,28.7306,34.564,58.5599,0.001
0.1124,0.1624,28.9138,33.9145,58.5738,0.001
0.1125,0.1625,28.5605,33.44,57.368,0.001
0.1126,0.1626,28.0675,33.3156,55.4897,0.001
0.1127,0.1627,27.2954,33.2419,53.0131,0.001
0.1128,0.1628,26.3924,32.8549,51.3713,0.001
0.1129,0.1629,25.5984,33.4538,50.0217,0.001
0.113,0.163,25.3061,34.8312,48.6675,0.001
0.1131,0.1631,25.4544,36.1442,47.9858,0.001
0.1132,0.1632,26.1742,36.78,47.2762,0.001
0.1133,0.1633,26.9595,36.9458,47.4988,0.001
0.1134,0.1634,27.6007,37.1301,48.1991,0.001
0.1135,0.1635,28.7524,37.494,48.7417,0.001
0.1136,0.1636,29.9303,37.6092,49.2612,0.001
0.1137,0.1637,30.1877,38.5536,48.969,0.001
0.1138,0.1638,29.6467,39.9358,48.009,0.001
0.1139,0.1639,28.6216,41.3686,47.6333,0.001
0.114,0.164,27.7142,42.0689,46.9423,0.001
0.1141,0.1641,26.99,41.8431,45.6994,0.001
0.1142,0.1642,26.0914,40.8203,45.0594,0.001
0.1143,0.1643,25.341,40.2122,44.5261,0.001
0.1144,0.1644,24.5689,39.3507,44.1319,0.001
0.1145,0.1645,23.8665,37.9455,42.8519,0.001
0.1146,0.1646,23.5175,37.4664,40.8994,0.001
0.1147,0.1647,23.2253,38.0284,38.7986,0.001
0.1148,0.1648,22.8719,38.6227,36.8554,0.001
0.1149,0.1649,23.0028,38.4062,34.6804,0.001
0.115,0.165,23.2994,37.7428,33.1036,0.001
0.1151,0.1651,23.5786,37.3097,31.193,0.001
0.1152,0.1652,24.1065,37.4111,28.865,0.001
0.1153,0.1653,24.8612,37.623,28.4893,0.001
0.1154,0.1654,25.4501,37.8994,29.8249,0.001
0.1155,0.1655,25.5635,37.6921,31.0585,0.001
0.1156,0.1656,25.5722,36.8583,31.4666,0.001
0.1157,0.1657,25.7031,35.8079,31.1466,0.001
0.1158,0.1658,25.69,35.0385,30.6272,0.001
0.1159,0.1659,25.4195,34.647,30.0707,0.001
0.116,0.166,24.8219,35.0293,29.3194,0.001
0.1161,0.1661,24.0149,35.4255,28.4893,0.001
0.1162,0.1662,23.0944,35.2965,27.5665,0.001
0.1163,0.1663,22.6756,34.6746,26.0964,0.001
0.1164,0.1664,22.8981,34.2093,24.6588,0.001
0.1165,0.1665,23.2078,33.3893,23.3742,0.001
0.1166,0.1666,23.4914,32.3205,22.3632,0.001
0.1167,0.1667,23.9232,31.717,20.8236,0.001
0.1168,0.1668,24.0934,31.6203,19.2608,0.001
0.1169,0.1669,24.2461,31.9013,17.1137,0.001
0.117,0.167,24.3071,32.3113,15.1568,0.001
0.1171,0.1671,24.3813,32.8917,13.5059,0.001
0.1172,0.1672,24.5689,34.3521,12.7593,0.001
0.1173,0.1673,24.8568,34.9187,12.75,0.001
0.1174,0.1674,25.184,33.6795,12.7314,0.001
0.1175,0.1675,24.8263,31.717,13.1349,0.001
0.1176,0.1676,23.9451,29.1787,13.8722,0.001
0.1177,0.1677,23.0377,26.9353,14.0531,0.001
0.1178,0.1678,22.5927,24.8946,14.2803,0.001
0.1179,0.1679,22.536,23.2778,14.6188,0.001
0.118,0.168,22.584,23.0889,14.4241,0.001
0.1181,0.1681,22.8414,23.3515,13.5662,0.001
0.1182,0.1682,23.2253,24.1484,12.7268,0.001
0.1183,0.1683,23.6179,24.7656,12.3976,0.001
0.1184,0.1684,24.0803,25.0973,12.1982,0.001
0.1185,0.1685,24.8132,25.5579,11.7947,0.001
0.1186,0.1686,25.6769,25.1065,11.6139,0.001
0.1187,0.1687,26.2571,23.8536,12.1425,0.001
0.1188,0.1688,26.689,22.4763,12.9308,0.001
0.1189,0.1689,26.8679,21.5273,12.7778,0.001
0.119,0.169,26.6716,20.5784,11.8364,0.001
0.1191,0.1691,26.6105,20.0718,10.283,0.001
0.1192,0.1692,26.6759,19.5881,8.50687,0.001
0.1193,0.1693,26.9115,18.934,6.72153,0.001
0.1194,0.1694,27.4699,18.3721,5.41383,0.001
0.1195,0.1695,28.0719,17.9114,5.48802,0.001
0.1196,0.1696,28.6957,17.2758,6.27172,0.001
0.1197,0.1697,28.7961,16.4098,6.91629,0.001
0.1198,0.1698,28.434,15.5623,7.50986,0.001
0.1199,0.1699,27.8189,14.7056,7.70463,0.001
0.12,0.17,27.3216,14.291,7.81592,0.001
0.1201,0.1701,27.1732,14.139,8.06633,0.001
0.1202,0.1702,27.1994,14.0331,8.46978,0.001
0.1203,0.1703,27.134,13.8995,9.07262,0.001
0.1204,0.1704,26.8068,13.7429,9.29521,0.001
0.1205,0.1705,26.3356,13.7798,9.31376,0.001
0.1206,0.1706,25.8514,14.0377,9.60127,0.001
0.1207,0.1707,25.6769,14.0515,9.76821,0.001
0.1208,0.1708,25.8689,13.8212,10.0001,0.001
0.1209,0.1709,26.1786,13.1718,10.3479,0.001
0.121,0.171,26.4578,12.1953,9.87023,0.001
0.1211,0.1711,26.3313,11.3754,8.66454,0.001
0.1212,0.1712,25.7249,10.6892,7.32901,0.001
0.1213,0.1713,24.8568,10.2286,6.41083,0.001
0.1214,0.1714,23.5917,9.92458,5.97493,0.001
0.1215,0.1715,22.4749,9.55151,5.76162,0.001
0.1216,0.1716,21.7857,9.3857,5.35818,0.001
0.1217,0.1717,21.3974,8.45532,5.01503,0.001
0.1218,0.1718,21.4193,7.15189,5.04285,0.001
0.1219,0.1719,21.5937,5.8761,5.34891,0.001
0.122,0.172,21.8162,5.04708,5.4973,0.001
0.1221,0.1721,22.3441,4.27794,5.68279,0.001
0.1222,0.1722,21.8293,3.96476,5.71988,0.001
0.1223,0.1723,20.7256,4.42532,4.94083,0.001
0.1224,0.1724,19.3995,5.02405,4.01802,0.001
0.1225,0.1725,17.6851,5.01024,3.28998,0.001
0.1226,0.1726,16.5247,5.02405,2.66859,0.001
0.1227,0.1727,15.5781,4.56349,2.22342,0.001
0.1228,0.1728,14.7711,3.64236,1.98229,0.001
0.1229,0.1729,15.0285,2.61071,1.89882,0.001
0.123,0.173,15.517,1.58368,1.78289,0.001
0.1231,0.1731,16.7079,0.786923,2.01475,0.001
0.1232,0.1732,18.1998,0.312559,2.02866,0.001
0.1233,0.1733,18.9153,0.13755,1.87563,0.001
0.1234,0.1734,19.2512,0.252688,1.93128,0.001
0.1235,0.1735,18.9851,0.363219,1.92664,0.001
0.1236,0.1736,18.3176,0.109919,1.72724,0.001
0.1237,0.1737,17.7505,-0.0144295,1.34699,0.001
0.1238,0.1738,17.2532,0.225055,1.01311,0.001
0.1239,0.1739,16.5858,0.492173,1.06412,0.001
0.124,0.174,16.6076,0.883639,1.05949,0.001
0.1241,0.1741,16.6905,0.906666,0.711698,0.001
0.1242,0.1742,16.3153,0.653364,0.275803,0.001
0.1243,0.1743,15.4909,0.653364,0.0578553,0.001
0.1244,0.1744,14.3436,0.791529,0.141325,0.001
0.1245,0.1745,13.0611,0.874428,0.428829,0.001
0.1246,0.1746,11.8222,0.897455,0.623591,0.001
0.1247,0.1747,10.4306,0.814556,0.846176,0.001
0.1248,0.1748,9.61491,0.694814,1.18005,0.001
0.1249,0.1749,9.68906,0.501384,1.50002,0.001
0.125,0.175,10.1515,0.432301,1.86172,0.001
0.1251,0.1751,10.5833,0.409274,2.16314,0.001
0.1252,0.1752,10.6139,0.501384,2.30689,0.001
0.1253,0.1753,10.6269,0.529015,2.14923,0.001
0.1254,0.1754,11.1112,0.487567,1.60667,0.001
0.1255,0.1755,11.4296,0.524411,1.34236,0.001
0.1256,0.1756,11.4601,0.621126,1.37482,0.001
0.1257,0.1757,10.9149,0.69942,1.42582,0.001
0.1258,0.1758,10.1253,0.754684,1.4351,0.001
0.1259,0.1759,9.65417,0.856006,1.50466,0.001
0.126,0.176,9.37934,1.00799,1.59276,0.001
0.1261,0.1761,9.6498,1.17379,1.70406,0.001
0.1262,0.1762,9.93771,1.29353,1.70869,0.001
0.1263,0.1763,10.2562,1.33498,1.77825,0.001
0.1264,0.1764,10.3739,1.28892,1.75043,0.001
0.1265,0.1765,10.4655,1.23826,1.68087,0.001
0.1266,0.1766,10.1384,1.13234,1.69942,0.001
0.1267,0.1767,8.96057,1.0218,1.83854,0.001
0.1268,0.1768,8.04887,0.961932,1.871,0.001
0.1269,0.1769,7.42507,0.89285,1.72724,0.001
0.127,0.177,7.22005,0.874428,1.62522,0.001
0.1271,0.1771,7.1677,0.819162,1.60667,0.001
0.1272,0.1772,7.54285,0.768501,1.62059,0.001
0.1273,0.1773,8.55052,0.736262,1.69942,0.001
0.1274,0.1774,9.7196,0.750079,1.75043,0.001
0.1275,0.1775,10.592,0.745473,1.77361,0.001
0.1276,0.1776,11.3511,0.704025,1.79216,0.001
0.1277,0.1777,11.4427,0.69942,1.78289,0.001
0.1278,0.1778,11.1853,0.694814,1.71797,0.001
0.1279,0.1779,10.7491,0.69942,1.75507,0.001
0.128,0.178,10.1558,0.690209,1.89418,0.001
0.1281,0.1781,9.26157,0.653364,2.15386,0.001
0.1282,0.1782,8.34986,0.644153,2.33472,0.001
0.1283,0.1783,7.87874,0.680998,2.37181,0.001
0.1284,0.1784,7.7217,0.685603,2.3579,0.001
0.1285,0.1785,8.16665,0.676392,2.31153,0.001
0.1286,0.1786,8.60287,0.625731,2.25125,0.001
0.1287,0.1787,9.18304,0.671786,2.21879,0.001
0.1288,0.1788,9.92026,0.676392,2.21879,0.001
0.1289,0.1789,10.6575,0.676392,2.23733,0.001
0.129,0.179,11.9094,0.644153,2.22342,0.001
0.1291,0.1791,12.7863,0.653364,2.1585,0.001
0.1292,0.1792,13.2399,0.680998,2.10749,0.001
0.1293,0.1793,14.3174,0.680998,2.0704,0.001
0.1294,0.1794,15.4472,0.671786,2.16778,0.001
0.1295,0.1795,16.2935,0.653364,2.33472,0.001
0.1296,0.1796,16.7865,0.690209,2.42746,0.001
0.1297,0.1797,16.9086,0.713236,2.46919,0.001
0.1298,0.1798,16.9043,0.708631,2.51557,0.001
0.1299,0.1799,17.0089,0.685603,2.50629,0.001
0.13,0.18,16.8214,0.713236,2.3208,0.001
0.1301,0.1801,16.8083,0.745473,2.16314,0.001
0.1302,0.1802,17.2009,0.745473,2.0333,0.001
0.1303,0.1803,17.8945,0.717842,1.9591,0.001
0.1304,0.1804,18.8978,0.731657,2.08894,0.001
0.1305,0.1805,19.6569,0.768501,2.25125,0.001
0.1306,0.1806,19.7441,0.773107,2.38572,0.001
0.1307,0.1807,20.1236,0.745473,2.33472,0.001
0.1308,0.1808,21.4105,0.763895,2.27907,0.001
0.1309,0.1809,22.2088,0.791529,2.31153,0.001
0.131,0.181,21.5501,0.791529,2.43673,0.001
0.1311,0.1811,20.9219,0.786923,2.60367,0.001
0.1312,0.1812,20.8565,0.75929,2.76134,0.001
0.1313,0.1813,20.8652,0.786923,2.75206,0.001
0.1314,0.1814,21.0266,0.80074,2.57121,0.001
0.1315,0.1815,21.3974,0.80074,2.395,0.001
0.1316,0.1816,21.2273,0.777712,2.26979,0.001
0.1317,0.1817,21.1444,0.777712,2.18633,0.001
0.1318,0.1818,21.1575,0.768501,2.15386,0.001
0.1319,0.1819,20.9438,0.80074,2.18169,0.001
0.132,0.182,20.2807,0.782318,2.20951,0.001
0.1321,0.1821,19.5827,0.791529,2.1214,0.001
0.1322,0.1822,19.1378,0.796134,2.02866,0.001
0.1323,0.1823,18.9066,0.791529,2.01011,0.001
0.1324,0.1824,18.8586,0.777712,1.91273,0.001
0.1325,0.1825,18.4834,0.768501,1.86172,0.001
0.1326,0.1826,18.178,0.796134,1.7597,0.001
0.1327,0.1827,18.2304,0.814556,1.65768,0.001
0.1328,0.1828,18.4223,0.823767,1.5974,0.001
0.1329,0.1829,18.7321,0.897455,1.52784,0.001
0.133,0.183,19.1683,1.01259,1.47683,0.001
0.1331,0.1831,20.0451,1.13694,1.44901,0.001
0.1332,0.1832,21.6723,1.24287,1.4722,0.001
0.1333,0.1833,22.789,1.33958,1.51393,0.001
0.1334,0.1834,22.8894,1.44551,1.54176,0.001
0.1335,0.1835,22.6669,1.57907,1.5603,0.001
0.1336,0.1836,22.8457,1.70342,1.61131,0.001
0.1337,0.1837,22.8327,1.88304,1.66696,0.001
0.1338,0.1838,22.2263,2.12252,1.71333,0.001
0.1339,0.1839,21.1619,2.55545,1.80144,0.001
0.134,0.184,20.3025,3.24168,1.89882,0.001
0.1341,0.1841,20.0102,4.62336,1.93592,0.001
0.1342,0.1842,20.6122,6.98608,2.02402,0.001
0.1343,0.1843,21.7944,9.86471,2.21415,0.001
0.1344,0.1844,22.6102,11.5873,2.57121,0.001
0.1345,0.1845,23.3256,12.1631,2.97001,0.001
0.1346,0.1846,24.2897,12.315,3.27607,0.001
0.1347,0.1847,24.992,12.2736,3.32244,0.001
0.1348,0.1848,25.3759,11.9834,3.20187,0.001
0.1349,0.1849,25.5111,10.9839,3.17869,0.001
0.135,0.185,25.2014,9.48242,3.14159,0.001
0.1351,0.1851,24.9222,7.78748,2.97929,0.001
0.1352,0.1852,24.7565,7.31309,2.79844,0.001
0.1353,0.1853,24.4336,8.80997,2.61758,0.001
0.1354,0.1854,24.2548,11.6288,2.47847,0.001
0.1355,0.1855,23.9756,13.2961,2.38572,0.001
0.1356,0.1856,23.6441,13.1027,2.35326,0.001
0.1357,0.1857,23.3867,13.1533,2.395,0.001
0.1358,0.1858,22.981,14.8484,2.38109,0.001
0.1359,0.1859,22.5578,16.6355,2.21879,0.001
0.136,0.186,22.4139,18.1141,1.88954,0.001
0.1361,0.1861,22.6538,19.0445,1.55103,0.001
0.1362,0.1862,22.7498,19.3624,1.37018,0.001
0.1363,0.1863,22.7411,19.3808,1.28671,0.001
0.1364,0.1864,22.8719,19.3946,1.32844,0.001
0.1365,0.1865,23.1337,19.0998,1.36554,0.001
0.1366,0.1866,23.3823,19.1827,1.35627,0.001
0.1367,0.1867,23.282,19.3992,1.3609,0.001
0.1368,0.1868,22.7672,19.1781,1.41655,0.001
0.1369,0.1869,22.0823,18.6899,1.48147,0.001
0.137,0.187,21.8686,17.2343,1.53248,0.001
0.1371,0.1871,21.8991,14.3924,1.57885,0.001
0.1372,0.1872,21.6766,13.5172,1.5974,0.001
0.1373,0.1873,21.3756,16.3499,1.62059,0.001
0.1374,0.1874,20.8696,19.109,1.63914,0.001
0.1375,0.1875,20.6602,20.0718,1.64377,0.001
0.1376,0.1876,20.224,20.0764,1.70406,0.001
0.1377,0.1877,19.4518,19.975,1.78753,0.001
0.1378,0.1878,18.2697,20.0579,1.94055,0.001
0.1379,0.1879,17.0438,20.256,2.10749,0.001
0.138,0.188,16.4418,20.6844,2.27443,0.001
0.1381,0.1881,16.1714,21.6241,2.52484,0.001
0.1382,0.1882,16.0929,22.4164,2.85872,0.001
0.1383,0.1883,16.3153,22.6605,3.10449,0.001
0.1384,0.1884,16.4462,22.467,3.19724,0.001
0.1385,0.1885,16.612,22.4947,3.14159,0.001
0.1386,0.1886,17.1006,22.3703,3.01175,0.001
0.1387,0.1887,17.0962,21.9373,2.87727,0.001
0.1388,0.1888,17.0526,21.3293,2.72424,0.001
0.1389,0.1889,17.2489,20.8778,2.53875,0.001
0.139,0.189,17.5455,20.6614,2.40891,0.001
0.1391,0.1891,18.6143,20.9792,2.24661,0.001
0.1392,0.1892,20.3199,21.8774,2.1214,0.001
0.1393,0.1893,21.3102,22.7757,1.98229,0.001
0.1394,0.1894,21.0572,23.5127,1.85245,0.001
0.1395,0.1895,20.5599,24.199,1.77825,0.001
0.1396,0.1896,20.0538,24.7196,1.82462,0.001
0.1397,0.1897,19.5173,25.0927,3.14623,0.001
0.1398,0.1898,18.7931,25.1249,7.99677,0.001
0.1399,0.1899,17.8683,24.7749,11.9431,0.001
0.14,0.19,16.6294,24.5537,13.6543,0.001
0.1401,0.1901,15.5432,24.3096,14.3499,0.001
0.1402,0.1902,16.1234,23.8582,15.0501,0.001
0.1403,0.1903,18.2827,24.2221,15.9358,0.001
0.1404,0.1904,20.9699,24.5906,16.7567,0.001
0.1405,0.1905,22.1172,24.4892,17.5682,0.001
0.1406,0.1906,21.5632,24.6919,18.5281,0.001
0.1407,0.1907,21.777,24.7795,19.1356,0.001
0.1408,0.1908,23.3474,24.7012,19.4556,0.001
0.1409,0.1909,25.0269,24.7887,19.5994,0.001
0.141,0.191,26.1437,24.8347,19.757,0.001
0.1411,0.1911,26.3924,24.7058,19.386,0.001
0.1412,0.1912,26.1001,24.6274,18.1386,0.001
0.1413,0.1913,26.0085,24.6274,15.4072,0.001
0.1414,0.1914,25.9648,24.89,10.8116,0.001
0.1415,0.1915,25.8471,25.3507,8.48833,0.001
0.1416,0.1916,25.7467,25.2079,8.27037,0.001
0.1417,0.1917,25.0051,24.4017,8.20545,0.001
0.1418,0.1918,23.8665,23.5219,7.79737,0.001
0.1419,0.1919,22.4662,22.9461,7.17598,0.001
0.142,0.192,20.4508,22.573,6.81891,0.001
0.1421,0.1921,18.5401,22.0985,6.65197,0.001
0.1422,0.1922,20.0582,21.7807,6.09087,0.001
0.1423,0.1923,24.0279,21.426,5.34427,0.001
0.1424,0.1924,26.6366,21.6978,4.80635,0.001
0.1425,0.1925,27.8145,22.1999,4.4632,0.001
0.1426,0.1926,28.6303,22.3104,4.30553,0.001
0.1427,0.1927,29.6816,22.0064,4.32872,0.001
0.1428,0.1928,29.9695,21.5596,4.69042,0.001
0.1429,0.1929,29.1799,21.3753,5.12168,0.001
0.143,0.193,28.0283,21.3799,6.05377,0.001
0.1431,0.1931,27.6923,21.426,6.32736,0.001
0.1432,0.1932,28.1417,21.684,5.90538,0.001
0.1433,0.1933,27.8058,22.1308,5.4602,0.001
0.1434,0.1934,26.4273,22.6743,5.4231,0.001
0.1435,0.1935,24.7696,23.3515,5.25616,0.001
0.1436,0.1936,23.7051,23.7338,4.74143,0.001
0.1437,0.1937,23.4652,24.001,4.17105,0.001
0.1438,0.1938,23.4347,24.3557,4.04121,0.001
0.1439,0.1939,23.4608,24.5491,4.45856,0.001
0.144,0.194,23.8971,24.4616,5.23298,0.001
0.1441,0.1941,24.8612,24.3603,6.16506,0.001
0.1442,0.1942,25.8645,24.2405,6.8421,0.001
0.1443,0.1943,26.6192,23.9181,7.16207,0.001
0.1444,0.1944,27.1078,23.7522,7.20844,0.001
0.1445,0.1945,27.6313,23.743,7.31973,0.001
0.1446,0.1946,28.8048,23.8029,7.34292,0.001
0.1447,0.1947,30.2226,23.7246,7.10178,0.001
0.1448,0.1948,29.6467,23.7983,6.49894,0.001
0.1449,0.1949,27.4917,24.1852,6.07232,0.001
0.145,0.195,26.3051,24.8209,5.9703,0.001
0.1451,0.1951,25.9823,25.6961,6.10014,0.001
0.1452,0.1952,26.292,26.4654,6.45257,0.001
0.1453,0.1953,26.5538,27.0781,6.58241,0.001
0.1454,0.1954,26.3444,27.5802,6.91166,0.001
0.1455,0.1955,25.8863,27.6908,7.27336,0.001
0.1456,0.1956,25.1447,27.6677,7.16671,0.001
0.1457,0.1957,24.3071,27.3499,6.85137,0.001
0.1458,0.1958,23.8273,27.0965,6.46184,0.001
0.1459,0.1959,23.8971,26.751,5.859,0.001
0.146,0.196,24.3595,26.1153,5.0243,0.001
0.1461,0.1961,25.0138,25.2908,4.59768,0.001
0.1462,0.1962,25.6028,24.047,4.2638,0.001
0.1463,0.1963,26.5189,21.8498,3.84645,0.001
0.1464,0.1964,27.4742,18.174,3.6285,0.001
0.1465,0.1965,28.1155,15.3642,3.17869,0.001
0.1466,0.1966,28.4645,13.987,2.46456,0.001
0.1467,0.1967,28.4209,13.3422,1.83854,0.001
0.1468,0.1968,27.7622,12.9737,1.4351,0.001
0.1469,0.1969,26.846,12.7895,1.18933,0.001
0.147,0.197,26.5407,12.5315,0.976018,0.001
0.1471,0.1971,26.9464,12.5269,0.799804,0.001
0.1472,0.1972,27.1471,12.4256,0.697787,0.001
0.1473,0.1973,26.6018,12.3058,1.35163,0.001
0.1474,0.1974,25.882,12.5546,2.20024,0.001
0.1475,0.1975,25.2581,13.1165,2.67787,0.001
0.1476,0.1976,25.0313,13.789,2.81235,0.001
0.1477,0.1977,25.2756,13.6692,2.52948,0.001
0.1478,0.1978,25.2145,12.7849,2.23733,0.001
0.1479,0.1979,24.6343,11.8038,2.40891,0.001
0.148,0.198,24.0323,11.4215,2.71033,0.001
0.1481,0.1981,23.8971,11.6011,3.02102,0.001
0.1482,0.1982,24.3071,10.8043,3.64241,0.001
0.1483,0.1983,24.7303,9.21528,4.24525,0.001
0.1484,0.1984,24.9397,7.7184,5.07067,0.001
0.1485,0.1985,24.8699,6.87554,6.02131,0.001
0.1486,0.1986,24.3857,6.70513,6.75863,0.001
0.1487,0.1987,23.2994,6.98608,7.12497,0.001
0.1488,0.1988,21.332,7.46969,7.11106,0.001
0.1489,0.1989,19.8008,8.10068,6.88847,0.001
0.149,0.199,19.4257,9.13698,6.69834,0.001
0.1491,0.1991,19.6176,10.3161,6.29954,0.001
0.1492,0.1992,19.7703,11.0116,5.80799,0.001
0.1493,0.1993,19.8706,11.1958,5.32572,0.001
0.1494,0.1994,20.2022,11.3432,5.25152,0.001
0.1495,0.1995,20.6602,12.0433,5.71988,0.001
0.1496,0.1996,21.1183,12.596,6.24853,0.001
0.1497,0.1997,21.2273,11.3294,7.01831,0.001
0.1498,0.1998,20.9961,9.28898,7.87157,0.001
0.1499,0.1999,20.6907,8.24346,8.6599,0.001
0.15,0.2,20.7038,8.01777,9.53635,0.001
0.1501,0.2001,20.6515,8.34939,10.2551,0.001
0.1502,0.2002,20.3461,8.68101,10.9739,0.001
0.1503,0.2003,20.4901,8.62574,11.5026,0.001
0.1504,0.2004,21.0092,8.39545,11.8504,0.001
0.1505,0.2005,21.2666,8.02238,12.3373,0.001
0.1506,0.2006,21.1401,7.53877,13.3436,0.001
0.1507,0.2007,21.1226,7.21176,15.4072,0.001
0.1508,0.2008,21.4411,7.30388,18.4586,0.001
0.1509,0.2009,21.2404,7.4835,20.6613,0.001
0.151,0.201,20.6166,7.60786,21.3384,0.001
0.1511,0.2011,19.3777,7.69076,21.3337,0.001
0.1512,0.2012,17.925,7.74143,20.4805,0.001
0.1513,0.2013,16.1059,7.80591,19.9657,0.001
0.1514,0.2014,13.7023,7.8013,20.4712,0.001
0.1515,0.2015,12.2104,7.61246,20.9535,0.001
0.1516,0.2016,11.9051,7.06438,21.139,0.001
0.1517,0.2017,12.2192,6.15245,21.4636,0.001
0.1518,0.2018,12.3806,5.305,22.1731,0.001
0.1519,0.2019,12.2366,4.8997,22.8966,0.001
0.152,0.202,11.5954,4.94115,23.5041,0.001
0.1521,0.2021,10.7665,5.16683,24.0466,0.001
0.1522,0.2022,9.93335,4.6556,24.7933,0.001
0.1523,0.2023,9.6498,3.85883,25.6141,0.001
0.1524,0.2024,9.91154,3.50419,26.4303,0.001
0.1525,0.2025,10.2605,3.49498,26.7781,0.001
0.1526,0.2026,10.2823,3.87725,26.1242,0.001
0.1527,0.2027,10.2518,4.19504,25.1086,0.001
0.1528,0.2028,9.99006,3.95094,24.3342,0.001
0.1529,0.2029,9.18741,3.37984,24.2368,0.001
0.153,0.203,8.23644,3.46274,24.4918,0.001
0.1531,0.2031,7.5254,4.22267,24.0281,0.001
0.1532,0.2032,6.8449,5.01945,22.8038,0.001
0.1533,0.2033,6.19493,5.69188,21.7557,0.001
0.1534,0.2034,5.65838,6.31825,21.4636,0.001
0.1535,0.2035,5.42719,6.73277,21.561,0.001
0.1536,0.2036,5.6104,6.88476,21.9459,0.001
0.1537,0.2037,6.35633,6.12942,22.5441,0.001
0.1538,0.2038,7.70425,4.77074,23.3928,0.001
0.1539,0.2039,9.327,3.95554,24.6866,0.001
0.154,0.204,11.4863,4.02463,26.3097,0.001
0.1541,0.2041,13.301,4.41611,27.6314,0.001
0.1542,0.2042,13.9248,4.43913,28.2621,0.001
0.1543,0.2043,13.4668,4.35623,28.9623,0.001
0.1544,0.2044,12.9913,4.29175,30.2748,0.001
0.1545,0.2045,12.9695,4.69705,31.0075,0.001
0.1546,0.2046,13.1832,5.33263,29.7554,0.001
0.1547,0.2047,13.096,5.74254,27.9746,0.001
0.1548,0.2048,13.2923,5.81162,27.0934,0.001
0.1549,0.2049,13.7329,5.50765,27.163,0.001
0.155,0.205,14.0949,5.305,27.534,0.001
0.1551,0.2051,14.6882,5.09774,27.3902,0.001
0.1552,0.2052,15.2946,4.83061,26.843,0.001
0.1553,0.2053,15.4385,5.11156,25.9851,0.001
0.1554,0.2054,15.5781,5.75175,24.9509,0.001
0.1555,0.2055,16.0711,6.21692,24.7098,0.001
0.1556,0.2056,16.6076,7.01832,25.4564,0.001
0.1557,0.2057,16.8693,8.95736,26.7549,0.001
0.1558,0.2058,16.8868,12.2598,28.1647,0.001
0.1559,0.2059,16.7385,15.1385,29.8157,0.001
0.156,0.206,16.5465,16.1795,31.6753,0.001
0.1561,0.2061,16.0492,15.9768,32.9738,0.001
0.1562,0.2062,15.3687,15.3642,33.6926,0.001
0.1563,0.2063,14.6228,15.1431,34.1285,0.001
0.1564,0.2064,13.7896,15.6913,33.8967,0.001
0.1565,0.2065,12.8822,16.5112,32.5564,0.001
0.1566,0.2066,12.2846,17.2113,30.7385,0.001
0.1567,0.2067,11.9531,17.9299,29.3612,0.001
0.1568,0.2068,11.892,18.6945,28.6563,0.001
0.1569,0.2069,12.0185,19.2611,28.5867,0.001
0.157,0.207,12.0272,19.4315,28.6145,0.001
0.1571,0.2071,12.0883,19.4637,27.9096,0.001
0.1572,0.2072,12.3108,20.0579,27.0378,0.001
0.1573,0.2073,12.4504,21.2049,26.37,0.001
0.1574,0.2074,12.904,22.3657,26.1474,0.001
0.1575,0.2075,13.6238,23.006,26.4396,0.001
0.1576,0.2076,14.4221,23.2824,26.5462,0.001
0.1577,0.2077,15.5127,23.6417,26.4303,0.001
0.1578,0.2078,16.564,23.5956,26.8987,0.001
0.1579,0.2079,17.768,23.2271,28.2389,0.001
0.158,0.208,18.8586,23.1073,29.8249,0.001
0.1581,0.2081,19.4169,23.1165,30.6133,0.001
0.1582,0.2082,19.526,23.0889,30.5623,0.001
0.1583,0.2083,19.8532,23.0336,30.131,0.001
0.1584,0.2084,20.5032,23.1626,29.4261,0.001
0.1585,0.2085,21.4716,23.31,28.2992,0.001
0.1586,0.2086,22.7672,23.7154,26.5509,0.001
0.1587,0.2087,23.8011,24.8578,24.988,0.001
0.1588,0.2088,24.4424,26.4102,24.5382,0.001
0.1589,0.2089,24.8786,28.4417,24.7562,0.001
0.159,0.209,25.4283,30.3166,25.0854,0.001
0.1591,0.2091,26.0303,31.178,25.3405,0.001
0.1592,0.2092,26.2222,30.8786,25.5585,0.001
0.1593,0.2093,26.2615,30.4962,25.6512,0.001
0.1594,0.2094,26.0739,30.768,25.6141,0.001
0.1595,0.2095,26.1742,31.3992,25.4889,0.001
0.1596,0.2096,26.9944,31.4176,25.0901,0.001
0.1597,0.2097,27.9454,31.3208,24.7052,0.001
0.1598,0.2098,28.8091,31.4314,24.566,0.001
0.1599,0.2099,29.4112,31.7585,24.5846,0.001
0.16,0.21,29.9564,32.1915,24.4965,0.001
0.1601,0.2101,30.3534,32.1316,24.3666,0.001
0.1602,0.2102,30.637,31.6986,24.5197,0.001
0.1603,0.2103,30.9162,31.3301,24.5799,0.001
0.1604,0.2104,31.3132,31.3715,24.0003,0.001
0.1605,0.2105,31.8759,32.1777,23.2536,0.001
0.1606,0.2106,33.0276,33.4538,22.7945,0.001
0.1607,0.2107,35.3703,34.7529,22.3911,0.001
0.1608,0.2108,38.7556,35.9829,22.0572,0.001
0.1609,0.2109,40.6009,37.4295,22.1267,0.001
0.161,0.211,40.553,38.7702,22.8224,0.001
0.1611,0.2111,39.2791,39.3,23.9029,0.001
0.1612,0.2112,37.6039,39.3783,24.9648,0.001
0.1613,0.2113,36.6441,39.2769,25.6605,0.001
0.1614,0.2114,36.5961,38.8209,25.7996,0.001
0.1615,0.2115,37.0498,38.0975,25.6187,0.001
0.1616,0.2116,37.2418,37.4802,25.3173,0.001
0.1617,0.2117,37.1938,37.3005,25.1225,0.001
0.1618,0.2118,37.2985,37.3005,25.0808,0.001
0.1619,0.2119,37.5472,37.4249,24.9834,0.001
0.162,0.212,37.9616,37.7474,24.8072,0.001
0.1621,0.2121,38.3673,38.0238,25.2106,0.001
0.1622,0.2122,38.6029,38.1897,26.0825,0.001
0.1623,0.2123,38.6334,38.5306,26.9868,0.001
0.1624,0.2124,38.472,38.9729,27.7241,0.001
0.1625,0.2125,38.4284,39.6409,28.2667,0.001
0.1626,0.2126,38.5113,40.4656,28.2111,0.001
0.1627,0.2127,38.5593,41.6911,27.6407,0.001
0.1628,0.2128,38.4502,43.5109,27.5155,0.001
0.1629,0.2129,38.2583,44.8286,27.6824,0.001
0.163,0.213,37.9834,45.0405,27.6731,0.001
0.1631,0.2131,37.4904,44.4969,27.8911,0.001
0.1632,0.2132,36.6921,43.8334,28.2714,0.001
0.1633,0.2133,35.3048,43.4787,28.851,0.001
0.1634,0.2134,33.3766,43.5247,29.5235,0.001
0.1635,0.2135,32.3209,43.534,30.5159,0.001
0.1636,0.2136,32.334,43.5294,31.8191,0.001
0.1637,0.2137,32.8706,43.8519,33.3912,0.001
0.1638,0.2138,33.5773,44.4923,34.6201,0.001
0.1639,0.2139,33.983,45.1235,34.7964,0.001
0.164,0.214,33.8609,45.5335,34.4949,0.001
0.1641,0.2141,33.3941,45.81,34.6665,0.001
0.1642,0.2142,32.8444,45.9482,35.3158,0.001
0.1643,0.2143,32.5608,45.9251,36.0207,0.001
0.1644,0.2144,32.5172,46.2154,36.2294,0.001
0.1645,0.2145,32.1857,46.607,36.3128,0.001
0.1646,0.2146,31.3961,47.0401,36.5633,0.001
0.1647,0.2147,30.5323,47.7543,36.6143,0.001
0.1648,0.2148,29.9783,48.5698,36.5401,0.001
0.1649,0.2149,29.6205,49.2102,36.1042,0.001
0.165,0.215,29.2803,49.6295,35.7795,0.001
0.1651,0.2151,29.0534,49.5235,35.9975,0.001
0.1652,0.2152,28.9836,49.2932,36.6978,0.001
0.1653,0.2153,29.4155,48.9107,37.8247,0.001
0.1654,0.2154,30.6283,48.3164,39.1557,0.001
0.1655,0.2155,32.0068,47.5976,40.5748,0.001
0.1656,0.2156,33.1018,46.9434,41.98,0.001
0.1657,0.2157,34.2535,46.5886,43.1255,0.001
0.1658,0.2158,35.5535,46.713,43.5104,0.001
0.1659,0.2159,36.4347,47.0493,43.3064,0.001
0.166,0.216,36.6703,47.3995,43.0142,0.001
0.1661,0.2161,36.5438,47.5239,42.5504,0.001
0.1662,0.2162,36.3213,47.464,41.9893,0.001
0.1663,0.2163,35.7629,47.3304,41.7527,0.001
0.1664,0.2164,34.8991,46.8512,42.0032,0.001
0.1665,0.2165,34.1182,45.9436,42.8008,0.001
0.1666,0.2166,33.6296,45.0267,43.6866,0.001
0.1667,0.2167,33.333,44.4185,44.4426,0.001
0.1668,0.2168,32.9927,44.3909,45.2495,0.001
0.1669,0.2169,32.1115,44.1928,45.7226,0.001
0.167,0.217,30.7853,43.5708,46.2837,0.001
0.1671,0.2171,29.3675,42.9995,47.3875,0.001
0.1672,0.2172,28.0762,42.654,48.6861,0.001
0.1673,0.2173,26.7719,42.571,50.198,0.001
0.1674,0.2174,26.196,42.5895,51.6032,0.001
0.1675,0.2175,26.7457,42.3084,52.9853,0.001
0.1676,0.2176,28.0893,41.6911,53.9174,0.001
0.1677,0.2177,29.7471,41.2304,53.8803,0.001
0.1678,0.2178,30.5977,41.0046,53.4027,0.001
0.1679,0.2179,30.0655,40.6591,53.1198,0.001
0.168,0.218,28.4078,39.9634,53.0409,0.001
0.1681,0.2181,26.6672,39.0558,53.3748,0.001
0.1682,0.2182,25.3716,37.7889,53.8061,0.001
0.1683,0.2183,24.2112,37.0472,54.1586,0.001
0.1684,0.2184,22.6843,37.0978,54.678,0.001
0.1685,0.2185,21.4236,37.5816,55.5314,0.001
0.1686,0.2186,21.0223,38.0146,56.7279,0.001
0.1687,0.2187,20.9001,38.0561,57.7807,0.001
0.1688,0.2188,21.0136,37.5631,58.379,0.001
0.1689,0.2189,21.3756,37.2038,58.9356,0.001
0.169,0.219,21.5807,37.4387,59.6591,0.001
0.1691,0.2191,21.3713,37.8349,60.7629,0.001
0.1692,0.2192,20.9394,38.0377,61.9131,0.001
0.1693,0.2193,20.6907,37.9501,62.9148,0.001
0.1694,0.2194,20.4246,37.5171,63.6012,0.001
0.1695,0.2195,20.3156,36.7846,64.0372,0.001
0.1696,0.2196,20.6602,35.9323,64.13,0.001
0.1697,0.2197,21.2404,35.0477,64.1392,0.001
0.1698,0.2198,21.777,34.2277,63.963,0.001
0.1699,0.2199,22.1041,33.8454,63.5873,0.001
0.17,0.22,22.0692,34.0895,63.5595,0.001
0.1701,0.2201,21.6199,34.7805,63.8702,0.001
0.1702,0.2202,20.6733,35.9138,64.3897,0.001
0.1703,0.2203,19.2512,37.2406,65.1874,0.001
0.1704,0.2204,17.9119,38.3924,65.9434,0.001
0.1705,0.2205,17.1529,39.4382,66.6066,0.001
0.1706,0.2206,17.3972,40.2352,67.0147,0.001
0.1707,0.2207,18.6099,40.461,66.9498,0.001
0.1708,0.2208,20.4595,40.355,66.9544,0.001
0.1709,0.2209,22.3441,40.0279,67.0797,0.001
0.171,0.221,23.932,39.6455,67.3997,0.001
0.1711,0.2211,25.0138,39.3,67.831,0.001
0.1712,0.2212,25.5417,39.042,68.0212,0.001
0.1713,0.2213,25.5548,39.0696,68.3644,0.001
0.1714,0.2214,24.9266,39.3184,68.6287,0.001
0.1715,0.2215,24.1675,39.7054,68.7957,0.001
0.1716,0.2216,23.8534,39.9358,68.7818,0.001
0.1717,0.2217,24.0716,39.7331,68.3365,0.001
0.1718,0.2218,24.2155,38.7518,67.7986,0.001
0.1719,0.2219,23.6964,37.6737,67.344,0.001
0.172,0.222,22.8676,37.0656,67.0704,0.001
0.1721,0.2221,22.1783,36.697,67.0797,0.001
0.1722,0.2222,21.6766,36.416,66.9359,0.001
0.1723,0.2223,21.2055,36.7339,66.537,0.001
0.1724,0.2224,20.6515,37.6599,65.9295,0.001
0.1725,0.2225,20.128,38.6274,65.1688,0.001
0.1726,0.2226,20.0058,39.0051,64.2413,0.001
0.1727,0.2227,20.2938,38.6043,63.1931,0.001
0.1728,0.2228,20.7213,37.7059,61.7925,0.001
0.1729,0.2229,21.4323,36.5772,60.0672,0.001
0.173,0.223,22.4095,35.854,58.4811,0.001
0.1731,0.2231,23.3605,35.3288,57.8318,0.001
0.1732,0.2232,24.0454,34.6838,58.0683,0.001
0.1733,0.2233,24.2068,33.8914,58.4996,0.001
0.1734,0.2234,23.9363,33.4814,58.6109,0.001
0.1735,0.2235,23.5481,33.7118,58.0544,0.001
0.1736,0.2236,23.4216,34.0849,56.9135,0.001
0.1737,0.2237,23.3605,34.5871,55.9442,0.001
0.1738,0.2238,23.5961,35.3564,55.3042,0.001
0.1739,0.2239,24.3769,36.1488,54.8265,0.001
0.174,0.224,25.4457,36.6694,54.3859,0.001
0.1741,0.2241,26.4185,36.7938,53.8757,0.001
0.1742,0.2242,26.7937,36.8537,53.2171,0.001
0.1743,0.2243,26.6366,36.7385,52.4797,0.001
0.1744,0.2244,26.6585,36.5035,51.4362,0.001
0.1745,0.2245,26.8373,36.2317,50.1284,0.001
0.1746,0.2246,26.7763,36.0935,48.9504,0.001
0.1747,0.2247,26.2964,36.006,47.9533,0.001
0.1748,0.2248,25.8907,36.0106,47.4014,0.001
0.1749,0.2249,25.9867,36.2548,47.2762,0.001
0.175,0.225,26.5887,36.5266,47.4385,0.001
0.1751,0.2251,27.7098,36.6049,47.5081,0.001
0.1752,0.2252,28.7568,36.6463,47.4849,0.001
0.1753,0.2253,29.59,36.6786,47.6333,0.001
0.1754,0.2254,30.3971,37.0886,47.573,0.001
0.1755,0.2255,30.9293,38.0883,47.1834,0.001
0.1756,0.2256,30.9991,39.604,46.6548,0.001
0.1757,0.2257,30.8202,41.3271,45.8664,0.001
0.1758,0.2258,30.6152,42.7646,45.1151,0.001
0.1759,0.2259,30.4058,44.1605,44.5075,0.001
0.176,0.226,30.0699,45.3262,43.8814,0.001
0.1761,0.2261,29.7209,46.0956,43.311,0.001
0.1762,0.2262,29.5377,46.6162,42.7127,0.001
0.1763,0.2263,29.7907,46.7499,42.1655,0.001
0.1764,0.2264,29.9739,46.8144,41.442,0.001
0.1765,0.2265,29.8997,47.0125,40.3707,0.001
0.1766,0.2266,29.6991,47.1691,39.2021,0.001
0.1767,0.2267,29.3893,47.077,38.1771,0.001
0.1768,0.2268,29.3806,46.5886,37.5835,0.001
0.1769,0.2269,29.7122,46.091,37.2033,0.001
0.177,0.227,30.3054,45.8053,36.7488,0.001
0.1771,0.2271,30.9598,45.5105,36.8137,0.001
0.1772,0.2272,31.3263,45.1327,37.1986,0.001
0.1773,0.2273,31.4222,44.7825,37.4027,0.001
0.1774,0.2274,31.2565,44.4969,37.2172,0.001
0.1775,0.2275,30.8769,44.3264,36.7766,0.001
0.1776,0.2276,30.6588,44.2204,36.0114,0.001
0.1777,0.2277,30.5934,44.2527,35.019,0.001
0.1778,0.2278,30.4974,44.8194,34.2445,0.001
0.1779,0.2279,30.432,45.3953,33.5628,0.001
0.178,0.228,30.3491,45.6625,32.7141,0.001
0.1781,0.2281,30.4101,45.6118,31.6707,0.001
0.1782,0.2282,30.7897,45.1972,30.6087,0.001
0.1783,0.2283,31.4353,44.5199,29.9826,0.001
0.1784,0.2284,32.2075,43.8012,29.4215,0.001
0.1785,0.2285,33.0407,43.2161,28.8371,0.001
0.1786,0.2286,33.8303,42.6862,28.225,0.001
0.1787,0.2287,34.6287,42.29,27.4413,0.001
0.1788,0.2288,35.3441,42.1794,26.523,0.001
0.1789,0.2289,35.7236,42.3038,25.7068,0.001
0.179,0.229,35.9985,42.3545,25.2616,0.001
0.1791,0.2291,36.1468,42.1241,25.3173,0.001
0.1792,0.2292,36.0552,41.7694,25.3173,0.001
0.1793,0.2293,35.8065,41.4239,25.41,0.001
0.1794,0.2294,35.379,40.9032,25.5445,0.001
0.1795,0.2295,34.5981,40.0325,25.41,0.001
0.1796,0.2296,33.6558,38.9729,24.9648,0.001
0.1797,0.2297,32.9578,38.1252,24.3388,0.001
0.1798,0.2298,32.8313,37.729,23.5087,0.001
0.1799,0.2299,33.1192,37.775,22.3586,0.001
0.18,0.23,33.6602,37.8626,21.1854,0.001
0.1801,0.2301,34.1139,37.7382,20.3506,0.001
0.1802,0.2302,34.1793,37.6921,20.179,0.001
0.1803,0.2303,34.0964,37.729,20.7216,0.001
0.1804,0.2304,33.7562,37.5862,21.7187,0.001
0.1805,0.2305,33.4377,37.2821,22.9893,0.001
0.1806,0.2306,33.4769,36.9043,23.9724,0.001
0.1807,0.2307,33.839,36.4851,24.5799,0.001
0.1808,0.2308,34.4803,36.1304,24.8536,0.001
0.1809,0.2309,35.0562,35.5591,24.5985,0.001
0.181,0.231,35.5928,34.8727,24.0466,0.001
0.1811,0.2311,36.0639,34.3429,23.3603,0.001
0.1812,0.2312,36.4304,33.8039,22.878,0.001
0.1813,0.2313,36.3824,33.1221,22.9105,0.001
0.1814,0.2314,35.6102,32.3251,23.147,0.001
0.1815,0.2315,34.5414,31.7262,23.1331,0.001
0.1816,0.2316,33.4988,31.4636,22.6183,0.001
0.1817,0.2317,32.7615,31.5189,21.7604,0.001
0.1818,0.2318,32.5477,31.7078,20.8051,0.001
0.1819,0.2319,32.7004,31.8875,19.9101,0.001
0.182,0.232,32.9404,31.8875,19.2701,0.001
0.1821,0.2321,33.1498,31.4222,19.029,0.001
0.1822,0.2322,33.3635,30.5561,19.2701,0.001
0.1823,0.2323,33.2065,29.5611,20.1002,0.001
0.1824,0.2324,32.8008,28.824,21.3059,0.001
0.1825,0.2325,32.19,28.566,22.6276,0.001
0.1826,0.2326,31.4615,28.3495,24.0837,0.001
0.1827,0.2327,30.781,28.0685,25.3451,0.001
0.1828,0.2328,30.0873,27.594,25.7486,0.001
0.1829,0.2329,29.3937,27.115,25.577,0.001
0.183,0.233,28.8266,26.8662,25.2848,0.001
0.1831,0.2331,28.1548,26.7833,24.7144,0.001
0.1832,0.2332,27.5528,26.6866,24.1765,0.001
0.1833,0.2333,26.7632,26.6589,23.838,0.001
0.1834,0.2334,25.7293,26.5944,23.4809,0.001
0.1835,0.2335,24.739,26.3319,22.8919,0.001
0.1836,0.2336,23.8578,25.7929,22.2566,0.001
0.1837,0.2337,23.2209,25.1203,21.7836,0.001
0.1838,0.2338,22.7541,24.5814,21.4868,0.001
0.1839,0.2339,22.5098,24.5077,21.0184,0.001
0.184,0.234,22.4226,24.7749,20.4897,0.001
0.1841,0.2341,22.2743,25.2033,20.3784,0.001
0.1842,0.2342,21.8162,25.4566,20.6938,0.001
0.1843,0.2343,21.0746,25.4935,21.1993,0.001
0.1844,0.2344,20.176,25.019,21.5563,0.001
0.1845,0.2345,19.2686,23.9319,21.8068,0.001
0.1846,0.2346,18.5619,22.5638,22.1407,0.001
0.1847,0.2347,17.973,21.3615,22.6322,0.001
0.1848,0.2348,17.4713,20.3988,23.1563,0.001
0.1849,0.2349,17.0744,19.4683,23.3974,0.001
0.185,0.235,16.8083,18.6392,23.0821,0.001
0.1851,0.2351,16.7036,17.916,22.6137,0.001
0.1852,0.2352,16.4506,17.3817,22.3818,0.001
0.1853,0.2353,15.9969,16.8566,22.3864,0.001
0.1854,0.2354,15.709,16.1058,22.3818,0.001
0.1855,0.2355,15.4603,15.5393,22.4514,0.001
0.1856,0.2356,15.2073,15.1846,22.6925,0.001
0.1857,0.2357,15.0023,14.9635,22.8502,0.001
0.1858,0.2358,14.7187,14.7056,22.7853,0.001
0.1859,0.2359,14.5617,14.291,22.5487,0.001
0.186,0.236,14.4396,13.8581,22.405,0.001
0.1861,0.2361,14.2433,13.5402,22.187,0.001
0.1862,0.2362,13.8812,13.1441,21.8346,0.001
0.1863,0.2363,13.4188,12.5269,21.5007,0.001
0.1864,0.2364,13.0524,11.7485,21.3152,0.001
0.1865,0.2365,12.952,10.8273,21.1993,0.001
0.1866,0.2366,13.1178,9.95682,21.1251,0.001
0.1867,0.2367,13.602,9.18304,21.0787,0.001
0.1868,0.2368,14.1953,8.66719,20.9627,0.001
0.1869,0.2369,14.6228,8.354,20.6381,0.001
0.187,0.237,14.6315,8.34939,20.2579,0.001
0.1871,0.2371,14.1473,8.60271,19.9704,0.001
0.1872,0.2372,13.4929,9.06329,19.7895,0.001
0.1873,0.2373,13.0131,9.6206,19.6596,0.001
0.1874,0.2374,12.7688,10.2194,19.6086,0.001
0.1875,0.2375,12.5943,10.6247,19.4602,0.001
0.1876,0.2376,12.3718,10.7306,19.3397,0.001
0.1877,0.2377,12.1319,10.5187,19.1171,0.001
0.1878,0.2378,12.0403,9.85549,18.7229,0.001
0.1879,0.2379,12.1276,9.09092,18.3473,0.001
0.188,0.238,12.302,8.56126,18.0829,0.001
0.1881,0.2381,12.446,8.00856,17.9438,0.001
0.1882,0.2382,12.6161,7.65852,18.1664,0.001
0.1883,0.2383,12.6641,7.25782,18.3983,0.001
0.1884,0.2384,12.5812,6.61762,18.5235,0.001
0.1885,0.2385,12.5289,5.82083,18.5142,0.001
0.1886,0.2386,12.5769,4.94115,18.4539,0.001
0.1887,0.2387,12.8168,4.13056,18.2545,0.001
0.1888,0.2388,13.3446,3.54565,18.0876,0.001
0.1889,0.2389,13.9946,3.24168,17.8696,0.001
0.189,0.239,14.71,3.20023,17.6517,0.001
0.1891,0.2391,15.1288,3.37524,17.4801,0.001
0.1892,0.2392,15.1724,3.64697,17.0674,0.001
0.1893,0.2393,14.9412,3.90488,16.4181,0.001
0.1894,0.2394,14.3,4.13977,15.7132,0.001
0.1895,0.2395,13.4711,4.21346,15.1058,0.001
0.1896,0.2396,12.7426,4.20425,14.758,0.001
0.1897,0.2397,12.3413,4.05226,14.5122,0.001
0.1898,0.2398,12.1581,3.68842,14.2247,0.001
0.1899,0.2399,11.9792,3.343,14.0021,0.001
0.19,0.24,11.8135,2.82717,13.7841,0.001
0.1901,0.2401,11.7655,2.187,13.5383,0.001
0.1902,0.2402,11.8789,1.62052,13.3111,0.001
0.1903,0.2403,11.9531,1.33958,12.9819,0.001
0.1904,0.2404,11.8484,1.35801,12.8103,0.001
0.1905,0.2405,11.7917,1.62513,12.7407,0.001
0.1906,0.2406,11.7742,2.02581,12.8381,0.001
0.1907,0.2407,11.8789,2.49097,12.9169,0.001
0.1908,0.2408,12.1668,2.80875,12.8891,0.001
0.1909,0.2409,12.4678,3.07127,12.8474,0.001
0.191,0.241,12.7993,3.2647,12.7407,0.001
0.1911,0.2411,13.1745,3.36603,12.3651,0.001
0.1912,0.2412,13.6151,3.33839,11.4655,0.001
0.1913,0.2413,14.252,3.2647,10.2876,0.001
0.1914,0.2414,14.758,3.2647,9.07726,0.001
0.1915,0.2415,15.107,3.35682,7.93185,0.001
0.1916,0.2416,15.2248,3.40748,7.12033,0.001
0.1917,0.2417,15.2466,3.64697,6.6427,0.001
0.1918,0.2418,15.36,3.96936,6.54531,0.001
0.1919,0.2419,15.6217,4.21346,6.64733,0.001
0.192,0.242,16.2935,4.2457,6.58705,0.001
0.1921,0.2421,17.3361,4.26873,6.3691,0.001
0.1922,0.2422,18.6797,4.37005,5.92856,0.001
0.1923,0.2423,20.0669,4.52664,5.35818,0.001
0.1924,0.2424,21.4193,4.5727,4.84809,0.001
0.1925,0.2425,22.5709,4.51743,4.36118,0.001
0.1926,0.2426,23.3605,4.50361,3.97165,0.001
0.1927,0.2427,23.6746,4.55428,3.67951,0.001
0.1928,0.2428,23.4783,4.60494,3.31317,0.001
0.1929,0.2429,23.1991,4.59112,3.03493,0.001
0.193,0.243,23.0028,4.58191,2.54803,0.001
0.1931,0.2431,22.7934,4.63257,1.83854,0.001
0.1932,0.2432,22.7585,4.88588,0.971381,0.001
0.1933,0.2433,22.7716,5.20828,-0.155455,0.001
0.1934,0.2434,22.7716,5.42014,-1.15245,0.001
0.1935,0.2435,22.7498,5.77938,-0.869579,0.001
0.1936,0.2436,22.6364,6.24456,0.0624925,0.001
0.1937,0.2437,22.4924,6.70974,0.382459,0.001
0.1938,0.2438,22.2306,7.0782,0.447378,0.001
0.1939,0.2439,21.838,7.16571,0.512299,0.001
0.194,0.244,21.5414,7.05056,0.549397,0.001
0.1941,0.2441,21.4847,6.85712,0.609679,0.001
0.1942,0.2442,21.6112,6.53933,0.623591,0.001
0.1943,0.2443,21.8686,6.13402,0.656052,0.001
0.1944,0.2444,22.2088,5.84386,0.651414,0.001
0.1945,0.2445,22.4531,5.7886,0.614317,0.001
0.1946,0.2446,22.5709,6.0373,0.646777,0.001
0.1947,0.2447,22.5229,6.61762,0.697787,0.001
0.1948,0.2448,22.3572,7.22558,0.72561,0.001
0.1949,0.2449,21.9645,7.77367,0.781256,0.001
0.195,0.245,21.2622,8.202,0.813716,0.001
0.1951,0.2451,20.3897,8.60731,0.841539,0.001
0.1952,0.2452,19.6045,8.98039,0.873999,0.001
0.1953,0.2453,19.0767,9.34425,0.911097,0.001
0.1954,0.2454,18.7626,9.61599,0.989928,0.001
0.1955,0.2455,18.5401,9.88774,0.985293,0.001
0.1956,0.2456,18.3918,10.224,1.02703,0.001
0.1957,0.2457,18.4485,10.6892,1.04094,0.001
0.1958,0.2458,18.4921,11.3202,1.0734,0.001
0.1959,0.2459,18.6404,12.0157,1.09195,0.001
0.196,0.246,19.0592,12.6513,1.08731,0.001
0.1961,0.2461,19.6569,13.0474,1.10122,0.001
0.1962,0.2462,20.3461,13.2086,1.10122,0.001
0.1963,0.2463,21.0354,13.1764,1.07804,0.001
0.1964,0.2464,21.6854,13.0658,1.0734,0.001
0.1965,0.2465,22.1129,12.9599,1.08731,0.001
0.1966,0.2466,22.283,12.8355,1.07804,0.001
0.1967,0.2467,22.4531,13.0013,1.09658,0.001
0.1968,0.2468,22.5142,13.4021,1.1105,0.001
0.1969,0.2469,22.5709,13.987,1.11513,0.001
0.197,0.247,22.7367,14.6687,1.13368,0.001
0.1971,0.2471,23.0333,15.2491,1.16151,0.001
0.1972,0.2472,23.4434,15.5347,1.17542,0.001
0.1973,0.2473,23.9014,15.6774,1.20788,0.001
0.1974,0.2474,24.2373,15.9446,1.23106,0.001
0.1975,0.2475,24.5951,16.6908,1.25889,0.001
0.1976,0.2476,25.1011,17.6212,1.2728,0.001
0.1977,0.2477,25.4632,18.2799,1.3099,0.001
0.1978,0.2478,25.4675,18.6622,1.31453,0.001
0.1979,0.2479,25.1796,18.8833,1.33772,0.001
0.198,0.248,24.9702,19.0031,1.34699,0.001
0.1981,0.2481,25.0138,19.0399,1.35627,0.001
0.1982,0.2482,25.245,18.8649,1.3609,0.001
0.1983,0.2483,25.3759,18.6761,1.34236,0.001
0.1984,0.2484,25.3367,18.5885,1.37482,0.001
0.1985,0.2485,25.1491,18.7083,1.38409,0.001
0.1986,0.2486,24.7608,18.8419,1.398,0.001
0.1987,0.2487,24.185,18.8465,1.44901,0.001
0.1988,0.2488,23.4128,18.6853,1.48147,0.001
0.1989,0.2489,22.6145,18.5931,1.62059,0.001
0.199,0.249,22.0561,18.6807,1.89418,0.001
0.1991,0.2491,21.9297,18.8096,2.29298,0.001
0.1992,0.2492,22.0256,18.8281,2.67787,0.001
0.1993,0.2493,22.2394,18.7682,3.06276,0.001
0.1994,0.2494,22.4226,18.6162,3.50793,0.001
0.1995,0.2495,22.4531,18.4043,4.06903,0.001
0.1996,0.2496,22.3964,18.2108,4.83881,0.001
0.1997,0.2497,22.1608,18.0865,5.97493,0.001
0.1998,0.2498,21.8075,18.0036,7.30119,0.001
0.1999,0.2499,21.5807,17.8654,8.30747,0.001
0.2,0.25,21.6068,17.5936,8.91032,0.001
0.2001,0.2501,21.7944,17.2574,9.28594,0.001
0.2002,0.2502,22.0474,16.9441,9.5549,0.001
0.2003,0.2503,22.3092,16.6954,9.78212,0.001
0.2004,0.2504,22.5709,16.5112,9.98616,0.001
0.2005,0.2505,22.7934,16.1795,10.1948,0.001
0.2006,0.2506,22.8065,15.8663,10.4453,0.001
0.2007,0.2507,22.5796,15.6084,10.7606,0.001
0.2008,0.2508,22.1565,15.5208,11.062,0.001
0.2009,0.2509,21.681,15.7005,11.3681,0.001
0.201,0.251,21.2535,16.1657,11.4886,0.001
0.2011,0.2511,20.874,16.7599,11.3217,0.001
0.2012,0.2512,20.4901,17.3218,10.9461,0.001
0.2013,0.2513,20.2807,17.8838,10.4638,0.001
0.2014,0.2514,20.3156,18.4273,10.2969,0.001
0.2015,0.2515,20.5817,18.7912,10.6215,0.001
0.2016,0.2516,21.0005,18.9801,10.6818,0.001
0.2017,0.2517,21.3015,18.9939,10.2412,0.001
0.2018,0.2518,21.4323,18.9478,9.8285,0.001
0.2019,0.2519,21.4062,18.9432,9.97225,0.001
0.202,0.252,21.175,18.911,10.3757,0.001
0.2021,0.2521,20.826,18.8787,10.6771,0.001
0.2022,0.2522,20.5599,18.9478,11.011,0.001
0.2023,0.2523,20.5599,19.086,11.2661,0.001
0.2024,0.2524,21.1968,19.3808,11.4005,0.001
0.2025,0.2525,22.187,19.8046,11.3866,0.001
0.2026,0.2526,22.9548,20.2007,11.2197,0.001
0.2027,0.2527,23.2384,20.4909,11.0064,0.001
0.2028,0.2528,23.0464,20.7535,10.7652,0.001
0.2029,0.2529,22.6276,21.0621,10.5983,0.001
0.203,0.253,22.0736,21.403,10.5705,0.001
0.2031,0.2531,21.3582,21.8912,10.5844,0.001
0.2032,0.2532,20.5381,22.3012,10.6864,0.001
0.2033,0.2533,19.7834,22.4532,10.8765,0.001
0.2034,0.2534,19.2948,22.4624,11.0852,0.001
0.2035,0.2535,19.0374,22.3196,11.1455,0.001
0.2036,0.2536,18.8717,21.9143,10.7745,0.001
0.2037,0.2537,18.7713,21.3247,10.0418,0.001
0.2038,0.2538,18.8891,20.6521,9.11436,0.001
0.2039,0.2539,19.2643,19.7263,8.23328,0.001
0.204,0.254,19.6569,18.9801,7.53305,0.001
0.2041,0.2541,19.9579,18.8649,6.98585,0.001
0.2042,0.2542,20.0887,19.5006,6.52213,0.001
0.2043,0.2543,20.224,20.4034,6.16506,0.001
0.2044,0.2544,20.4072,21.0206,5.83582,0.001
0.2045,0.2545,20.6558,21.2924,5.46948,0.001
0.2046,0.2546,20.9874,21.3845,5.09386,0.001
0.2047,0.2547,21.3974,21.3385,4.65796,0.001
0.2048,0.2548,21.8511,21.3385,4.14786,0.001
0.2049,0.2549,22.2917,21.3477,3.57749,0.001
0.205,0.255,22.3048,21.3707,2.9932,0.001
0.2051,0.2551,21.9689,21.4168,2.43673,0.001
0.2052,0.2552,21.6635,21.5135,1.90809,0.001
0.2053,0.2553,21.5501,21.6563,1.42119,0.001
0.2054,0.2554,21.5152,21.8175,1.01311,0.001
0.2055,0.2555,21.4236,21.836,0.925009,0.001
0.2056,0.2556,21.3625,21.5504,1.09195,0.001
0.2057,0.2557,21.585,21.0391,1.39336,0.001
0.2058,0.2558,22.0082,20.408,1.98229,0.001
0.2059,0.2559,22.4226,19.9289,2.70105,0.001
0.206,0.256,22.7759,19.5881,3.5172,0.001
0.2061,0.2561,22.9199,19.2334,4.2267,0.001
0.2062,0.2562,22.9984,18.8879,4.7878,0.001
0.2063,0.2563,23.1162,18.6899,5.25616,0.001
0.2064,0.2564,23.1424,18.8972,5.66888,0.001
0.2065,0.2565,22.9984,19.6388,6.0584,0.001
0.2066,0.2566,22.728,19.9658,6.52676,0.001
0.2067,0.2567,22.488,19.4407,7.23626,0.001
0.2068,0.2568,22.3833,18.4964,8.08952,0.001
0.2069,0.2569,22.3441,17.6857,9.0077,0.001
0.207,0.257,22.3572,17.1744,10.065,0.001
0.2071,0.2571,22.3702,16.7967,11.1779,0.001
0.2072,0.2572,22.3921,16.7184,12.3465,0.001
0.2073,0.2573,22.4357,16.8474,13.3899,0.001
0.2074,0.2574,22.5535,16.9303,14.0438,0.001
0.2075,0.2575,22.8239,16.7967,14.4426,0.001
0.2076,0.2576,23.2122,16.4098,14.6513,0.001
0.2077,0.2577,23.6571,15.811,15.0176,0.001
0.2078,0.2578,24.0367,15.0464,15.2959,0.001
0.2079,0.2579,24.2504,14.291,15.7921,0.001
0.208,0.258,24.5078,13.6692,16.6268,0.001
0.2081,0.2581,24.7914,13.1165,17.5033,0.001
0.2082,0.2582,24.9179,12.6513,17.8882,0.001
0.2083,0.2583,25.0008,12.398,17.8093,0.001
0.2084,0.2584,25.1142,12.1723,17.4337,0.001
0.2085,0.2585,25.1055,11.9051,16.8633,0.001
0.2086,0.2586,24.8873,11.4906,16.432,0.001
0.2087,0.2587,24.4424,11.0116,16.2326,0.001
0.2088,0.2588,23.6004,10.4543,16.3161,0.001
0.2089,0.2589,22.3921,9.80022,16.7056,0.001
0.209,0.259,21.3276,9.14159,17.3224,0.001
0.2091,0.2591,21.0223,8.54744,17.9577,0.001
0.2092,0.2592,21.5676,8.09607,18.3983,0.001
0.2093,0.2593,22.3921,7.86578,18.6301,0.001
0.2094,0.2594,23.0377,7.81051,18.7739,0.001
0.2095,0.2595,23.5612,7.82433,18.8667,0.001
0.2096,0.2596,24.0192,7.86578,18.9316,0.001
0.2097,0.2597,24.5514,7.9579,19.0522,0.001
0.2098,0.2598,25.0531,8.02238,19.3397,0.001
0.2099,0.2599,25.4414,7.83815,19.7895,0.001
0.21,0.26,25.5722,7.38218,20.3367,0.001
0.2101,0.2601,25.5635,6.9216,20.8932,0.001
0.2102,0.2602,25.5024,6.6821,21.3059,0.001
0.2103,0.2603,25.3759,6.5992,21.4775,0.001
0.2104,0.2604,25.1578,6.56235,21.2967,0.001
0.2105,0.2605,24.8568,6.6821,20.7773,0.001
0.2106,0.2606,24.5165,7.15649,20.2671,0.001
0.2107,0.2607,24.1196,7.93026,19.924,0.001
0.2108,0.2608,23.8316,8.72246,19.8683,0.001
0.2109,0.2609,23.5917,9.32122,20.1466,0.001
0.211,0.261,23.3081,9.68047,20.5686,0.001
0.2111,0.2611,22.9025,9.83707,21.1019,0.001
0.2112,0.2612,22.4967,9.89234,21.663,0.001
0.2113,0.2613,22.2874,9.83707,22.1917,0.001
0.2114,0.2614,22.6189,9.82325,22.5441,0.001
0.2115,0.2615,23.2689,9.92458,22.5812,0.001
0.2116,0.2616,23.2427,10.224,22.4282,0.001
0.2117,0.2617,22.3964,10.8642,22.2612,0.001
0.2118,0.2618,21.2491,11.7209,22.1685,0.001
0.2119,0.2619,20.3766,12.6283,22.1685,0.001
0.212,0.262,19.7747,13.6324,22.303,0.001
0.2121,0.2621,19.3166,14.6134,22.5673,0.001
0.2122,0.2622,19.0592,15.5208,22.8595,0.001
0.2123,0.2623,18.7146,16.3638,23.0681,0.001
0.2124,0.2624,18.3089,16.8105,22.9661,0.001
0.2125,0.2625,17.8989,17.1284,22.5951,0.001
0.2126,0.2626,17.5062,17.3126,22.085,0.001
0.2127,0.2627,17.0613,17.5752,21.5888,0.001
0.2128,0.2628,16.5683,17.7871,21.1854,0.001
0.2129,0.2629,16.0667,18.0174,21.1251,0.001
0.213,0.263,15.7177,18.6346,21.2642,0.001
0.2131,0.2631,15.4123,19.4361,21.4961,0.001
0.2132,0.2632,15.2117,19.9934,21.8346,0.001
0.2133,0.2633,15.155,20.1639,22.1685,0.001
0.2134,0.2634,15.0067,20.1316,22.3864,0.001
0.2135,0.2635,14.7536,19.9428,22.4606,0.001
0.2136,0.2636,14.3698,19.7585,22.5719,0.001
0.2137,0.2637,13.9161,19.5789,22.6786,0.001
0.2138,0.2638,13.2574,19.4223,22.8363,0.001
0.2139,0.2639,12.5245,19.2749,23.0496,0.001
0.214,0.264,11.639,19.238,23.2258,0.001
0.2141,0.2641,10.7927,19.4407,23.402,0.001
0.2142,0.2642,10.4481,19.7908,23.6849,0.001
0.2143,0.2643,10.531,20.1639,23.9493,0.001
0.2144,0.2644,10.7665,20.6429,24.144,0.001
0.2145,0.2645,10.941,21.2003,24.2229,0.001
0.2146,0.2646,11.0544,21.8728,24.2043,0.001
0.2147,0.2647,11.1635,22.5868,24.1162,0.001
0.2148,0.2648,11.2289,23.3376,23.7962,0.001
0.2149,0.2649,11.2987,24.047,23.3696,0.001
0.215,0.265,11.5299,24.6735,23.0867,0.001
0.2151,0.2651,11.9269,25.1249,23.0821,0.001
0.2152,0.2652,12.4111,25.3553,23.2861,0.001
0.2153,0.2653,12.8604,25.2539,23.6339,0.001
0.2154,0.2654,13.2181,24.9315,23.9771,0.001
0.2155,0.2655,13.4537,24.563,24.5336,0.001
0.2156,0.2656,13.5148,24.3649,25.1782,0.001
0.2157,0.2657,13.4711,24.4155,25.7393,0.001
0.2158,0.2658,13.4711,24.6044,26.166,0.001
0.2159,0.2659,13.6107,24.9269,26.3051,0.001
0.216,0.266,13.8812,25.2355,26.1891,0.001
0.2161,0.2661,14.0993,25.5073,26.0083,0.001
0.2162,0.2662,14.361,25.7514,25.8645,0.001
0.2163,0.2663,14.6838,25.8159,25.8181,0.001
0.2164,0.2664,15.264,25.8896,25.7903,0.001
0.2165,0.2665,16.1408,25.8482,25.8923,0.001
0.2166,0.2666,17.1224,25.5349,26.0732,0.001
0.2167,0.2667,18.1213,25.0282,26.2448,0.001
0.2168,0.2668,19.129,24.586,26.3144,0.001
0.2169,0.2669,20.0582,24.3787,26.3329,0.001
0.217,0.267,20.9569,24.3096,26.3561,0.001
0.2171,0.2671,21.8031,24.3096,26.4257,0.001
0.2172,0.2672,22.6931,24.1898,26.7456,0.001
0.2173,0.2673,23.4914,24.0424,27.3439,0.001
0.2174,0.2674,23.9058,23.872,28.0534,0.001
0.2175,0.2675,24.1632,23.7108,28.8232,0.001
0.2176,0.2676,24.3944,23.6371,29.3473,0.001
0.2177,0.2677,24.9397,23.5634,29.6533,0.001
0.2178,0.2678,25.5068,23.5449,29.8157,0.001
0.2179,0.2679,26.1786,23.8213,29.7785,0.001
0.218,0.268,27.0554,24.2912,29.5977,0.001
0.2181,0.2681,28.133,24.7979,29.4354,0.001
0.2182,0.2682,28.9706,25.323,29.2638,0.001
0.2183,0.2683,29.4373,25.7606,29.12,0.001
0.2184,0.2684,29.5246,26.0186,28.9948,0.001
0.2185,0.2685,29.4242,26.0509,28.9206,0.001
0.2186,0.2686,29.4984,26.0601,28.8,0.001
0.2187,0.2687,29.686,26.014,28.6238,0.001
0.2188,0.2688,29.9608,25.9725,28.5218,0.001
0.2189,0.2689,30.1964,25.9034,28.5543,0.001
0.219,0.269,30.3534,25.7284,28.8742,0.001
0.2191,0.2691,30.3796,25.885,29.4354,0.001
0.2192,0.2692,30.4451,26.3457,29.9548,0.001
0.2193,0.2693,30.5585,26.8109,30.3861,0.001
0.2194,0.2694,30.842,27.0873,30.7431,0.001
0.2195,0.2695,31.2128,27.1288,31.1513,0.001
0.2196,0.2696,31.5531,27.0781,31.5315,0.001
0.2197,0.2697,31.8716,26.9998,31.7495,0.001
0.2198,0.2698,32.1639,27.1011,31.7959,0.001
0.2199,0.2699,32.6132,27.4512,31.7217,0.001
0.22,0.27,33.4159,27.9902,31.6707,0.001
0.2201,0.2701,34.1793,28.6536,31.5454,0.001
0.2202,0.2702,34.7595,29.34,31.3414,0.001
0.2203,0.2703,34.9602,29.9895,31.1049,0.001
0.2204,0.2704,35.0693,30.3212,30.7988,0.001
0.2205,0.2705,35.1216,30.3074,30.502,0.001
0.2206,0.2706,35.174,30.2014,30.2052,0.001
0.2207,0.2707,35.3703,30.2014,29.9455,0.001
0.2208,0.2708,35.8065,30.3949,29.7971,0.001
0.2209,0.2709,36.3344,30.6621,29.8667,0.001
0.221,0.271,36.8623,30.8279,30.131,0.001
0.2211,0.2711,37.2287,31.0767,30.5855,0.001
0.2212,0.2712,37.2113,31.5097,31.2301,0.001
0.2213,0.2713,37.028,32.1132,31.9072,0.001
0.2214,0.2714,36.775,32.7812,32.3014,0.001
0.2215,0.2715,36.5612,33.2971,32.2828,0.001
0.2216,0.2716,36.3431,33.5966,32.0417,0.001
0.2217,0.2717,36.2122,33.7164,31.8422,0.001
0.2218,0.2718,36.0988,33.6288,31.7773,0.001
0.2219,0.2719,35.9723,33.4814,31.717,0.001
0.222,0.272,35.6495,33.3939,31.6614,0.001
0.2221,0.2721,35.0082,33.5505,31.5918,0.001
0.2222,0.2722,34.236,34.0803,31.5872,0.001
0.2223,0.2723,33.4333,34.7345,31.6011,0.001
0.2224,0.2724,32.6263,35.467,31.7031,0.001
0.2225,0.2725,31.8628,36.3008,31.8237,0.001
0.2226,0.2726,31.1387,37.0149,31.833,0.001
0.2227,0.2727,30.5803,37.4894,31.8747,0.001
0.2228,0.2728,30.3578,37.6783,32.0277,0.001
0.2229,0.2729,30.336,37.6921,32.2272,0.001
0.223,0.273,30.3098,37.9133,32.4544,0.001
0.2231,0.2731,30.1266,38.2127,32.6167,0.001
0.2232,0.2732,29.6336,38.3463,32.6167,0.001
0.2233,0.2733,28.8615,38.3187,32.51,0.001
0.2234,0.2734,27.9497,38.3279,32.3431,0.001
0.2235,0.2735,27.0729,38.4937,32.1298,0.001
0.2236,0.2736,26.3138,38.7011,31.7773,0.001
0.2237,0.2737,25.8209,38.913,31.3089,0.001
0.2238,0.2738,25.6246,39.0512,30.7246,0.001
0.2239,0.2739,25.6028,39.1111,30.4974,0.001
0.224,0.274,25.5591,39.3461,30.771,0.001
0.2241,0.2741,25.4981,39.6455,31.2533,0.001
0.2242,0.2742,25.1883,39.8759,31.6707,0.001
0.2243,0.2743,24.7216,40.0417,32.037,0.001
0.2244,0.2744,24.1545,40.1938,32.3848,0.001
0.2245,0.2745,23.4608,40.2444,32.6816,0.001
0.2246,0.2746,22.9025,40.203,32.9738,0.001
0.2247,0.2747,22.7105,40.1247,33.4932,0.001
0.2248,0.2748,22.8501,40.4149,34.1796,0.001
0.2249,0.2749,23.0944,40.8526,34.8752,0.001
0.225,0.275,23.3736,41.4331,35.5708,0.001
0.2251,0.2751,23.6004,41.88,36.1227,0.001
0.2252,0.2752,23.7575,42.1103,36.3639,0.001
0.2253,0.2753,23.7269,42.0965,36.1969,0.001
0.2254,0.2754,23.5219,41.8109,35.7702,0.001
0.2255,0.2755,23.2384,41.3686,35.3668,0.001
0.2256,0.2756,23.0028,41.0553,35.2045,0.001
0.2257,0.2757,22.7759,40.9263,35.2972,0.001
0.2258,0.2758,22.5142,41.0461,35.3946,0.001
0.2259,0.2759,22.1303,41.3594,35.6218,0.001
0.226,0.276,21.8555,41.6404,35.9279,0.001
0.2261,0.2761,21.7377,41.9445,36.4334,0.001
0.2262,0.2762,21.6199,42.2854,37.1754,0.001
0.2263,0.2763,21.2753,42.5941,37.8386,0.001
0.2264,0.2764,20.7605,42.7231,38.3302,0.001
0.2265,0.2765,20.3069,42.6908,38.7568,0.001
0.2266,0.2766,20.0538,42.5572,39.2252,0.001
0.2267,0.2767,19.923,42.3729,39.7632,0.001
0.2268,0.2768,19.984,42.0412,40.2826,0.001
0.2269,0.2769,20.1891,41.4699,40.8577,0.001
0.227,0.277,20.5293,40.8526,41.4977,0.001
0.2271,0.2771,21.1183,40.3228,41.9754,0.001
0.2272,0.2772,21.838,39.8528,42.2212,0.001
0.2273,0.2773,22.5055,39.4612,42.4345,0.001
0.2274,0.2774,23.0464,39.0927,42.5551,0.001
0.2275,0.2775,23.4783,38.7886,42.6153,0.001
0.2276,0.2776,23.7531,38.5721,42.7266,0.001
0.2277,0.2777,23.8927,38.4707,43.0745,0.001
0.2278,0.2778,23.9887,38.3832,43.8026,0.001
0.2279,0.2779,24.2155,38.1805,44.6559,0.001
0.228,0.278,24.5558,37.7612,45.3237,0.001
0.2281,0.2781,24.9048,37.0425,45.7365,0.001
0.2282,0.2782,25.245,36.1995,45.973,0.001
0.2283,0.2783,25.5853,35.3288,46.1539,0.001
0.2284,0.2784,26.0608,34.4488,46.3579,0.001
0.2285,0.2785,26.6323,33.638,46.5666,0.001
0.2286,0.2786,27.2038,32.8917,46.7011,0.001
0.2287,0.2787,27.6705,32.256,46.8078,0.001
0.2288,0.2788,28.194,31.846,47.0072,0.001
0.2289,0.2789,28.7873,31.5051,47.3504,0.001
0.229,0.279,29.3806,31.1227,47.7168,0.001
0.2291,0.2791,29.8038,30.5884,48.0832,0.001
0.2292,0.2792,30.0393,30.0494,48.4171,0.001
0.2293,0.2793,30.144,29.5334,48.6675,0.001
0.2294,0.2794,30.144,28.9576,48.8298,0.001
0.2295,0.2795,30.1135,28.4278,49.1081,0.001
0.2296,0.2796,30.035,28.2298,49.7156,0.001
0.2297,0.2797,29.8474,28.285,50.4438,0.001
0.2298,0.2798,29.638,28.3864,51.1348,0.001
0.2299,0.2799,29.4984,28.4923,51.6078,0.001
0.23,0.28,29.2977,28.4969,51.9093,0.001
0.2301,0.2801,29.0622,28.391,51.9371,0.001
0.2302,0.2802,28.8135,28.1699,51.6171,0.001
0.2303,0.2803,28.5866,27.6862,51.1858,0.001
0.2304,0.2804,28.3293,27.2025,50.9493,0.001
0.2305,0.2805,28.0675,26.7925,50.8612,0.001
0.2306,0.2806,27.941,26.5207,50.9354,0.001
0.2307,0.2807,28.0283,26.3687,51.0745,0.001
0.2308,0.2808,28.3162,26.2489,51.1858,0.001
0.2309,0.2809,28.6783,26.2812,51.1533,0.001
0.231,0.281,29.0273,26.3595,51.0699,0.001
0.2311,0.2811,29.289,26.4839,50.9586,0.001
0.2312,0.2812,29.3413,26.4931,50.8333,0.001
0.2313,0.2813,29.2192,26.4194,50.8241,0.001
0.2314,0.2814,28.9575,26.447,50.8704,0.001
0.2315,0.2815,28.5387,26.7557,51.0606,0.001
0.2316,0.2816,28.0762,27.3499,51.1487,0.001
0.2317,0.2817,27.5615,28.0593,51.0652,0.001
0.2318,0.2818,27.0816,28.6904,50.9307,0.001
0.2319,0.2819,26.6279,29.2248,50.6571,0.001
0.232,0.282,26.2135,29.5841,50.2907,0.001
0.2321,0.2821,25.8776,29.7361,49.9197,0.001
0.2322,0.2822,25.581,29.6071,49.4838,0.001
0.2323,0.2823,25.4152,29.3446,49.0339,0.001
0.2324,0.2824,25.3061,29.1142,48.6119,0.001
0.2325,0.2825,25.1316,29.0313,48.3429,0.001
0.2326,0.2826,24.9484,29.2294,48.1388,0.001
0.2327,0.2827,24.8524,29.7407,47.8095,0.001
0.2328,0.2828,24.8481,30.5193,47.2994,0.001
0.2329,0.2829,24.9615,31.3761,46.5017,0.001
0.233,0.283,25.1491,32.1316,45.6113,0.001
0.2331,0.2831,25.3279,32.6752,44.7533,0.001
0.2332,0.2832,25.4283,33.0438,43.9881,0.001
0.2333,0.2833,25.341,33.4261,43.3574,0.001
0.2334,0.2834,25.0051,33.8684,42.838,0.001
0.2335,0.2835,24.3987,34.3199,42.3927,0.001
0.2336,0.2836,23.6659,34.6838,41.8687,0.001
0.2337,0.2837,22.9897,35.1215,41.2148,0.001
0.2338,0.2838,22.5578,35.642,40.4449,0.001
0.2339,0.2839,22.3223,36.2225,39.5916,0.001
0.234,0.284,22.3441,36.7247,38.7986,0.001
0.2341,0.2841,22.5796,37.1623,38.1029,0.001
0.2342,0.2842,22.8981,37.4986,37.5093,0.001
0.2343,0.2843,23.2035,37.8165,37.0456,0.001
0.2344,0.2844,23.4347,38.1759,36.6746,0.001
0.2345,0.2845,23.5437,38.4615,36.3778,0.001
0.2346,0.2846,23.5568,38.7011,36.0624,0.001
0.2347,0.2847,23.4521,38.9176,35.5987,0.001
0.2348,0.2848,23.2776,39.0881,34.9401,0.001
0.2349,0.2849,22.9635,39.2493,34.2074,0.001
0.235,0.285,22.5971,39.3414,33.3912,0.001
0.2351,0.2851,22.2743,39.3461,32.4822,0.001
0.2352,0.2852,21.9078,39.2723,31.6475,0.001
0.2353,0.2853,21.5501,39.1664,30.9936,0.001
0.2354,0.2854,21.332,39.0742,30.4603,0.001
0.2355,0.2855,21.2142,39.0466,30.0336,0.001
0.2356,0.2856,21.2491,39.1341,29.5977,0.001
0.2357,0.2857,21.38,39.2539,29.069,0.001
0.2358,0.2858,21.5763,39.2355,28.5264,0.001
0.2359,0.2859,21.7639,38.9959,27.8262,0.001
0.236,0.286,22.0387,38.6504,27.0842,0.001
0.2361,0.2861,22.427,38.2404,26.3375,0.001
0.2362,0.2862,22.8108,37.9455,25.7347,0.001
0.2363,0.2863,23.2035,37.6921,25.5028,0.001
0.2364,0.2864,23.6397,37.5447,25.5909,0.001
0.2365,0.2865,24.2068,37.448,25.8228,0.001
0.2366,0.2866,24.7914,37.3097,26.0825,0.001
0.2367,0.2867,25.232,37.213,26.2262,0.001
0.2368,0.2868,25.5635,36.932,26.1845,0.001
0.2369,0.2869,25.7554,36.5818,26.0175,0.001
0.237,0.287,25.7903,36.2363,25.7068,0.001
0.2371,0.2871,25.642,35.8954,25.2663,0.001
0.2372,0.2872,25.437,35.5868,24.886,0.001
0.2373,0.2873,25.2843,35.2781,24.6263,0.001
0.2374,0.2874,25.3105,34.9464,24.5382,0.001
0.2375,0.2875,25.6289,34.7207,24.6124,0.001
0.2376,0.2876,26.196,34.5825,24.7701,0.001
0.2377,0.2877,26.894,34.5226,24.9417,0.001
0.2378,0.2878,27.5789,34.5364,24.988,0.001
0.2379,0.2879,28.194,34.5732,24.9509,0.001
0.238,0.288,28.6085,34.6746,24.8767,0.001
0.2381,0.2881,28.8964,34.6976,24.8675,0.001
0.2382,0.2882,29.1363,34.6101,24.9973,0.001
0.2383,0.2883,29.3675,34.283,25.2477,0.001
0.2384,0.2884,29.5333,33.7855,25.5631,0.001
0.2385,0.2885,29.7122,33.0484,25.9758,0.001
0.2386,0.2886,29.8343,32.2007,26.4071,0.001
0.2387,0.2887,29.9608,31.4222,26.7781,0.001
0.2388,0.2888,30.1309,30.897,27.0332,0.001
0.2389,0.2889,30.2487,30.6805,27.0656,0.001
0.239,0.289,30.2444,30.7404,26.8987,0.001
0.2391,0.2891,30.1048,30.9707,26.6714,0.001
0.2392,0.2892,29.9346,31.2978,26.5138,0.001
0.2393,0.2893,29.8561,31.5374,26.4999,0.001
0.2394,0.2894,29.8125,31.4544,26.5462,0.001
0.2395,0.2895,29.9216,31.132,26.6297,0.001
0.2396,0.2896,30.1222,30.6022,26.7178,0.001
0.2397,0.2897,30.4014,29.9342,26.8384,0.001
0.2398,0.2898,30.7286,29.1557,26.9682,0.001
0.2399,0.2899,30.9249,28.3772,27.1027,0.001
0.24,0.29,30.9293,27.6908,27.1398,0.001
0.2401,0.2901,30.733,27.115,27.0934,0.001
0.2402,0.2902,30.4189,26.6912,27.0749,0.001
0.2403,0.2903,30.0175,26.3963,27.112,0.001
0.2404,0.2904,29.7514,26.1246,27.2094,0.001
0.2405,0.2905,29.6467,25.8712,27.33,0.001
0.2406,0.2906,29.6685,25.5856,27.4088,0.001
0.2407,0.2907,29.6685,25.1157,27.3763,0.001
0.2408,0.2908,29.6598,24.5399,27.2233,0.001
0.2409,0.2909,29.6991,23.8444,26.894,0.001
0.241,0.291,29.8125,23.2685,26.5138,0.001
0.2411,0.2911,30.0088,22.7941,26.0871,0.001
0.2412,0.2912,30.2226,22.4302,25.6373,0.001
0.2413,0.2913,30.4974,22.1999,25.1828,0.001
0.2414,0.2914,30.7068,22.1262,24.7098,0.001
0.2415,0.2915,30.8769,22.1031,24.3388,0.001
0.2416,0.2916,30.9642,22.034,24.0837,0.001
0.2417,0.2917,30.8464,21.9005,23.8287,0.001
0.2418,0.2918,30.6196,21.6195,23.6664,0.001
0.2419,0.2919,30.24,21.3247,23.4855,0.001
0.242,0.292,29.8038,20.9746,23.3371,0.001
0.2421,0.2921,29.2934,20.6337,23.2258,0.001
0.2422,0.2922,28.8004,20.3435,23.0542,0.001
0.2423,0.2923,28.3642,20.2192,22.7667,0.001
0.2424,0.2924,28.0501,20.2698,22.4421,0.001
0.2425,0.2925,27.7403,20.4126,22.187,0.001
0.2426,0.2926,27.4611,20.5093,22.0294,0.001
0.2427,0.2927,27.1558,20.56,21.9459,0.001
0.2428,0.2928,26.8155,20.5784,21.8485,0.001
0.2429,0.2929,26.4534,20.5508,21.6862,0.001
0.243,0.293,26.0739,20.5508,21.3987,0.001
0.2431,0.2931,25.6944,20.5508,20.9071,0.001
0.2432,0.2932,25.3672,20.6337,20.2579,0.001
0.2433,0.2933,25.1578,20.7397,19.5669,0.001
0.2434,0.2934,24.9179,20.9515,18.8527,0.001
0.2435,0.2935,24.6605,21.122,18.2081,0.001
0.2436,0.2936,24.4336,21.2325,17.8047,0.001
0.2437,0.2937,24.2199,21.274,17.6378,0.001
0.2438,0.2938,24.0628,21.1634,17.712,0.001
0.2439,0.2939,23.8927,20.818,17.9067,0.001
0.244,0.294,23.7182,20.2422,18.171,0.001
0.2441,0.2941,23.5045,19.6434,18.4586,0.001
0.2442,0.2942,23.2951,19.1874,18.5838,0.001
0.2443,0.2943,23.0202,18.957,18.6116,0.001
0.2444,0.2944,22.6582,18.9156,18.5838,0.001
0.2445,0.2945,22.235,19.0676,18.5606,0.001
0.2446,0.2946,21.7813,19.2564,18.5235,0.001
0.2447,0.2947,21.2927,19.4914,18.5142,0.001
0.2448,0.2948,20.7605,19.6249,18.4725,0.001
0.2449,0.2949,20.1455,19.6434,18.4818,0.001
0.245,0.295,19.5391,19.4407,18.44,0.001
0.2451,0.2951,18.9676,19.0261,18.2545,0.001
0.2452,0.2952,18.4092,18.5563,17.9299,0.001
0.2453,0.2953,17.8291,18.1694,17.5218,0.001
0.2454,0.2954,17.1834,17.9206,17.1276,0.001
0.2455,0.2955,16.4331,17.8193,16.8726,0.001
0.2456,0.2956,15.6086,17.8239,16.7196,0.001
0.2457,0.2957,14.7536,17.8654,16.6871,0.001
0.2458,0.2958,13.8637,17.9114,16.7752,0.001
0.2459,0.2959,13.0873,17.8976,17.021,0.001
0.246,0.296,12.5463,17.8239,17.2946,0.001
0.2461,0.2961,12.1668,17.718,17.5125,0.001
0.2462,0.2962,12.0359,17.6166,17.596,0.001
0.2463,0.2963,12.0534,17.4923,17.6053,0.001
0.2464,0.2964,12.0883,17.3955,17.5079,0.001
0.2465,0.2965,12.0578,17.3863,17.2992,0.001
0.2466,0.2966,11.9618,17.46,17.072,0.001
0.2467,0.2967,11.687,17.4923,16.8679,0.001
0.2468,0.2968,11.3598,17.4692,16.6871,0.001
0.2469,0.2969,11.1068,17.3403,16.548,0.001
0.247,0.297,10.9061,17.1284,16.4645,0.001
0.2471,0.2971,10.8407,16.9534,16.4645,0.001
0.2472,0.2972,10.9192,16.7415,16.5572,0.001
0.2473,0.2973,11.133,16.4927,16.6454,0.001
0.2474,0.2974,11.4165,16.2532,16.803,0.001
0.2475,0.2975,11.7001,15.9907,16.9468,0.001
0.2476,0.2976,11.8484,15.7834,17.0813,0.001
0.2477,0.2977,11.9749,15.507,17.2157,0.001
0.2478,0.2978,12.0534,15.1293,17.2946,0.001
0.2479,0.2979,12.2017,14.6411,17.4059,0.001
0.248,0.298,12.5245,14.0884,17.494,0.001
0.2481,0.2981,12.9171,13.4988,17.5635,0.001
0.2482,0.2982,13.5235,13.0198,17.6424,0.001
0.2483,0.2983,14.2869,12.7342,17.712,0.001
0.2484,0.2984,15.1201,12.4901,17.698,0.001
0.2485,0.2985,15.8355,12.315,17.6424,0.001
0.2486,0.2986,16.3895,12.1815,17.5728,0.001
0.2487,0.2987,16.7865,11.988,17.3317,0.001
0.2488,0.2988,16.9391,11.8084,17.0071,0.001
0.2489,0.2989,16.8606,11.4998,16.6407,0.001
0.249,0.299,16.7167,11.1544,16.2929,0.001
0.2491,0.2991,16.7036,10.7859,15.9915,0.001
0.2492,0.2992,16.8868,10.4681,15.806,0.001
0.2493,0.2993,17.2794,10.2424,15.7874,0.001
0.2494,0.2994,17.7462,10.1457,15.8941,0.001
0.2495,0.2995,18.1824,10.1641,16.0518,0.001
0.2496,0.2996,18.5576,10.2424,16.2048,0.001
0.2497,0.2997,18.8978,10.3667,16.2744,0.001
0.2498,0.2998,19.1814,10.4082,16.2141,0.001
0.2499,0.2999,19.3253,10.3621,15.9869,0.001
0.25,0.3,19.3602,10.1733,15.588,0.001
0.2501,0.3001,19.382,9.82325,15.1336,0.001
0.2502,0.3002,19.4475,9.27976,14.6977,0.001
0.2503,0.3003,19.574,8.66258,14.3731,0.001
0.2504,0.3004,19.7441,8.00856,14.118,0.001
0.2505,0.3005,19.9622,7.47429,13.9603,0.001
0.2506,0.3006,20.128,7.11044,13.7609,0.001
0.2507,0.3007,20.272,6.96766,13.5847,0.001
0.2508,0.3008,20.4028,7.0045,13.3668,0.001
0.2509,0.3009,20.4901,7.19334,13.0839,0.001
0.251,0.301,20.6297,7.54338,12.8242,0.001
0.2511,0.3011,20.8478,7.86118,12.6109,0.001
0.2512,0.3012,21.1793,8.14213,12.4996,0.001
0.2513,0.3013,21.5676,8.25267,12.5274,0.001
0.2514,0.3014,22.0343,8.202,12.6665,0.001
0.2515,0.3015,22.5884,8.0408,12.8335,0.001
0.2516,0.3016,23.1162,7.81972,12.9308,0.001
0.2517,0.3017,23.5132,7.59865,12.8196,0.001
0.2518,0.3018,23.8273,7.44205,12.5042,0.001
0.2519,0.3019,24.0454,7.4006,11.9848,0.001
0.252,0.302,24.281,7.50193,11.3913,0.001
0.2521,0.3021,24.5471,7.73682,10.807,0.001
0.2522,0.3022,24.8088,8.06844,10.2366,0.001
0.2523,0.3023,25.0226,8.38623,9.78212,0.001
0.2524,0.3024,25.184,8.65337,9.46215,0.001
0.2525,0.3025,25.3148,8.89748,9.27666,0.001
0.2526,0.3026,25.3367,9.04026,9.15609,0.001
0.2527,0.3027,25.1709,9.17383,9.02161,0.001
0.2528,0.3028,24.9048,9.27055,8.83612,0.001
0.2529,0.3029,24.5558,9.47781,8.56716,0.001
0.253,0.303,24.1632,9.76798,8.31211,0.001
0.2531,0.3031,23.836,10.1272,8.10343,0.001
0.2532,0.3032,23.6571,10.6339,8.01069,0.001
0.2533,0.3033,23.5917,11.1682,8.03387,0.001
0.2534,0.3034,23.583,11.6979,8.08952,0.001
0.2535,0.3035,23.6659,12.1032,8.0617,0.001
0.2536,0.3036,23.7531,12.444,7.94576,0.001
0.2537,0.3037,23.8622,12.6283,7.6768,0.001
0.2538,0.3038,23.9363,12.7066,7.278,0.001
0.2539,0.3039,23.9581,12.7664,6.82819,0.001
0.254,0.304,23.9276,12.9553,6.36446,0.001
0.2541,0.3041,23.8491,13.2362,5.93784,0.001
0.2542,0.3042,23.7662,13.6231,5.64569,0.001
0.2543,0.3043,23.6702,14.116,5.48339,0.001
0.2544,0.3044,23.5743,14.6273,5.35354,0.001
0.2545,0.3045,23.4652,15.1155,5.2608,0.001
0.2546,0.3046,23.3867,15.5393,5.10313,0.001
0.2547,0.3047,23.2645,15.9262,4.86663,0.001
0.2548,0.3048,23.077,16.2256,4.59304,0.001
0.2549,0.3049,22.8065,16.4282,4.27307,0.001
0.255,0.305,22.4488,16.5526,4.03193,0.001
0.2551,0.3051,22.0125,16.6309,3.84181,0.001
0.2552,0.3052,21.6025,16.7046,3.73515,0.001
0.2553,0.3053,21.2535,16.7875,3.63777,0.001
0.2554,0.3054,21.0092,16.852,3.46619,0.001
0.2555,0.3055,20.9438,16.8566,3.36881,0.001
0.2556,0.3056,21.0092,16.8244,3.33635,0.001
0.2557,0.3057,21.1401,16.7138,3.28534,0.001
0.2558,0.3058,21.2797,16.6033,3.21578,0.001
0.2559,0.3059,21.3538,16.5019,3.27143,0.001
0.256,0.306,21.3974,16.4651,3.36881,0.001
0.2561,0.3061,21.3713,16.5388,3.60067,0.001
0.2562,0.3062,21.2011,16.7829,3.73515,0.001
0.2563,0.3063,20.9394,17.156,3.79544,0.001
0.2564,0.3064,20.6689,17.6581,3.7537,0.001
0.2565,0.3065,20.4683,18.1694,3.64705,0.001
0.2566,0.3066,20.3592,18.5793,3.49865,0.001
0.2567,0.3067,20.2807,18.7912,3.29462,0.001
0.2568,0.3068,20.1978,18.8511,3.10913,0.001
0.2569,0.3069,20.1105,18.8004,3.04421,0.001
0.257,0.307,20.0975,18.6853,3.05348,0.001
0.2571,0.3071,20.0582,18.63,3.19724,0.001
0.2572,0.3072,19.984,18.5839,3.41982,0.001
0.2573,0.3073,19.9055,18.6392,3.67023,0.001
0.2574,0.3074,19.9055,18.782,3.93919,0.001
0.2575,0.3075,19.9404,18.8972,4.21279,0.001
0.2576,0.3076,20.0146,19.0169,4.45856,0.001
0.2577,0.3077,20.0975,19.063,4.76462,0.001
0.2578,0.3078,20.1934,19.0952,5.12632,0.001
0.2579,0.3079,20.3592,19.0584,5.5344,0.001
0.258,0.308,20.4552,19.0307,5.93784,0.001
0.2581,0.3081,20.4726,19.0722,6.46648,0.001
0.2582,0.3082,20.4377,19.215,6.98122,0.001
0.2583,0.3083,20.3287,19.3808,7.45885,0.001
0.2584,0.3084,20.2196,19.5605,7.82056,0.001
0.2585,0.3085,20.1018,19.6388,8.13589,0.001
0.2586,0.3086,19.923,19.6572,8.46514,0.001
0.2587,0.3087,19.8008,19.5881,8.71091,0.001
0.2588,0.3088,19.7877,19.4499,8.91959,0.001
0.2589,0.3089,19.9055,19.2703,9.2071,0.001
0.259,0.309,20.0626,19.086,9.60127,0.001
0.2591,0.3091,20.224,18.9156,10.0372,0.001
0.2592,0.3092,20.4246,18.7728,10.4731,0.001
0.2593,0.3093,20.6777,18.6116,10.7838,0.001
0.2594,0.3094,20.9699,18.4411,10.9832,0.001
0.2595,0.3095,21.2797,18.2339,11.0342,0.001
0.2596,0.3096,21.5501,17.9897,11.0203,0.001
0.2597,0.3097,21.777,17.6765,10.9785,0.001
0.2598,0.3098,21.9733,17.3633,10.8812,0.001
0.2599,0.3099,22.1783,17.0685,10.7374,0.001
0.26,0.31,22.3179,16.8658,10.5473,0.001
0.2601,0.3101,22.4706,16.8152,10.2505,0.001
0.2602,0.3102,22.6669,16.9487,9.85168,0.001
0.2603,0.3103,22.8763,17.1468,9.41114,0.001
0.2604,0.3104,23.0246,17.2988,8.90568,0.001
0.2605,0.3105,23.0813,17.3679,8.38167,0.001
0.2606,0.3106,23.1206,17.4047,7.95504,0.001
0.2607,0.3107,23.0857,17.3126,7.70926,0.001
0.2608,0.3108,23.0246,17.027,7.6768,0.001
0.2609,0.3109,22.8894,16.7184,7.77882,0.001
0.261,0.311,22.7716,16.4651,7.98286,0.001
0.2611,0.3111,22.7367,16.2578,8.30747,0.001
0.2612,0.3112,22.8239,16.115,8.64135,0.001
0.2613,0.3113,23.077,15.9538,9.02161,0.001
0.2614,0.3114,23.4041,15.8847,9.36013,0.001
0.2615,0.3115,23.7749,15.8939,9.59663,0.001
0.2616,0.3116,24.1021,15.9262,9.76357,0.001
0.2617,0.3117,24.3028,15.8801,10.0557,0.001
0.2618,0.3118,24.3115,15.7373,10.4545,0.001
0.2619,0.3119,24.1065,15.6176,11.1269,0.001
0.262,0.312,23.7924,15.4518,12.6712,0.001
0.2621,0.3121,23.4128,15.3136,15.3654,0.001
0.2622,0.3122,22.9984,15.203,16.8679,0.001
0.2623,0.3123,22.6625,15.2214,17.5543,0.001
0.2624,0.3124,22.3964,15.3044,17.5589,0.001
0.2625,0.3125,22.2176,15.4748,16.8355,0.001
0.2626,0.3126,22.139,15.6913,16.483,0.001
0.2627,0.3127,22.0911,15.94,16.8726,0.001
0.2628,0.3128,22.0431,16.2118,17.7073,0.001
0.2629,0.3129,21.9907,16.3914,18.44,0.001
0.263,0.313,21.9733,16.4421,18.9038,0.001
0.2631,0.3131,21.9427,16.3914,19.0104,0.001
0.2632,0.3132,21.9122,16.244,18.9408,0.001
0.2633,0.3133,21.9122,16.0045,18.9408,0.001
0.2634,0.3134,21.8468,15.7926,19.3675,0.001
0.2635,0.3135,21.7595,15.5991,19.9518,0.001
0.2636,0.3136,21.6286,15.5577,20.3506,0.001
0.2637,0.3137,21.4411,15.659,20.3877,0.001
0.2638,0.3138,21.2535,15.8801,20.1141,0.001
0.2639,0.3139,21.0266,16.1887,20.0399,0.001
0.264,0.314,20.8042,16.4835,20.2857,0.001
0.2641,0.3141,20.6297,16.7507,20.6335,0.001
0.2642,0.3142,20.5119,16.9487,20.8746,0.001
0.2643,0.3143,20.4683,17.0823,20.87,0.001
0.2644,0.3144,20.5206,17.1284,20.615,0.001
0.2645,0.3145,20.573,17.1099,20.346,0.001
0.2646,0.3146,20.6122,17.0178,20.1837,0.001
0.2647,0.3147,20.6515,16.8981,20.1002,0.001
0.2648,0.3148,20.7125,16.8382,20.1234,0.001
0.2649,0.3149,20.7344,16.7829,20.2393,0.001
0.265,0.315,20.8085,16.6816,20.3692,0.001
0.2651,0.3151,20.9263,16.548,20.5361,0.001
0.2652,0.3152,21.0441,16.3453,20.6799,0.001
0.2653,0.3153,21.0615,16.0782,20.8329,0.001
0.2654,0.3154,20.9612,15.7189,20.9627,0.001
0.2655,0.3155,20.8434,15.355,20.9906,0.001
0.2656,0.3156,20.7693,15.005,20.9117,0.001
0.2657,0.3157,20.6384,14.7378,20.6938,0.001
0.2658,0.3158,20.4683,14.5674,20.4665,0.001
0.2659,0.3159,20.333,14.4522,20.3089,0.001
0.266,0.316,20.2458,14.4522,20.2347,0.001
0.2661,0.3161,20.2894,14.5259,20.1883,0.001
0.2662,0.3162,20.2807,14.6549,20.128,0.001
0.2663,0.3163,20.2414,14.8253,20.1048,0.001
0.2664,0.3164,20.1978,15.0372,20.0399,0.001
0.2665,0.3165,20.1193,15.2445,19.9425,0.001
0.2666,0.3166,20.0538,15.4932,19.8034,0.001
0.2667,0.3167,19.9579,15.7696,19.6828,0.001
0.2668,0.3168,19.8619,15.9999,19.5808,0.001
0.2669,0.3169,19.8619,16.373,19.5391,0.001
0.267,0.317,19.9928,17.0823,19.5994,0.001
0.2671,0.3171,20.2545,19.0538,19.655,0.001
0.2672,0.3172,20.5948,20.4771,19.7199,0.001
0.2673,0.3173,21.0005,20.7673,19.7617,0.001
0.2674,0.3174,21.38,20.4863,19.7385,0.001
0.2675,0.3175,21.7028,19.542,19.6365,0.001
0.2676,0.3176,21.9078,18.9432,19.5391,0.001
0.2677,0.3177,21.9733,19.1413,19.4417,0.001
0.2678,0.3178,21.9253,19.8967,19.3768,0.001
0.2679,0.3179,21.8511,20.7166,19.3304,0.001
0.268,0.318,21.7682,21.2371,19.2608,0.001
0.2681,0.3181,21.7159,21.2786,19.2098,0.001
0.2682,0.3182,21.6592,21.1588,19.182,0.001
0.2683,0.3183,21.681,21.0851,19.2516,0.001
0.2684,0.3184,21.8031,21.3799,19.3675,0.001
0.2685,0.3185,21.9645,22.011,19.5252,0.001
0.2686,0.3186,22.1347,22.5177,19.7246,0.001
0.2687,0.3187,22.2612,22.6559,19.8822,0.001
0.2688,0.3188,22.3833,22.5177,20.026,0.001
0.2689,0.3189,22.5317,22.4993,20.1976,0.001
0.269,0.319,22.6451,22.7526,20.3924,0.001
0.2691,0.3191,22.7105,23.1764,20.5964,0.001
0.2692,0.3192,22.728,23.5541,20.8144,0.001
0.2693,0.3193,22.7367,23.7108,21.1065,0.001
0.2694,0.3194,22.7149,23.6923,21.3569,0.001
0.2695,0.3195,22.6058,23.7016,21.5934,0.001
0.2696,0.3196,22.4226,23.8398,21.7929,0.001
0.2697,0.3197,22.2001,24.0839,21.9598,0.001
0.2698,0.3198,22.0125,24.3326,22.0757,0.001
0.2699,0.3199,21.7813,24.5215,22.1407,0.001
0.27,0.32,21.5501,24.6459,22.2102,0.001
0.2701,0.3201,21.2535,24.6597,22.2751,0.001
0.2702,0.3202,20.9045,24.6044,22.3586,0.001
0.2703,0.3203,20.5468,24.5169,22.5024,0.001
0.2704,0.3204,20.1847,24.434,22.7018,0.001
0.2705,0.3205,19.8794,24.3372,22.9661,0.001
0.2706,0.3206,19.6481,24.2359,23.2815,0.001
0.2707,0.3207,19.478,24.1115,23.5319,0.001
0.2708,0.3208,19.43,23.9872,23.8055,0.001
0.2709,0.3209,19.4388,23.9319,24.1858,0.001
0.271,0.321,19.4911,24.0378,24.5289,0.001
0.2711,0.3211,19.5129,24.1392,24.8536,0.001
0.2712,0.3212,19.5391,24.153,25.2756,0.001
0.2713,0.3213,19.5304,24.0286,25.6744,0.001
0.2714,0.3214,19.4518,23.8582,26.05,0.001
0.2715,0.3215,19.3646,23.6463,26.4581,0.001
0.2716,0.3216,19.3253,23.4989,26.7735,0.001
0.2717,0.3217,19.3166,23.4436,26.8616,0.001
0.2718,0.3218,19.4169,23.5081,26.9079,0.001
0.2719,0.3219,19.8924,23.7522,26.8709,0.001
0.272,0.322,21.2055,24.2037,26.7271,0.001
0.2721,0.3221,23.2863,24.7196,26.5972,0.001
0.2722,0.3222,24.0541,25.1848,26.5462,0.001
0.2723,0.3223,24.1326,25.5441,26.5787,0.001
0.2724,0.3224,23.5263,25.6915,26.6251,0.001
0.2725,0.3225,22.8239,25.6178,26.7595,0.001
0.2726,0.3226,22.8806,25.429,26.9265,0.001
0.2727,0.3227,23.6353,25.1664,27.0285,0.001
0.2728,0.3228,24.8175,24.9914,27.1584,0.001
0.2729,0.3229,25.7729,25.0236,27.3068,0.001
0.273,0.323,26.2528,25.1388,27.4598,0.001
0.2731,0.3231,26.4447,25.3138,27.7102,0.001
0.2732,0.3232,26.6148,25.6224,27.9978,0.001
0.2733,0.3233,26.9944,25.9725,28.2667,0.001
0.2734,0.3234,27.7796,26.2996,28.5218,0.001
0.2735,0.3235,28.5212,26.5668,28.7027,0.001
0.2736,0.3236,28.8571,26.6727,28.7444,0.001
0.2737,0.3237,28.7917,26.6267,28.698,0.001
0.2738,0.3238,28.7611,26.5391,28.5774,0.001
0.2739,0.3239,28.9793,26.447,28.378,0.001
0.274,0.324,29.385,26.3917,28.1972,0.001
0.2741,0.3241,29.7863,26.3917,28.1091,0.001
0.2742,0.3242,29.9085,26.5253,28.0534,0.001
0.2743,0.3243,29.7514,26.7787,28.1322,0.001
0.2744,0.3244,29.59,26.9998,28.3316,0.001
0.2745,0.3245,29.4504,27.138,28.5728,0.001
0.2746,0.3246,28.9226,27.1841,28.8093,0.001
0.2747,0.3247,27.9541,27.1887,29.0087,0.001
0.2748,0.3248,27.7011,27.0919,29.1803,0.001
0.2749,0.3249,27.7971,27.0182,29.2962,0.001
0.275,0.325,28.2071,26.9768,29.3658,0.001
0.2751,0.3251,28.6085,26.9491,29.3936,0.001
0.2752,0.3252,28.6259,27.0044,29.4447,0.001
0.2753,0.3253,28.1984,27.1334,29.44,0.001
0.2754,0.3254,27.592,27.3084,29.4029,0.001
0.2755,0.3255,27.1209,27.594,29.4029,0.001
0.2756,0.3256,26.8766,27.8981,29.3983,0.001
0.2757,0.3257,26.8722,28.1837,29.338,0.001
0.2758,0.3258,26.9595,28.4555,29.3705,0.001
0.2759,0.3259,27.0162,28.7042,29.4586,0.001
0.276,0.326,26.8286,28.8885,29.4864,0.001
0.2761,0.3261,26.4927,29.0405,29.5652,0.001
0.2762,0.3262,26.2048,29.1971,29.6719,0.001
0.2763,0.3263,26.0085,29.3676,29.7414,0.001
0.2764,0.3264,25.8689,29.5058,29.8481,0.001
0.2765,0.3265,25.6987,29.6256,29.9919,0.001
0.2766,0.3266,25.5417,29.7269,30.1032,0.001
0.2767,0.3267,25.5504,29.8743,30.2423,0.001
0.2768,0.3268,25.7947,30.077,30.5298,0.001
0.2769,0.3269,26.2746,30.2843,30.8359,0.001
0.277,0.327,26.7937,30.5008,31.142,0.001
0.2771,0.3271,27.2256,30.7358,31.4249,0.001
0.2772,0.3272,27.5004,31.0859,31.6243,0.001
0.2773,0.3273,27.4961,31.4176,31.6799,0.001
0.2774,0.3274,27.3652,31.7769,31.6985,0.001
0.2775,0.3275,27.2736,32.1593,31.6428,0.001
0.2776,0.3276,27.2605,32.514,31.5872,0.001
0.2777,0.3277,27.3652,32.795,31.6753,0.001
0.2778,0.3278,27.6007,33.0852,31.8793,0.001
0.2779,0.3279,27.9192,33.3478,32.1298,0.001
0.278,0.328,28.1591,33.615,32.4034,0.001
0.2781,0.3281,28.1766,33.9006,32.7234,0.001
0.2782,0.3282,28.0065,34.154,32.9135,0.001
0.2783,0.3283,27.7403,34.3383,32.997,0.001
0.2784,0.3284,27.2256,34.4396,33.0387,0.001
0.2785,0.3285,26.6323,34.4488,33.0341,0.001
0.2786,0.3286,25.7249,34.3014,33.0666,0.001
0.2787,0.3287,25.3279,34.0849,33.215,0.001
0.2788,0.3288,25.5461,33.85,33.4375,0.001
0.2789,0.3289,25.8296,33.6104,33.6741,0.001
0.279,0.329,26.0303,33.4538,33.9616,0.001
0.2791,0.3291,25.8383,33.357,34.2538,0.001
0.2792,0.3292,25.4414,33.3294,34.3604,0.001
0.2793,0.3293,25.04,33.3248,34.3233,0.001
0.2794,0.3294,24.835,33.2188,34.1703,0.001
0.2795,0.3295,24.6823,32.6246,33.9802,0.001
0.2796,0.3296,24.4991,32.0072,33.8039,0.001
0.2797,0.3297,24.0803,32.1178,33.7946,0.001
0.2798,0.3298,23.6353,32.514,33.9477,0.001
0.2799,0.3299,23.2165,33.182,34.1981,0.001
0.28,0.33,22.9504,33.6426,34.5413,0.001
0.2801,0.3301,23.042,33.5874,34.903,0.001
0.2802,0.3302,23.282,33.2096,35.172,0.001
0.2803,0.3303,23.282,32.7904,35.3992,0.001
0.2804,0.3304,23.0377,32.5601,35.5523,0.001
0.2805,0.3305,22.6974,32.6107,35.6172,0.001
0.2806,0.3306,22.5011,32.7351,35.6821,0.001
0.2807,0.3307,22.5098,32.7858,35.7563,0.001
0.2808,0.3308,22.6145,32.7213,35.8352,0.001
0.2809,0.3309,22.6364,32.4495,35.914,0.001
0.281,0.331,22.4924,32.1823,36.0068,0.001
0.2811,0.3311,22.3746,32.1731,36.0995,0.001
0.2812,0.3312,22.4095,32.2836,36.0902,0.001
0.2813,0.3313,22.5578,32.3481,36.0902,0.001
0.2814,0.3314,22.6756,32.3712,36.0346,0.001
0.2815,0.3315,22.7105,32.3481,35.9975,0.001
0.2816,0.3316,22.6887,32.3942,36.0578,0.001
0.2817,0.3317,22.6582,32.6061,36.1784,0.001
0.2818,0.3318,22.6494,32.9056,36.3268,0.001
0.2819,0.3319,22.8021,33.099,36.5354,0.001
0.282,0.332,23.1118,33.2326,36.9157,0.001
0.2821,0.3321,23.6179,33.2925,37.3285,0.001
0.2822,0.3322,24.1108,33.2004,37.7644,0.001
0.2823,0.3323,24.4816,33.1589,38.1911,0.001
0.2824,0.3324,24.7085,33.2511,38.5899,0.001
0.2825,0.3325,24.8132,33.4077,38.947,0.001
0.2826,0.3326,24.9528,33.6426,39.2299,0.001
0.2827,0.3327,24.9746,33.9513,39.4571,0.001
0.2828,0.3328,25.0924,34.2646,39.5731,0.001
0.2829,0.3329,25.3628,34.389,39.6241,0.001
0.283,0.333,25.7511,34.3383,39.5823,0.001
0.2831,0.3331,26.1393,34.1126,39.4896,0.001
0.2832,0.3332,26.4098,33.6657,39.3737,0.001
0.2833,0.3333,26.5014,33.1267,39.2438,0.001
0.2834,0.3334,26.532,32.6199,39.1232,0.001
0.2835,0.3335,26.5407,32.0717,39.0165,0.001
0.2836,0.3336,26.641,32.2698,38.9841,0.001
0.2837,0.3337,26.7675,32.9747,39.0212,0.001
0.2838,0.3338,26.7937,33.6426,39.1371,0.001
0.2839,0.3339,26.8504,34.0204,39.2716,0.001
0.284,0.334,26.8591,33.8776,39.5174,0.001
0.2841,0.3341,26.8373,33.44,39.7076,0.001
0.2842,0.3342,27.0336,32.924,39.7678,0.001
0.2843,0.3343,27.3303,32.5232,39.4386,0.001
0.2844,0.3344,27.6226,32.1224,38.9284,0.001
0.2845,0.3345,27.832,31.6986,39.0815,0.001
0.2846,0.3346,27.9541,31.155,39.4942,0.001
0.2847,0.3347,28.0806,30.8003,40.0878,0.001
0.2848,0.3348,28.2028,30.5653,40.38,0.001
0.2849,0.3349,28.4034,30.5377,40.1203,0.001
0.285,0.335,28.5954,30.8049,39.4942,0.001
0.2851,0.3351,28.7132,31.0675,38.78,0.001
0.2852,0.3352,28.8571,30.9615,38.256,0.001
0.2853,0.3353,28.9095,30.51,38.1076,0.001
0.2854,0.3354,29.0011,29.9619,38.0427,0.001
0.2855,0.3355,29.0185,29.5887,37.9916,0.001
0.2856,0.3356,28.8397,29.4091,37.8664,0.001
0.2857,0.3357,28.591,29.4643,37.6438,0.001
0.2858,0.3358,28.2507,29.4505,37.3285,0.001
0.2859,0.3359,27.9061,29.2847,37.1059,0.001
0.286,0.336,27.7054,29.2386,36.8647,0.001
0.2861,0.3361,27.6618,29.2709,36.5586,0.001
0.2862,0.3362,27.7491,29.3446,36.2154,0.001
0.2863,0.3363,27.9541,29.3952,35.9882,0.001
0.2864,0.3364,28.1679,29.3261,36.0624,0.001
0.2865,0.3365,28.2202,29.2524,36.4149,0.001
0.2866,0.3366,28.1897,29.1649,36.7488,0.001
0.2867,0.3367,28.133,29.1004,37.1986,0.001
0.2868,0.3368,27.9541,29.1787,37.3934,0.001
0.2869,0.3369,27.7273,29.4828,37.412,0.001
0.287,0.337,27.4742,29.9711,37.3424,0.001
0.2871,0.3371,27.1601,30.4317,37.2218,0.001
0.2872,0.3372,26.8417,30.7588,37.0873,0.001
0.2873,0.3373,26.5756,30.897,36.9806,0.001
0.2874,0.3374,26.2833,30.9569,37.0038,0.001
0.2875,0.3375,26.0739,31.0352,37.3192,0.001
0.2876,0.3376,25.8645,30.9891,37.7366,0.001
0.2877,0.3377,25.7118,31.0306,37.8572,0.001
0.2878,0.3378,25.5504,31.1965,37.6067,0.001
0.2879,0.3379,25.3847,31.3301,37.0131,0.001
0.288,0.338,25.2058,31.4498,36.3128,0.001
0.2881,0.3381,24.9702,31.4314,35.6497,0.001
0.2882,0.3382,24.7346,31.3301,35.274,0.001
0.2883,0.3383,24.5471,31.3485,34.9123,0.001
0.2884,0.3384,24.438,31.4775,35.2137,0.001
0.2885,0.3385,24.4424,31.8184,35.8955,0.001
0.2886,0.3386,24.4598,32.2145,36.3407,0.001
0.2887,0.3387,24.4642,32.5002,36.3963,0.001
0.2888,0.3388,24.4467,32.795,36.0392,0.001
0.2889,0.3389,24.3159,33.0345,35.5708,0.001
0.289,0.339,24.1196,33.2511,35.2555,0.001
0.2891,0.3391,23.8884,33.6473,35.1303,0.001
0.2892,0.3392,23.583,34.0388,34.9494,0.001
0.2893,0.3393,23.2035,34.3613,34.7268,0.001
0.2894,0.3394,22.9155,34.5732,34.328,0.001
0.2895,0.3395,22.7716,34.6654,33.9709,0.001
0.2896,0.3396,22.8196,34.7207,33.7019,0.001
0.2897,0.3397,23.0857,34.7391,33.4051,0.001
0.2898,0.3398,23.4128,34.799,33.099,0.001
0.2899,0.3399,23.7051,34.7713,32.7373,0.001
0.29,0.34,23.9145,34.6976,32.0556,0.001
0.2901,0.3401,24.0498,34.541,31.2255,0.001
0.2902,0.3402,24.0847,34.4581,30.5066,0.001
0.2903,0.3403,24.1239,34.3705,30.0985,0.001
0.2904,0.3404,24.233,34.2323,30.182,0.001
0.2905,0.3405,24.3682,34.0204,30.2423,0.001
0.2906,0.3406,24.5514,33.767,30.2469,0.001
0.2907,0.3407,24.7085,33.4768,30.0985,0.001
0.2908,0.3408,24.7957,33.0806,29.7136,0.001
0.2909,0.3409,24.8437,32.6706,29.3936,0.001
0.291,0.341,24.8393,32.3113,29.1339,0.001
0.2911,0.3411,24.7128,32.0717,28.7908,0.001
0.2912,0.3412,24.5427,31.998,28.3363,0.001
0.2913,0.3413,24.3595,32.0441,27.9653,0.001
0.2914,0.3414,24.1893,32.1731,27.7473,0.001
0.2915,0.3415,24.0279,32.15,27.7566,0.001
0.2916,0.3416,24.0192,32.1685,27.7473,0.001
0.2917,0.3417,24.0716,32.0994,27.7241,0.001
0.2918,0.3418,24.2853,31.7953,27.7334,0.001
0.2919,0.3419,24.6256,31.5097,27.7241,0.001
0.292,0.342,25.0008,31.178,27.6963,0.001
0.2921,0.3421,25.3061,30.7772,27.6731,0.001
0.2922,0.3422,25.5068,30.3028,27.4505,0.001
0.2923,0.3423,25.5897,29.8513,27.2233,0.001
0.2924,0.3424,25.5853,29.5979,26.959,0.001
0.2925,0.3425,25.5373,29.6025,26.6854,0.001
0.2926,0.3426,25.5679,29.5473,26.6065,0.001
0.2927,0.3427,25.6769,29.3584,26.6158,0.001
0.2928,0.3428,25.7903,28.9714,26.7874,0.001
0.2929,0.3429,25.9648,28.4877,26.959,0.001
0.293,0.343,26.1306,28.0962,26.894,0.001
0.2931,0.3431,26.3095,27.852,26.7178,0.001
0.2932,0.3432,26.5232,27.7829,26.5926,0.001
0.2933,0.3433,26.7675,27.8013,26.6622,0.001
0.2934,0.3434,26.9682,27.8797,26.9636,0.001
0.2935,0.3435,27.1078,27.7046,27.2743,0.001
0.2936,0.3436,27.2474,27.3407,27.5479,0.001
0.2937,0.3437,27.4219,26.9031,27.701,0.001
0.2938,0.3438,27.5877,26.553,27.7612,0.001
0.2939,0.3439,27.8276,26.3687,27.9189,0.001
0.294,0.344,28.0588,26.295,28.0812,0.001
0.2941,0.3441,28.2464,26.2213,28.1369,0.001
0.2942,0.3442,28.4034,26.0509,28.0441,0.001
0.2943,0.3443,28.5256,25.8988,27.9746,0.001
0.2944,0.3444,28.5169,25.8758,27.9514,0.001
0.2945,0.3445,28.3947,25.9311,27.956,0.001
0.2946,0.3446,28.1853,26.0094,28.0256,0.001
0.2947,0.3447,27.8712,25.9633,28.0534,0.001
0.2948,0.3448,27.4611,25.6731,28.0998,0.001
0.2949,0.3449,27.038,25.2585,28.1369,0.001
0.295,0.345,26.5887,24.867,28.1322,0.001
0.2951,0.3451,26.2309,24.6643,28.1833,0.001
0.2952,0.3452,25.882,24.6643,28.2018,0.001
0.2953,0.3453,25.642,24.9269,28.1461,0.001
0.2954,0.3454,25.5679,25.2908,27.9978,0.001
0.2955,0.3455,25.594,25.4152,27.687,0.001
0.2956,0.3456,25.6769,25.5579,27.432,0.001
0.2957,0.3457,25.6377,25.475,27.2187,0.001
0.2958,0.3458,25.4414,25.1848,27.0378,0.001
0.2959,0.3459,25.1011,24.7887,26.9961,0.001
0.296,0.346,24.6823,24.2912,26.9543,0.001
0.2961,0.3461,24.342,23.7384,26.9543,0.001
0.2962,0.3462,24.0759,23.2041,26.945,0.001
0.2963,0.3463,24.0367,22.8309,26.8337,0.001
0.2964,0.3464,23.8753,22.6835,26.6714,0.001
0.2965,0.3465,23.8185,22.7895,26.421,0.001
0.2966,0.3466,23.6833,22.7803,26.1752,0.001
0.2967,0.3467,23.4128,22.7158,25.9573,0.001
0.2968,0.3468,23.1947,22.6283,25.781,0.001
0.2969,0.3469,22.9112,22.5684,25.6419,0.001
0.297,0.347,22.6145,22.6098,25.4564,0.001
0.2971,0.3471,22.3005,22.6375,25.1364,0.001
0.2972,0.3472,22.0998,22.4578,24.7376,0.001
0.2973,0.3473,22.1434,22.186,24.2924,0.001
0.2974,0.3474,22.4488,21.9005,23.8426,0.001
0.2975,0.3475,22.7105,21.6425,23.4484,0.001
0.2976,0.3476,22.8414,21.5319,23.0913,0.001
0.2977,0.3477,22.7629,21.5366,22.8826,0.001
0.2978,0.3478,22.5709,21.7346,22.7296,0.001
0.2979,0.3479,22.4444,21.9511,22.6415,0.001
0.298,0.348,22.4575,22.0018,22.5163,0.001
0.2981,0.3481,22.5055,21.9465,22.354,0.001
0.2982,0.3482,22.5884,21.8083,22.1453,0.001
0.2983,0.3483,22.7061,21.7669,21.9227,0.001
0.2984,0.3484,22.6931,21.7853,21.561,0.001
0.2985,0.3485,22.5796,21.8544,21.1946,0.001
0.2986,0.3486,22.4837,21.9465,20.8375,0.001
0.2987,0.3487,22.488,21.9788,20.4387,0.001
0.2988,0.3488,22.5796,22.0202,20.1141,0.001
0.2989,0.3489,22.632,22.1031,19.8683,0.001
0.299,0.349,22.7105,22.0893,19.6272,0.001
0.2991,0.3491,22.6625,22.0156,19.3629,0.001
0.2992,0.3492,22.6014,21.9511,19.1171,0.001
0.2993,0.3493,22.7018,21.882,18.9084,0.001
0.2994,0.3494,22.7803,21.7761,18.8342,0.001
0.2995,0.3495,22.8021,21.6563,18.913,0.001
0.2996,0.3496,22.6756,21.4905,19.0475,0.001
0.2997,0.3497,22.3659,21.2325,19.1774,0.001
0.2998,0.3498,21.982,21.0206,19.284,0.001
0.2999,0.3499,21.5414,20.8134,19.284,0.001
0.3,0.35,21.1313,20.5508,19.2098,0.001
0.3001,0.3501,20.9743,20.3343,19.1124,0.001
0.3002,0.3502,21.0179,20.1869,19.0429,0.001
0.3003,0.3503,21.3102,20.1685,18.9455,0.001
0.3004,0.3504,21.4193,20.2192,18.8667,0.001
0.3005,0.3505,21.4672,20.2192,18.7322,0.001
0.3006,0.3506,21.284,20.2698,18.5235,0.001
0.3007,0.3507,20.9001,20.1731,18.2313,0.001
0.3008,0.3508,20.4552,19.9428,17.9392,0.001
0.3009,0.3509,19.9666,19.7217,17.6378,0.001
0.301,0.351,19.6176,19.344,17.3363,0.001
0.3011,0.3511,19.4169,19.0031,17.1045,0.001
0.3012,0.3512,19.3951,18.7728,16.9421,0.001
0.3013,0.3513,19.4911,18.5747,16.854,0.001
0.3014,0.3514,19.6874,18.3813,16.8819,0.001
0.3015,0.3515,19.6525,18.2062,16.9932,0.001
0.3016,0.3516,19.4649,18.068,17.1972,0.001
0.3017,0.3517,19.2294,18.0266,17.443,0.001
0.3018,0.3518,19.0243,18.0128,17.6888,0.001
0.3019,0.3519,18.8978,18.0174,17.9067,0.001
0.302,0.352,18.9022,17.9759,17.9716,0.001
0.3021,0.3521,18.876,17.8377,17.967,0.001
0.3022,0.3522,18.9066,17.6811,17.8928,0.001
0.3023,0.3523,19.1116,17.5291,17.8186,0.001
0.3024,0.3524,19.3297,17.3817,17.7769,0.001
0.3025,0.3525,19.5522,17.2666,17.7954,0.001
0.3026,0.3526,19.6438,17.2113,17.7398,0.001
0.3027,0.3527,19.7223,17.2159,17.6934,0.001
0.3028,0.3528,19.7703,17.2527,17.5589,0.001
0.3029,0.3529,19.6089,17.2574,17.3641,0.001
0.303,0.353,19.5434,17.2389,17.2204,0.001
0.3031,0.3531,19.3689,17.0869,17.0998,0.001
0.3032,0.3532,19.4518,16.8935,17.0163,0.001
0.3033,0.3533,19.779,16.7,16.9421,0.001
0.3034,0.3534,20.1716,16.5388,16.9468,0.001
0.3035,0.3535,20.5817,16.4697,16.9792,0.001
0.3036,0.3536,20.9307,16.4559,17.0581,0.001
0.3037,0.3537,21.2011,16.4236,17.1879,0.001
0.3038,0.3538,21.3887,16.2993,17.3085,0.001
0.3039,0.3539,21.3669,16.2025,17.3966,0.001
0.304,0.354,21.2055,16.1012,17.4012,0.001
0.3041,0.3541,21.2273,15.9584,17.3456,0.001
0.3042,0.3542,21.4323,15.8893,17.2528,0.001
0.3043,0.3543,21.7159,15.8341,17.1045,0.001
0.3044,0.3544,21.8599,15.8387,17.0117,0.001
0.3045,0.3545,21.8075,15.9124,16.9282,0.001
0.3046,0.3546,21.5763,16.0229,16.7845,0.001
0.3047,0.3547,21.4585,16.1012,16.6268,0.001
0.3048,0.3548,21.4498,16.1288,16.4784,0.001
0.3049,0.3549,21.4891,15.9262,16.2326,0.001
0.305,0.355,21.5676,15.7051,15.9961,0.001
0.3051,0.3551,21.6156,15.5162,15.7921,0.001
0.3052,0.3552,21.6505,15.3366,15.6808,0.001
0.3053,0.3553,21.6156,15.2307,15.5834,0.001
0.3054,0.3554,21.4847,15.1247,15.5092,0.001
0.3055,0.3555,21.4323,14.9497,15.4025,0.001
0.3056,0.3556,21.4716,14.7056,15.1892,0.001
0.3057,0.3557,21.4236,14.4384,14.9805,0.001
0.3058,0.3558,21.3713,14.1851,14.7533,0.001
0.3059,0.3559,21.223,14.0607,14.4936,0.001
0.306,0.356,21.0703,14.0515,14.2664,0.001
0.3061,0.3561,21.1706,14.1621,14.0438,0.001
0.3062,0.3562,21.4541,14.2634,13.7934,0.001
0.3063,0.3563,21.7639,14.3048,13.5244,0.001
0.3064,0.3564,21.9776,14.2818,13.2415,0.001
0.3065,0.3565,22.1783,14.2542,12.9958,0.001
0.3066,0.3566,22.283,14.2311,12.7871,0.001
0.3067,0.3567,22.4139,14.2496,12.5413,0.001
0.3068,0.3568,22.5098,14.2726,12.3326,0.001
0.3069,0.3569,22.5578,14.2634,12.1425,0.001
0.307,0.357,22.6014,14.3279,12.0358,0.001
0.3071,0.3571,22.5404,14.443,12.0405,0.001
0.3072,0.3572,22.5535,14.7286,12.1054,0.001
0.3073,0.3573,22.5447,15.0925,12.2306,0.001
0.3074,0.3574,22.5142,15.4057,12.3512,0.001
0.3075,0.3575,22.5142,15.5208,12.4115,0.001
0.3076,0.3576,22.5447,15.4057,12.3744,0.001
0.3077,0.3577,22.488,15.1892,12.2538,0.001
0.3078,0.3578,22.379,14.853,12.0219,0.001
0.3079,0.3579,22.283,14.6687,11.7066,0.001
0.308,0.358,22.1521,14.6088,11.3263,0.001
0.3081,0.3581,22.0998,14.6595,11.0203,0.001
0.3082,0.3582,22.0692,14.9359,10.7652,0.001
0.3083,0.3583,22.0911,15.2307,10.6493,0.001
0.3084,0.3584,22.0823,15.613,10.6771,0.001
0.3085,0.3585,22.0518,16.0321,10.7189,0.001
0.3086,0.3586,22.0649,16.4697,10.7838,0.001
0.3087,0.3587,22.0213,16.7967,10.7838,0.001
0.3088,0.3588,21.9515,16.9856,10.742,0.001
0.3089,0.3589,21.8424,17.004,10.7931,0.001
0.309,0.359,21.729,17.0823,10.7884,0.001
0.3091,0.3591,21.5894,17.2712,10.8997,0.001
0.3092,0.3592,21.4585,17.5061,11.062,0.001
0.3093,0.3593,21.3364,17.6443,11.2243,0.001
0.3094,0.3594,21.3015,17.6305,11.4191,0.001
0.3095,0.3595,21.3931,17.5153,11.5907,0.001
0.3096,0.3596,21.5152,17.437,11.637,0.001
0.3097,0.3597,21.6417,17.46,11.5814,0.001
0.3098,0.3598,21.6374,17.5291,11.3263,0.001
0.3099,0.3599,21.5501,17.612,10.9925,0.001
0.31,0.36,21.476,17.6397,10.7281,0.001
0.3101,0.3601,21.3756,17.5752,10.5844,0.001
0.3102,0.3602,21.3538,17.4186,10.5566,0.001
0.3103,0.3603,21.3364,17.2067,10.538,0.001
0.3104,0.3604,21.2971,17.027,10.5519,0.001
0.3105,0.3605,21.3015,16.9764,10.5102,0.001
0.3106,0.3606,21.3058,16.9027,10.4313,0.001
0.3107,0.3607,21.2884,16.852,10.3896,0.001
0.3108,0.3608,21.3058,16.7461,10.3989,0.001
0.3109,0.3609,21.2927,16.6632,10.5148,0.001
0.311,0.361,21.2884,16.7092,10.6725,0.001
0.3111,0.3611,21.2927,16.8796,10.8533,0.001
0.3112,0.3612,21.2797,17.0501,11.011,0.001
0.3113,0.3613,21.2971,17.1284,11.0342,0.001
0.3114,0.3614,21.3931,17.1284,11.0203,0.001
0.3115,0.3615,21.5501,17.0224,10.9507,0.001
0.3116,0.3616,21.6941,16.8704,10.8672,0.001
0.3117,0.3617,21.825,16.6862,10.756,0.001
0.3118,0.3618,21.9035,16.4835,10.6307,0.001
0.3119,0.3619,21.9035,16.4236,10.5936,0.001
0.312,0.362,21.8162,16.4697,10.6632,0.001
0.3121,0.3621,21.6548,16.6539,10.8394,0.001
0.3122,0.3622,21.5109,16.8981,11.1362,0.001
0.3123,0.3623,21.3364,17.1744,11.3727,0.001
0.3124,0.3624,21.1793,17.3817,11.4098,0.001
0.3125,0.3625,21.0092,17.5245,11.3495,0.001
0.3126,0.3626,20.778,17.483,11.2568,0.001
0.3127,0.3627,20.5642,17.2804,11.1362,0.001
0.3128,0.3628,20.4159,17.0086,11.164,0.001
0.3129,0.3629,20.3156,16.6678,11.3356,0.001
0.313,0.363,20.2589,16.5158,11.5443,0.001
0.3131,0.3631,20.1367,16.4513,11.9153,0.001
0.3132,0.3632,20.0626,16.525,12.2631,0.001
0.3133,0.3633,20.0757,16.6632,12.5645,0.001
0.3134,0.3634,20.1803,16.7507,12.7964,0.001
0.3135,0.3635,20.4246,16.875,12.9726,0.001
0.3136,0.3636,20.8085,16.9349,13.0514,0.001
0.3137,0.3637,21.1531,16.958,13.0839,0.001
0.3138,0.3638,21.4323,16.9349,13.0421,0.001
0.3139,0.3639,21.5937,16.9119,13.2276,0.001
0.314,0.364,21.5632,16.9303,13.6682,0.001
0.3141,0.3641,21.4367,16.9119,14.1319,0.001
0.3142,0.3642,21.2753,16.9441,14.4565,0.001
0.3143,0.3643,21.1619,17.0224,14.4983,0.001
0.3144,0.3644,21.0615,17.1468,14.336,0.001
0.3145,0.3645,21.031,17.3403,14.1273,0.001
0.3146,0.3646,21.1226,17.46,14.0299,0.001
0.3147,0.3647,21.2884,17.46,14.0021,0.001
0.3148,0.3648,21.4629,17.308,14.0763,0.001
0.3149,0.3649,21.6374,17.1099,14.2107,0.001
0.315,0.365,21.7944,16.958,14.3638,0.001
0.3151,0.3651,21.934,16.8428,14.54,0.001
0.3152,0.3652,22.1085,16.8059,14.6142,0.001
0.3153,0.3653,22.235,16.8428,14.6235,0.001
0.3154,0.3654,22.3092,16.8843,14.642,0.001
0.3155,0.3655,22.3833,17.0224,14.6188,0.001
0.3156,0.3656,22.4357,17.0823,14.6142,0.001
0.3157,0.3657,22.5142,17.1836,14.5771,0.001
0.3158,0.3658,22.5709,17.2574,14.5956,0.001
0.3159,0.3659,22.5971,17.2804,14.7116,0.001
0.316,0.366,22.5927,17.2804,14.9388,0.001
0.3161,0.3661,22.5447,17.2712,15.1614,0.001
0.3162,0.3662,22.4357,17.3587,15.3098,0.001
0.3163,0.3663,22.3353,17.4508,15.3376,0.001
0.3164,0.3664,22.2394,17.6443,15.2541,0.001
0.3165,0.3665,22.1958,17.8147,15.115,0.001
0.3166,0.3666,22.1914,17.9299,15.0269,0.001
0.3167,0.3667,22.2176,17.9621,14.9481,0.001
0.3168,0.3668,22.2525,17.9575,15.0176,0.001
0.3169,0.3669,22.3266,17.9299,15.1614,0.001
0.317,0.367,22.4793,17.8654,15.3237,0.001
0.3171,0.3671,22.6407,17.7917,15.5463,0.001
0.3172,0.3672,22.7672,17.7364,15.6391,0.001
0.3173,0.3673,22.8108,17.6995,15.7086,0.001
0.3174,0.3674,22.7934,17.6351,15.7503,0.001
0.3175,0.3675,22.6756,17.5568,15.7503,0.001
0.3176,0.3676,22.488,17.5199,15.7689,0.001
0.3177,0.3677,22.2917,17.5844,15.7086,0.001
0.3178,0.3678,22.078,17.6627,15.6483,0.001
0.3179,0.3679,21.8424,17.7778,15.7874,0.001
0.318,0.368,21.7072,17.7732,16.0425,0.001
0.3181,0.3681,21.5763,17.6903,16.4367,0.001
0.3182,0.3682,21.4934,17.6028,16.7752,0.001
0.3183,0.3683,21.428,17.5153,16.9932,0.001
0.3184,0.3684,21.3538,17.483,17.1184,0.001
0.3185,0.3685,21.2317,17.5153,17.1369,0.001
0.3186,0.3686,21.0572,17.5383,17.1184,0.001
0.3187,0.3687,20.9307,17.6397,17.1045,0.001
0.3188,0.3688,20.8958,17.718,17.1926,0.001
0.3189,0.3689,20.9917,17.8101,17.3595,0.001
0.319,0.369,21.1662,17.893,17.5404,0.001
0.3191,0.3691,21.4149,17.9621,17.7166,0.001
0.3192,0.3692,21.6941,18.0036,17.7908,0.001
0.3193,0.3693,21.9994,17.9713,17.8603,0.001
0.3194,0.3694,22.2394,17.9252,17.8928,0.001
0.3195,0.3695,22.3746,17.893,17.9345,0.001
0.3196,0.3696,22.3353,17.9391,17.8974,0.001
0.3197,0.3697,22.1696,18.0496,17.8418,0.001
0.3198,0.3698,21.9078,18.22,17.8279,0.001
0.3199,0.3699,21.6374,18.4964,17.9206,0.001
0.32,0.37,21.3756,18.759,18.1154,0.001
0.3201,0.3701,21.2753,19.1827,18.3334,0.001
0.3202,0.3702,21.2884,19.5466,18.5513,0.001
0.3203,0.3703,21.4454,19.7723,18.7368,0.001
0.3204,0.3704,21.6679,19.8414,18.9223,0.001
0.3205,0.3705,21.8729,19.846,19.0522,0.001
0.3206,0.3706,22.0125,19.8967,19.1681,0.001
0.3207,0.3707,22.0823,19.9658,19.2145,0.001
0.3208,0.3708,22.0605,20.0579,19.2423,0.001
0.3209,0.3709,22.0125,20.127,19.2655,0.001
0.321,0.371,21.9515,20.2468,19.2655,0.001
0.3211,0.3711,21.9864,20.2928,19.3026,0.001
0.3212,0.3712,22.1085,20.385,19.3443,0.001
0.3213,0.3713,22.2306,20.4449,19.5066,0.001
0.3214,0.3714,22.331,20.5001,19.7199,0.001
0.3215,0.3715,22.3266,20.6521,19.9286,0.001
0.3216,0.3716,22.2525,20.8502,20.0585,0.001
0.3217,0.3717,22.0954,21.0437,20.128,0.001
0.3218,0.3718,21.934,21.274,20.1466,0.001
0.3219,0.3719,21.7944,21.5043,20.0677,0.001
0.322,0.372,21.681,21.6747,20.077,0.001
0.3221,0.3721,21.5807,21.7715,20.1373,0.001
0.3222,0.3722,21.5545,21.6932,20.193,0.001
0.3223,0.3723,21.5196,21.5504,20.3228,0.001
0.3224,0.3724,21.5545,21.4122,20.4248,0.001
0.3225,0.3725,21.6766,21.3523,20.5037,0.001
0.3226,0.3726,21.8511,21.3753,20.5639,0.001
0.3227,0.3727,22.0343,21.3753,20.6196,0.001
0.3228,0.3728,22.1783,21.3707,20.6799,0.001
0.3229,0.3729,22.2481,21.4214,20.6567,0.001
0.323,0.373,22.2481,21.5227,20.6242,0.001
0.3231,0.3731,22.235,21.6471,20.6428,0.001
0.3232,0.3732,22.1958,21.7024,20.7031,0.001
0.3233,0.3733,22.1303,21.6886,20.9164,0.001
0.3234,0.3734,22.0387,21.5458,21.2317,0.001
0.3235,0.3735,21.9776,21.3154,21.5146,0.001
0.3236,0.3736,21.9515,21.1358,21.7233,0.001
0.3237,0.3737,21.9776,21.0575,21.8207,0.001
0.3238,0.3738,22.0736,21.1865,21.8068,0.001
0.3239,0.3739,22.3092,21.4767,21.7187,0.001
0.324,0.374,22.5927,21.8498,21.6352,0.001
0.3241,0.3741,22.8545,22.2459,21.5842,0.001
0.3242,0.3742,23.0508,22.4947,21.6398,0.001
0.3243,0.3743,23.2078,22.6329,21.765,0.001
0.3244,0.3744,23.3081,22.6513,21.932,0.001
0.3245,0.3745,23.3736,22.5776,22.2009,0.001
0.3246,0.3746,23.4521,22.4486,22.405,0.001
0.3247,0.3747,23.535,22.3289,22.5951,0.001
0.3248,0.3748,23.6441,22.2275,22.7621,0.001
0.3249,0.3749,23.8404,22.2598,22.9197,0.001
0.325,0.375,24.0716,22.3979,23.0728,0.001
0.3251,0.3751,24.3202,22.6789,23.2351,0.001
0.3252,0.3752,24.4162,23.0014,23.3742,0.001
0.3253,0.3753,24.3813,23.333,23.5412,0.001
0.3254,0.3754,24.2461,23.6601,23.7266,0.001
0.3255,0.3755,24.1152,23.8904,23.8751,0.001
0.3256,0.3756,24.0672,24.0148,24.0095,0.001
0.3257,0.3757,24.089,24.0424,24.0513,0.001
0.3258,0.3758,24.1632,24.0424,24.0095,0.001
0.3259,0.3759,24.2722,24.0747,23.9353,0.001
0.326,0.376,24.3813,24.1346,23.8982,0.001
0.3261,0.3761,24.5165,24.2543,23.9585,0.001
0.3262,0.3762,24.6387,24.3833,24.1208,0.001
0.3263,0.3763,24.6474,24.5077,24.3666,0.001
0.3264,0.3764,24.6518,24.6136,24.7701,0.001
0.3265,0.3765,24.5732,24.6965,25.1225,0.001
0.3266,0.3766,24.5034,24.6965,25.5074,0.001
0.3267,0.3767,24.4118,24.6367,25.9155,0.001
0.3268,0.3768,24.4075,24.563,26.2726,0.001
0.3269,0.3769,24.3944,24.4939,26.5369,0.001
0.327,0.377,24.4031,24.4432,26.7224,0.001
0.3271,0.3771,24.39,24.4662,26.8152,0.001
0.3272,0.3772,24.3202,24.563,26.8569,0.001
0.3273,0.3773,24.2984,24.7104,26.8569,0.001
0.3274,0.3774,24.2722,24.8946,26.8477,0.001
0.3275,0.3775,24.2591,25.0282,26.8337,0.001
0.3276,0.3776,24.2112,25.0881,26.8245,0.001
0.3277,0.3777,24.0105,25.1157,26.8523,0.001
0.3278,0.3778,23.8927,25.0881,26.8987,0.001
0.3279,0.3779,23.8884,25.0559,26.959,0.001
0.328,0.378,23.9974,25.0605,27.0332,0.001
0.3281,0.3781,24.0934,25.1203,27.1398,0.001
0.3282,0.3782,24.0716,25.1986,27.214,0.001
0.3283,0.3783,23.9014,25.3507,27.2975,0.001
0.3284,0.3784,23.6484,25.5119,27.4366,0.001
0.3285,0.3785,23.4128,25.6777,27.6128,0.001
0.3286,0.3786,23.2863,25.8067,27.8493,0.001
0.3287,0.3787,23.2907,25.8896,28.1137,0.001
0.3288,0.3788,23.4303,26.0048,28.3316,0.001
0.3289,0.3789,23.679,26.1107,28.545,0.001
0.329,0.379,23.8971,26.2582,28.7073,0.001
0.3291,0.3791,24.0018,26.4654,28.7815,0.001
0.3292,0.3792,23.9756,26.7418,28.8,0.001
0.3293,0.3793,23.9058,27.0459,28.7398,0.001
0.3294,0.3794,23.8404,27.2946,28.6377,0.001
0.3295,0.3795,23.8316,27.5203,28.5218,0.001
0.3296,0.3796,23.8753,27.7046,28.429,0.001
0.3297,0.3797,23.9843,27.7829,28.3502,0.001
0.3298,0.3798,24.233,27.8797,28.3316,0.001
0.3299,0.3799,24.5863,27.958,28.3502,0.001
0.33,0.38,24.8699,27.9948,28.443,0.001
0.3301,0.3801,25.1142,28.0593,28.5774,0.001
0.3302,0.3802,25.2232,28.1146,28.7212,0.001
0.3303,0.3803,25.3236,28.2113,28.8789,0.001
0.3304,0.3804,25.3454,28.3173,29.0041,0.001
0.3305,0.3805,25.3323,28.4324,29.1525,0.001
0.3306,0.3806,25.2712,28.5108,29.3009,0.001
0.3307,0.3807,25.2407,28.5476,29.5003,0.001
0.3308,0.3808,25.2887,28.543,29.7461,0.001
0.3309,0.3809,25.4326,28.5292,30.0336,0.001
0.331,0.381,25.5635,28.5799,30.2933,0.001
0.3311,0.3811,25.6813,28.6812,30.5206,0.001
0.3312,0.3812,25.7424,28.7918,30.6179,0.001
0.3313,0.3813,25.7336,28.8885,30.5948,0.001
0.3314,0.3814,25.6464,28.9622,30.4834,0.001
0.3315,0.3815,25.5024,28.976,30.3211,0.001
0.3316,0.3816,25.2843,29.0589,30.1588,0.001
0.3317,0.3817,25.1534,29.1511,30.0522,0.001
0.3318,0.3818,25.1534,29.2478,30.0151,0.001
0.3319,0.3819,25.1883,29.3722,30.1124,0.001
0.332,0.382,25.2712,29.4874,30.2748,0.001
0.3321,0.3821,25.3279,29.5703,30.4974,0.001
0.3322,0.3822,25.3454,29.6394,30.7571,0.001
0.3323,0.3823,25.3323,29.5979,30.9611,0.001
0.3324,0.3824,25.245,29.5288,31.1049,0.001
0.3325,0.3825,25.0793,29.3584,31.1513,0.001
0.3326,0.3826,24.9222,29.1649,31.1791,0.001
0.3327,0.3827,24.7652,29.0405,31.1466,0.001
0.3328,0.3828,24.7521,29.0175,31.1559,0.001
0.3329,0.3829,24.7477,29.082,31.244,0.001
0.333,0.383,24.7652,29.1649,31.3785,0.001
0.3331,0.3831,24.8001,29.2616,31.4991,0.001
0.3332,0.3832,24.8873,29.3169,31.6196,0.001
0.3333,0.3833,25.0008,29.3952,31.6521,0.001
0.3334,0.3834,25.0793,29.538,31.6475,0.001
0.3335,0.3835,25.1229,29.7177,31.6104,0.001
0.3336,0.3836,25.1273,29.9112,31.6335,0.001
0.3337,0.3837,25.1752,30.0494,31.7124,0.001
0.3338,0.3838,25.1971,30.1738,31.8515,0.001
0.3339,0.3839,25.2189,30.2429,32.0648,0.001
0.334,0.384,25.2145,30.2152,32.3477,0.001
0.3341,0.3841,25.2669,30.1738,32.6028,0.001
0.3342,0.3842,25.3847,30.1507,32.8439,0.001
0.3343,0.3843,25.4588,30.1646,32.9877,0.001
0.3344,0.3844,25.4981,30.2521,33.1268,0.001
0.3345,0.3845,25.4719,30.3857,33.1778,0.001
0.3346,0.3846,25.3977,30.5653,33.2196,0.001
0.3347,0.3847,25.3847,30.8095,33.2474,0.001
0.3348,0.3848,25.4326,30.9615,33.2242,0.001
0.3349,0.3849,25.5068,31.049,33.1871,0.001
0.335,0.385,25.6333,31.0076,33.1408,0.001
0.3351,0.3851,25.7467,30.9247,33.1176,0.001
0.3352,0.3852,25.8514,30.8371,33.1408,0.001
0.3353,0.3853,25.9125,30.7818,33.1964,0.001
0.3354,0.3854,25.9387,30.7496,33.2752,0.001
0.3355,0.3855,25.9212,30.7864,33.3541,0.001
0.3356,0.3856,25.8994,30.897,33.5025,0.001
0.3357,0.3857,25.8122,31.1089,33.7158,0.001
0.3358,0.3858,25.6508,31.3531,33.9941,0.001
0.3359,0.3859,25.5242,31.5696,34.2862,0.001
0.336,0.386,25.437,31.6802,34.5042,0.001
0.3361,0.3861,25.4457,31.6802,34.6665,0.001
0.3362,0.3862,25.5111,31.5097,34.6804,0.001
0.3363,0.3863,25.5635,31.2011,34.6479,0.001
0.3364,0.3864,25.5897,30.8509,34.6109,0.001
0.3365,0.3865,25.5984,30.5377,34.6109,0.001
0.3366,0.3866,25.6246,30.3765,34.6016,0.001
0.3367,0.3867,25.6115,30.3995,34.634,0.001
0.3368,0.3868,25.6028,30.5147,34.6572,0.001
0.3369,0.3869,25.5722,30.6943,34.6433,0.001
0.337,0.387,25.5679,30.8602,34.5969,0.001
0.3371,0.3871,25.5679,30.9845,34.5552,0.001
0.3372,0.3872,25.5897,31.0582,34.4068,0.001
0.3373,0.3873,25.6071,31.0629,34.2862,0.001
0.3374,0.3874,25.5984,30.9661,34.1332,0.001
0.3375,0.3875,25.5897,30.8924,34.11,0.001
0.3376,0.3876,25.5373,30.8233,34.1842,0.001
0.3377,0.3877,25.485,30.8555,34.3465,0.001
0.3378,0.3878,25.4283,30.9293,34.4578,0.001
0.3379,0.3879,25.4239,31.0352,34.5181,0.001
0.338,0.388,25.4806,31.1227,34.4254,0.001
0.3381,0.3881,25.594,31.1965,34.2955,0.001
0.3382,0.3882,25.786,31.1965,34.1564,0.001
0.3383,0.3883,26.0652,31.1412,34.0451,0.001
0.3384,0.3884,26.3007,31.0582,33.9987,0.001
0.3385,0.3885,26.4752,31.003,33.9755,0.001
0.3386,0.3886,26.545,30.9984,34.0497,0.001
0.3387,0.3887,26.4927,31.0122,34.1239,0.001
0.3388,0.3888,26.3836,31.0675,34.1564,0.001
0.3389,0.3889,26.2964,31.0997,34.1378,0.001
0.339,0.389,26.2048,31.1504,34.1285,0.001
0.3391,0.3891,26.1393,31.2517,34.0312,0.001
0.3392,0.3892,26.0739,31.2748,33.9616,0.001
0.3393,0.3893,26.0303,31.2333,33.957,0.001
0.3394,0.3894,26.0041,31.1458,34.008,0.001
0.3395,0.3895,26.0085,31.0582,34.1564,0.001
0.3396,0.3896,26.0216,31.0214,34.2723,0.001
0.3397,0.3897,26.0434,31.003,34.3558,0.001
0.3398,0.3898,26.0216,30.9753,34.3233,0.001
0.3399,0.3899,26.0041,30.9707,34.2306,0.001
0.34,0.39,25.9954,30.9247,34.1796,0.001
0.3401,0.3901,26.0695,30.8832,34.1378,0.001
0.3402,0.3902,26.1437,30.8371,34.0822,0.001
0.3403,0.3903,26.2397,30.7634,34.0636,0.001
0.3404,0.3904,26.3138,30.722,34.0729,0.001
0.3405,0.3905,26.3444,30.7127,34.1517,0.001
0.3406,0.3906,26.388,30.7818,34.3001,0.001
0.3407,0.3907,26.3749,30.8417,34.3651,0.001
0.3408,0.3908,26.3051,30.9247,34.4022,0.001
0.3409,0.3909,26.183,31.026,34.3187,0.001
0.341,0.391,26.0259,31.1135,34.1888,0.001
0.3411,0.3911,25.8296,31.1688,34.0033,0.001
0.3412,0.3912,25.6333,31.1688,33.8549,0.001
0.3413,0.3913,25.4457,31.1043,33.7436,0.001
0.3414,0.3914,25.293,31.0398,33.7204,0.001
0.3415,0.3915,25.1622,30.9615,33.7807,0.001
0.3416,0.3916,25.1229,30.8832,33.8271,0.001
0.3417,0.3917,25.136,30.7911,33.8317,0.001
0.3418,0.3918,25.1796,30.7266,33.7251,0.001
0.3419,0.3919,25.2363,30.6851,33.5581,0.001
0.342,0.392,25.3236,30.6575,33.3541,0.001
0.3421,0.3921,25.3803,30.639,33.1871,0.001
0.3422,0.3922,25.4195,30.6344,32.9877,0.001
0.3423,0.3923,25.4675,30.6436,32.8439,0.001
0.3424,0.3924,25.5068,30.6759,32.7234,0.001
0.3425,0.3925,25.581,30.7173,32.7002,0.001
0.3426,0.3926,25.6028,30.7634,32.6816,0.001
0.3427,0.3927,25.6508,30.7772,32.6167,0.001
0.3428,0.3928,25.6856,30.6989,32.51,0.001
0.3429,0.3929,25.6638,30.6621,32.3616,0.001
0.343,0.393,25.6289,30.5976,32.1715,0.001
0.3431,0.3931,25.5155,30.5469,31.9396,0.001
0.3432,0.3932,25.3803,30.5607,31.7727,0.001
0.3433,0.3933,25.245,30.5607,31.6196,0.001
0.3434,0.3934,25.1709,30.5193,31.6428,0.001
0.3435,0.3935,25.1622,30.4916,31.6938,0.001
0.3436,0.3936,25.2625,30.4317,31.7495,0.001
0.3437,0.3937,25.4021,30.3995,31.7541,0.001
0.3438,0.3938,25.5679,30.3857,31.717,0.001
0.3439,0.3939,25.7424,30.3765,31.6475,0.001
0.344,0.394,25.8514,30.2981,31.5547,0.001
0.3441,0.3941,25.8514,30.1738,31.3831,0.001
0.3442,0.3942,25.8296,30.0171,31.2115,0.001
0.3443,0.3943,25.6987,29.8789,31.1049,0.001
0.3444,0.3944,25.5111,29.8006,31.077,0.001
0.3445,0.3945,25.3148,29.7361,31.1605,0.001
0.3446,0.3946,25.0793,29.6762,31.2208,0.001
0.3447,0.3947,24.8524,29.6256,31.2069,0.001
0.3448,0.3948,24.6518,29.5611,31.1791,0.001
0.3449,0.3949,24.5122,29.515,31.091,0.001
0.345,0.395,24.4162,29.5058,31.0168,0.001
0.3451,0.3951,24.3726,29.5058,30.9194,0.001
0.3452,0.3952,24.3246,29.4828,30.873,0.001
0.3453,0.3953,24.2766,29.4183,30.8591,0.001
0.3454,0.3954,24.2286,29.2801,30.8776,0.001
0.3455,0.3955,24.2199,29.1419,30.8916,0.001
0.3456,0.3956,24.2199,28.9622,30.8545,0.001
0.3457,0.3957,24.2984,28.7687,30.7988,0.001
0.3458,0.3958,24.3813,28.5614,30.7107,0.001
0.3459,0.3959,24.4293,28.3818,30.6179,0.001
0.346,0.396,24.4685,28.3035,30.4834,0.001
0.3461,0.3961,24.5165,28.2942,30.2979,0.001
0.3462,0.3962,24.534,28.368,30.131,0.001
0.3463,0.3963,24.5689,28.4324,30.0475,0.001
0.3464,0.3964,24.5994,28.5062,29.978,0.001
0.3465,0.3965,24.6212,28.4923,29.9269,0.001
0.3466,0.3966,24.6343,28.4186,29.8713,0.001
0.3467,0.3967,24.643,28.2574,29.8203,0.001
0.3468,0.3968,24.6387,28.0916,29.7878,0.001
0.3469,0.3969,24.6125,27.9027,29.7275,0.001
0.347,0.397,24.5951,27.7599,29.6487,0.001
0.3471,0.3971,24.6038,27.677,29.5096,0.001
0.3472,0.3972,24.6518,27.6539,29.3705,0.001
0.3473,0.3973,24.7739,27.6724,29.2035,0.001
0.3474,0.3974,24.9702,27.6954,29.0876,0.001
0.3475,0.3975,25.2102,27.7138,28.9392,0.001
0.3476,0.3976,25.4326,27.6724,28.7537,0.001
0.3477,0.3977,25.5984,27.5157,28.5728,0.001
0.3478,0.3978,25.7293,27.2716,28.4105,0.001
0.3479,0.3979,25.7816,27.0228,28.2899,0.001
0.348,0.398,25.7511,26.728,28.1786,0.001
0.3481,0.3981,25.6726,26.4608,28.0348,0.001
0.3482,0.3982,25.5417,26.2489,27.9096,0.001
0.3483,0.3983,25.3803,26.1338,27.7612,0.001
0.3484,0.3984,25.2625,26.1384,27.5943,0.001
0.3485,0.3985,25.2232,26.2029,27.4181,0.001
0.3486,0.3986,25.2189,26.2996,27.2836,0.001
0.3487,0.3987,25.2276,26.3595,27.2047,0.001
0.3488,0.3988,25.2014,26.3365,27.1723,0.001
0.3489,0.3989,25.0924,26.2075,27.1445,0.001
0.349,0.399,24.9484,26.0232,27.0656,0.001
0.3491,0.3991,24.7652,25.7837,26.959,0.001
0.3492,0.3992,24.5907,25.5487,26.8477,0.001
0.3493,0.3993,24.4816,25.3276,26.6761,0.001
0.3494,0.3994,24.4162,25.1434,26.5045,0.001
0.3495,0.3995,24.3769,25.0098,26.3283,0.001
0.3496,0.3996,24.3857,24.8301,26.1938,0.001
0.3497,0.3997,24.3769,24.6827,26.1381,0.001
0.3498,0.3998,24.3551,24.5583,26.1289,0.001
0.3499,0.3999,24.3159,24.4662,26.1984,0.001
0.35,0.4,24.1937,24.4432,26.1984,0.001
0.3501,0.4001,24.0105,24.4478,26.1381,0.001
0.3502,0.4002,23.8491,24.434,26.0175,0.001
0.3503,0.4003,23.7051,24.434,25.8367,0.001
0.3504,0.4004,23.6441,24.4294,25.6187,0.001
0.3505,0.4005,23.6135,24.4294,25.3776,0.001
0.3506,0.4006,23.6179,24.4017,25.1735,0.001
0.3507,0.4007,23.6659,24.3649,25.0344,0.001
0.3508,0.4008,23.7182,24.3142,24.9231,0.001
0.3509,0.4009,23.8273,24.2497,24.8628,0.001
0.351,0.401,23.9407,24.2083,24.835,0.001
0.3511,0.4011,24.0672,24.13,24.7608,0.001
0.3512,0.4012,24.1283,24.13,24.6495,0.001
0.3513,0.4013,24.1545,24.1161,24.5289,0.001
0.3514,0.4014,24.089,24.1622,24.3944,0.001
0.3515,0.4015,24.0236,24.1576,24.2831,0.001
0.3516,0.4016,23.8971,24.13,24.1718,0.001
0.3517,0.4017,23.7749,24.0655,24.1162,0.001
0.3518,0.4018,23.6833,23.9595,24.0745,0.001
0.3519,0.4019,23.6048,23.8582,23.9863,0.001
0.352,0.402,23.5132,23.7062,23.9029,0.001
0.3521,0.4021,23.4652,23.5495,23.8055,0.001
0.3522,0.4022,23.4303,23.4574,23.6478,0.001
0.3523,0.4023,23.4172,23.3975,23.4577,0.001
0.3524,0.4024,23.4303,23.3975,23.2304,0.001
0.3525,0.4025,23.4172,23.4574,22.9847,0.001
0.3526,0.4026,23.3169,23.4758,22.7528,0.001
0.3527,0.4027,23.1686,23.4758,22.5673,0.001
0.3528,0.4028,22.9853,23.4298,22.4328,0.001
0.3529,0.4029,22.8065,23.3146,22.3308,0.001
0.353,0.403,22.6625,23.1396,22.238,0.001
0.3531,0.4031,22.5578,22.9093,22.1963,0.001
0.3532,0.4032,22.5447,22.6789,22.1638,0.001
0.3533,0.4033,22.5884,22.4993,22.1453,0.001
0.3534,0.4034,22.6538,22.3611,22.0989,0.001
0.3535,0.4035,22.6712,22.2736,22.0804,0.001
0.3536,0.4036,22.6145,22.2551,22.0247,0.001
0.3537,0.4037,22.4182,22.2413,21.9644,0.001
0.3538,0.4038,22.187,22.2229,21.8717,0.001
0.3539,0.4039,21.9427,22.2045,21.7789,0.001
0.354,0.404,21.7333,22.1169,21.6816,0.001
0.3541,0.4041,21.6286,21.9788,21.5239,0.001
0.3542,0.4042,21.6461,21.7991,21.3337,0.001
0.3543,0.4043,21.7333,21.6471,21.1482,0.001
0.3544,0.4044,21.8555,21.4951,20.921,0.001
0.3545,0.4045,21.886,21.3753,20.6799,0.001
0.3546,0.4046,21.8729,21.297,20.4712,0.001
0.3547,0.4047,21.7857,21.2602,20.2671,0.001
0.3548,0.4048,21.6854,21.2095,20.1373,0.001
0.3549,0.4049,21.5937,21.1036,20.0538,0.001
0.355,0.405,21.5414,20.9469,19.9843,0.001
0.3551,0.4051,21.5283,20.7443,19.924,0.001
0.3552,0.4052,21.5981,20.537,19.873,0.001
0.3553,0.4053,21.7944,20.3942,19.873,0.001
0.3554,0.4054,21.9864,20.2652,19.8451,0.001
0.3555,0.4055,22.1652,20.1915,19.8266,0.001
0.3556,0.4056,22.2786,20.2053,19.7988,0.001
0.3557,0.4057,22.331,20.2606,19.7246,0.001
0.3558,0.4058,22.3702,20.3389,19.604,0.001
0.3559,0.4059,22.3484,20.3942,19.4463,0.001
0.356,0.406,22.3223,20.4034,19.2608,0.001
0.3561,0.4061,22.331,20.3343,19.0753,0.001
0.3562,0.4062,22.3877,20.2099,18.8991,0.001
0.3563,0.4063,22.5186,20.0718,18.7229,0.001
0.3564,0.4064,22.6582,19.975,18.5606,0.001
0.3565,0.4065,22.7454,19.9289,18.4447,0.001
0.3566,0.4066,22.8457,19.9612,18.3194,0.001
0.3567,0.4067,22.8806,19.9888,18.2313,0.001
0.3568,0.4068,22.8806,20.0073,18.1525,0.001
0.3569,0.4069,22.8283,19.9796,18.0412,0.001
0.357,0.407,22.7672,19.8645,17.9716,0.001
0.3571,0.4071,22.7585,19.7401,17.9206,0.001
0.3572,0.4072,22.7934,19.5558,17.9067,0.001
0.3573,0.4073,22.8763,19.3808,17.9253,0.001
0.3574,0.4074,22.9243,19.1966,17.9716,0.001
0.3575,0.4075,22.8937,19.0031,18.0366,0.001
0.3576,0.4076,22.7978,18.8741,18.0876,0.001
0.3577,0.4077,22.68,18.7682,18.1015,0.001
0.3578,0.4078,22.5317,18.7221,18.0551,0.001
0.3579,0.4079,22.3833,18.7083,17.9531,0.001
0.358,0.408,22.2437,18.7037,17.8232,0.001
0.3581,0.4081,22.1347,18.7129,17.6609,0.001
0.3582,0.4082,22.0823,18.7037,17.5496,0.001
0.3583,0.4083,22.0692,18.6392,17.4847,0.001
0.3584,0.4084,22.0867,18.5425,17.4105,0.001
0.3585,0.4085,22.0867,18.3721,17.3827,0.001
0.3586,0.4086,22.0911,18.174,17.3178,0.001
0.3587,0.4087,22.1172,17.9759,17.2157,0.001
0.3588,0.4088,22.0954,17.8377,17.0952,0.001
0.3589,0.4089,22.0387,17.7686,16.9746,0.001
0.359,0.409,21.9558,17.7871,16.8587,0.001
0.3591,0.4091,21.886,17.8377,16.7984,0.001
0.3592,0.4092,21.8424,17.9345,16.7891,0.001
0.3593,0.4093,21.79,17.9851,16.8448,0.001
0.3594,0.4094,21.7682,17.9575,16.9004,0.001
0.3595,0.4095,21.7726,17.8838,16.9607,0.001
0.3596,0.4096,21.8119,17.7364,16.9792,0.001
0.3597,0.4097,21.8511,17.5706,16.9004,0.001
0.3598,0.4098,21.8729,17.4278,16.7196,0.001
0.3599,0.4099,21.8555,17.262,16.4877,0.001
0.36,0.41,21.8119,17.2067,16.2326,0.001
0.3601,0.4101,21.79,17.2205,16.0054,0.001
0.3602,0.4102,21.8075,17.3449,15.8709,0.001
0.3603,0.4103,21.8511,17.5291,15.8292,0.001
0.3604,0.4104,21.9078,17.7134,15.8338,0.001
0.3605,0.4105,21.9776,17.8469,15.8895,0.001
0.3606,0.4106,22.0605,17.9391,15.9451,0.001
0.3607,0.4107,22.1478,17.9252,15.9683,0.001
0.3608,0.4108,22.2001,17.8561,15.9405,0.001
0.3609,0.4109,22.2394,17.7318,15.8802,0.001
0.361,0.411,22.2219,17.5844,15.7643,0.001
0.3611,0.4111,22.187,17.4738,15.6437,0.001
0.3612,0.4112,22.126,17.414,15.5463,0.001
0.3613,0.4113,22.0605,17.4001,15.537,0.001
0.3614,0.4114,22.0038,17.3771,15.4953,0.001
0.3615,0.4115,21.9864,17.4232,15.4907,0.001
0.3616,0.4116,22.0082,17.4462,15.4489,0.001
0.3617,0.4117,22.0343,17.4508,15.333,0.001
0.3618,0.4118,22.0518,17.4462,15.166,0.001
0.3619,0.4119,22.0169,17.437,15.0223,0.001
0.362,0.412,21.9733,17.4324,14.86,0.001
0.3621,0.4121,21.886,17.4784,14.7626,0.001
0.3622,0.4122,21.7595,17.4923,14.7162,0.001
0.3623,0.4123,21.6112,17.5061,14.7069,0.001
0.3624,0.4124,21.4585,17.4738,14.7394,0.001
0.3625,0.4125,21.3495,17.414,14.7719,0.001
0.3626,0.4126,21.2797,17.3541,14.7951,0.001
0.3627,0.4127,21.2535,17.2712,14.8275,0.001
0.3628,0.4128,21.2578,17.2205,14.809,0.001
0.3629,0.4129,21.2709,17.1836,14.7811,0.001
0.363,0.413,21.2884,17.1698,14.7672,0.001
0.3631,0.4131,21.3015,17.179,14.7255,0.001
0.3632,0.4132,21.2797,17.2343,14.6652,0.001
0.3633,0.4133,21.223,17.2896,14.591,0.001
0.3634,0.4134,21.1706,17.3126,14.489,0.001
0.3635,0.4135,21.1401,17.3218,14.3406,0.001
0.3636,0.4136,21.1226,17.3034,14.2293,0.001
0.3637,0.4137,21.1444,17.2435,14.1087,0.001
0.3638,0.4138,21.1837,17.156,14.067,0.001
0.3639,0.4139,21.2055,17.1053,14.0577,0.001
0.364,0.414,21.2491,17.1192,14.118,0.001
0.3641,0.4141,21.2491,17.1836,14.2061,0.001
0.3642,0.4142,21.2404,17.2988,14.2803,0.001
0.3643,0.4143,21.2099,17.437,14.2803,0.001
0.3644,0.4144,21.188,17.5521,14.2525,0.001
0.3645,0.4145,21.188,17.6857,14.1922,0.001
0.3646,0.4146,21.188,17.7318,14.1226,0.001
0.3647,0.4147,21.2099,17.6857,14.0531,0.001
0.3648,0.4148,21.2142,17.589,14.0021,0.001
0.3649,0.4149,21.2578,17.46,14.0113,0.001
0.365,0.415,21.3189,17.3633,14.0438,0.001
0.3651,0.4151,21.38,17.3218,14.1366,0.001
0.3652,0.4152,21.4323,17.3633,14.2432,0.001
0.3653,0.4153,21.4847,17.4554,14.2757,0.001
0.3654,0.4154,21.5152,17.5568,14.2618,0.001
0.3655,0.4155,21.5588,17.6903,14.1968,0.001
0.3656,0.4156,21.5763,17.7594,14.1041,0.001
0.3657,0.4157,21.5807,17.7825,14.0438,0.001
0.3658,0.4158,21.5632,17.7778,13.9928,0.001
0.3659,0.4159,21.537,17.7272,14.0345,0.001
0.366,0.416,21.5196,17.7042,14.0763,0.001
0.3661,0.4161,21.4803,17.6719,14.2154,0.001
0.3662,0.4162,21.4629,17.6719,14.322,0.001
0.3663,0.4163,21.4411,17.6857,14.4009,0.001
0.3664,0.4164,21.4411,17.6949,14.4426,0.001
0.3665,0.4165,21.4934,17.6995,14.4333,0.001
0.3666,0.4166,21.5501,17.6719,14.3731,0.001
0.3667,0.4167,21.6068,17.6305,14.3591,0.001
0.3668,0.4168,21.6854,17.5568,14.322,0.001
0.3669,0.4169,21.7726,17.4692,14.4009,0.001
0.367,0.417,21.8337,17.4094,14.5586,0.001
0.3671,0.4171,21.9035,17.3495,14.7255,0.001
0.3672,0.4172,21.9515,17.3218,14.9063,0.001
0.3673,0.4173,21.9994,17.3218,14.9898,0.001
0.3674,0.4174,22.0561,17.3449,15.0223,0.001
0.3675,0.4175,22.0867,17.4186,14.9805,0.001
0.3676,0.4176,22.0954,17.4738,14.9342,0.001
0.3677,0.4177,22.0692,17.4877,14.8507,0.001
0.3678,0.4178,22.03,17.5015,14.8136,0.001
0.3679,0.4179,21.9515,17.5061,14.8275,0.001
0.368,0.418,21.886,17.4877,14.8832,0.001
0.3681,0.4181,21.8162,17.46,15.0176,0.001
0.3682,0.4182,21.7726,17.414,15.1475,0.001
0.3683,0.4183,21.7682,17.3817,15.2124,0.001
0.3684,0.4184,21.79,17.3771,15.2588,0.001
0.3685,0.4185,21.8075,17.414,15.2634,0.001
0.3686,0.4186,21.8686,17.4646,15.2356,0.001
0.3687,0.4187,21.9078,17.5199,15.2124,0.001
0.3688,0.4188,21.9602,17.5383,15.2171,0.001
0.3689,0.4189,22.0125,17.5475,15.2449,0.001
0.369,0.419,22.0387,17.5568,15.3144,0.001
0.3691,0.4191,22.0649,17.5383,15.3654,0.001
0.3692,0.4192,22.0867,17.5568,15.4118,0.001
0.3693,0.4193,22.1303,17.5798,15.4072,0.001
0.3694,0.4194,22.1696,17.6443,15.3701,0.001
0.3695,0.4195,22.1958,17.7088,15.3005,0.001
0.3696,0.4196,22.2219,17.7825,15.2356,0.001
0.3697,0.4197,22.2088,17.8423,15.1382,0.001
0.3698,0.4198,22.2001,17.9437,15.1011,0.001
0.3699,0.4199,22.1521,18.022,15.1753,0.001
0.37,0.42,22.1216,18.0865,15.2773,0.001
0.3701,0.4201,22.0692,18.1095,15.4165,0.001
0.3702,0.4202,22.0213,18.0865,15.5602,0.001
0.3703,0.4203,22.0125,18.068,15.6576,0.001
0.3704,0.4204,21.9994,18.0036,15.7782,0.001
0.3705,0.4205,21.9907,17.9759,15.8616,0.001
0.3706,0.4206,21.9776,17.9667,15.908,0.001
0.3707,0.4207,21.9951,18.0266,15.9637,0.001
0.3708,0.4208,21.9994,18.1325,16.0147,0.001
0.3709,0.4209,22.0213,18.2891,16.0703,0.001
0.371,0.421,22.078,18.4642,16.1584,0.001
0.3711,0.4211,22.1521,18.6254,16.2373,0.001
0.3712,0.4212,22.2481,18.7405,16.279,0.001
0.3713,0.4213,22.3441,18.8004,16.2929,0.001
0.3714,0.4214,22.3877,18.8373,16.2929,0.001
0.3715,0.4215,22.3921,18.8189,16.279,0.001
0.3716,0.4216,22.3179,18.8004,16.2883,0.001
0.3717,0.4217,22.2176,18.8004,16.3068,0.001
0.3718,0.4218,22.078,18.8511,16.3578,0.001
0.3719,0.4219,21.9689,18.9432,16.4599,0.001
0.372,0.422,21.8555,19.0906,16.5897,0.001
0.3721,0.4221,21.8468,19.2472,16.6639,0.001
0.3722,0.4222,21.8904,19.413,16.7474,0.001
0.3723,0.4223,21.9994,19.5512,16.7937,0.001
0.3724,0.4224,22.1347,19.6296,16.8772,0.001
0.3725,0.4225,22.2874,19.6526,16.9143,0.001
0.3726,0.4226,22.3877,19.6157,16.9421,0.001
0.3727,0.4227,22.4444,19.542,17.0024,0.001
0.3728,0.4228,22.4575,19.4591,17.0442,0.001
0.3729,0.4229,22.4444,19.4177,17.1045,0.001
0.373,0.423,22.4182,19.3946,17.1555,0.001
0.3731,0.4231,22.379,19.4545,17.1555,0.001
0.3732,0.4232,22.3659,19.5374,17.1601,0.001
0.3733,0.4233,22.3702,19.6342,17.1694,0.001
0.3734,0.4234,22.4095,19.7171,17.2204,0.001
0.3735,0.4235,22.4313,19.8368,17.3317,0.001
0.3736,0.4236,22.4619,19.9474,17.4337,0.001
0.3737,0.4237,22.4619,20.0533,17.545,0.001
0.3738,0.4238,22.4182,20.1639,17.6378,0.001
0.3739,0.4239,22.3659,20.1731,17.7073,0.001
0.374,0.424,22.3397,20.1961,17.763,0.001
0.3741,0.4241,22.3484,20.1915,17.8001,0.001
0.3742,0.4242,22.379,20.1547,17.8603,0.001
0.3743,0.4243,22.427,20.1178,17.9531,0.001
0.3744,0.4244,22.4837,20.0764,18.0551,0.001
0.3745,0.4245,22.5273,20.0625,18.1525,0.001
0.3746,0.4246,22.5666,20.0625,18.2592,0.001
0.3747,0.4247,22.584,20.1224,18.3565,0.001
0.3748,0.4248,22.6058,20.2007,18.44,0.001
0.3749,0.4249,22.6364,20.2975,18.5096,0.001
0.375,0.425,22.6625,20.3619,18.5606,0.001
0.3751,0.4251,22.6407,20.408,18.593,0.001
0.3752,0.4252,22.6189,20.408,18.6858,0.001
0.3753,0.4253,22.5578,20.3942,18.7971,0.001
0.3754,0.4254,22.4967,20.3573,18.9269,0.001
0.3755,0.4255,22.4313,20.3665,19.0661,0.001
0.3756,0.4256,22.3746,20.3896,19.2145,0.001
0.3757,0.4257,22.4051,20.4402,19.3258,0.001
0.3758,0.4258,22.4531,20.5232,19.4788,0.001
0.3759,0.4259,22.5447,20.6015,19.5901,0.001
0.376,0.426,22.6494,20.7258,19.7153,0.001
0.3761,0.4261,22.7454,20.8364,19.8544,0.001
0.3762,0.4262,22.8152,20.9423,20.0028,0.001
0.3763,0.4263,22.8501,20.97,20.1698,0.001
0.3764,0.4264,22.8108,20.9608,20.3506,0.001
0.3765,0.4265,22.789,20.9239,20.5176,0.001
0.3766,0.4266,22.7541,20.8871,20.6381,0.001
0.3767,0.4267,22.7323,20.8548,20.7587,0.001
0.3768,0.4268,22.7585,20.8456,20.8468,0.001
0.3769,0.4269,22.8457,20.8825,20.9581,0.001
0.377,0.427,22.9548,21.0068,21.0787,0.001
0.3771,0.4271,23.0857,21.1404,21.2085,0.001
0.3772,0.4272,23.2122,21.297,21.3523,0.001
0.3773,0.4273,23.2558,21.4675,21.4868,0.001
0.3774,0.4274,23.2209,21.6195,21.612,0.001
0.3775,0.4275,23.1118,21.7623,21.7418,0.001
0.3776,0.4276,22.9766,21.8636,21.8299,0.001
0.3777,0.4277,22.8457,21.9649,21.9227,0.001
0.3778,0.4278,22.7759,22.0294,22.0015,0.001
0.3779,0.4279,22.7934,22.1031,22.0804,0.001
0.378,0.428,22.8806,22.14,22.1685,0.001
0.3781,0.4281,22.9984,22.1814,22.2612,0.001
0.3782,0.4282,23.09,22.2137,22.3911,0.001
0.3783,0.4283,23.1293,22.2551,22.5627,0.001
0.3784,0.4284,23.1293,22.3335,22.7389,0.001
0.3785,0.4285,23.0551,22.421,22.8966,0.001
0.3786,0.4286,22.9679,22.5131,23.0449,0.001
0.3787,0.4287,22.8763,22.5776,23.1516,0.001
0.3788,0.4288,22.789,22.6237,23.249,0.001
0.3789,0.4289,22.7672,22.6927,23.2815,0.001
0.379,0.429,22.7803,22.748,23.2954,0.001
0.3791,0.4291,22.8152,22.8309,23.3649,0.001
0.3792,0.4292,22.8763,22.9046,23.4299,0.001
0.3793,0.4293,22.9155,22.9783,23.5087,0.001
0.3794,0.4294,22.9417,23.0567,23.5968,0.001
0.3795,0.4295,22.9461,23.1073,23.6756,0.001
0.3796,0.4296,22.9635,23.1442,23.7452,0.001
0.3797,0.4297,22.9635,23.1856,23.8009,0.001
0.3798,0.4298,23.0072,23.1995,23.8611,0.001
0.3799,0.4299,23.077,23.2179,23.9121,0.001
0.38,0.43,23.1424,23.2455,23.9771,0.001
0.3801,0.4301,23.2209,23.2962,24.0559,0.001
0.3802,0.4302,23.2994,23.3515,24.195,0.001
0.3803,0.4303,23.3779,23.4206,24.3249,0.001
0.3804,0.4304,23.4652,23.4989,24.5057,0.001
0.3805,0.4305,23.5394,23.5173,24.682,0.001
0.3806,0.4306,23.6048,23.5587,24.7933,0.001
0.3807,0.4307,23.6179,23.591,24.8907,0.001
0.3808,0.4308,23.6266,23.6278,24.9927,0.001
0.3809,0.4309,23.6833,23.6923,25.0669,0.001
0.381,0.431,23.7182,23.7891,25.1179,0.001
0.3811,0.4311,23.7575,23.9227,25.1967,0.001
0.3812,0.4312,23.7444,24.0793,25.2663,0.001
0.3813,0.4313,23.6964,24.2451,25.3498,0.001
0.3814,0.4314,23.6659,24.3879,25.4193,0.001
0.3815,0.4315,23.6179,24.5031,25.5121,0.001
0.3816,0.4316,23.6179,24.5722,25.6002,0.001
0.3817,0.4317,23.6484,24.6044,25.6512,0.001
0.3818,0.4318,23.7139,24.6689,25.7022,0.001
0.3819,0.4319,23.8229,24.7426,25.7764,0.001
0.382,0.432,23.8971,24.8486,25.846,0.001
0.3821,0.4321,23.9581,24.9453,25.9387,0.001
0.3822,0.4322,23.9712,25.0466,26.0407,0.001
0.3823,0.4323,23.9625,25.1111,26.1799,0.001
0.3824,0.4324,23.9363,25.1802,26.3236,0.001
0.3825,0.4325,23.9058,25.2171,26.4813,0.001
0.3826,0.4326,23.9014,25.3092,26.6251,0.001
0.3827,0.4327,23.9014,25.4013,26.7781,0.001
0.3828,0.4328,23.9669,25.5303,26.9033,0.001
0.3829,0.4329,24.0149,25.6685,26.9868,0.001
0.383,0.433,24.0105,25.8159,27.0981,0.001
0.3831,0.4331,24.0061,25.9311,27.1862,0.001
0.3832,0.4332,23.9625,26.0232,27.2511,0.001
0.3833,0.4333,23.9145,26.0693,27.3253,0.001
0.3834,0.4334,23.9014,26.0969,27.3671,0.001
0.3835,0.4335,23.932,26.0739,27.3949,0.001
0.3836,0.4336,23.9669,26.0601,27.4227,0.001
0.3837,0.4337,24.0323,26.0693,27.4737,0.001
0.3838,0.4338,24.1457,26.0923,27.534,0.001
0.3839,0.4339,24.2591,26.1752,27.6639,0.001
0.384,0.434,24.39,26.2904,27.8262,0.001
0.3841,0.4341,24.4773,26.4424,28.0163,0.001
0.3842,0.4342,24.5296,26.576,28.1647,0.001
0.3843,0.4343,24.5471,26.6958,28.2899,0.001
0.3844,0.4344,24.5427,26.728,28.4012,0.001
0.3845,0.4345,24.5122,26.7464,28.4754,0.001
0.3846,0.4346,24.4816,26.7326,28.5125,0.001
0.3847,0.4347,24.438,26.6958,28.5543,0.001
0.3848,0.4348,24.438,26.7004,28.6099,0.001
0.3849,0.4349,24.4555,26.7326,28.6748,0.001
0.385,0.435,24.4685,26.8478,28.7583,0.001
0.3851,0.4351,24.4729,26.9906,28.8418,0.001
0.3852,0.4352,24.4773,27.2025,28.8928,0.001
0.3853,0.4353,24.4773,27.3914,28.9299,0.001
0.3854,0.4354,24.4773,27.5756,28.9392,0.001
0.3855,0.4355,24.4904,27.6816,28.9484,0.001
0.3856,0.4356,24.5209,27.7507,28.9763,0.001
0.3857,0.4357,24.5645,27.7829,29.0134,0.001
0.3858,0.4358,24.643,27.7829,29.12,0.001
0.3859,0.4359,24.7303,27.7829,29.236,0.001
0.386,0.436,24.787,27.8059,29.4122,0.001
0.3861,0.4361,24.8263,27.8474,29.5467,0.001
0.3862,0.4362,24.8481,27.9027,29.6672,0.001
0.3863,0.4363,24.8306,28.0409,29.7461,0.001
0.3864,0.4364,24.7826,28.1607,29.7739,0.001
0.3865,0.4365,24.7303,28.3265,29.7832,0.001
0.3866,0.4366,24.6605,28.4601,29.8157,0.001
0.3867,0.4367,24.6779,28.5706,29.8852,0.001
0.3868,0.4368,24.6867,28.649,29.9501,0.001
0.3869,0.4369,24.7259,28.6766,30.0522,0.001
0.387,0.437,24.7914,28.6858,30.1264,0.001
0.3871,0.4371,24.8612,28.6443,30.1403,0.001
0.3872,0.4372,24.9397,28.6351,30.1496,0.001
0.3873,0.4373,25.0313,28.6305,30.08,0.001
0.3874,0.4374,25.0967,28.6904,30.0429,0.001
0.3875,0.4375,25.136,28.7687,30.0661,0.001
0.3876,0.4376,25.1883,28.8977,30.1078,0.001
0.3877,0.4377,25.2494,29.0221,30.2423,0.001
0.3878,0.4378,25.341,29.1557,30.3907,0.001
0.3879,0.4379,25.3977,29.234,30.5159,0.001
0.388,0.438,25.4501,29.2386,30.6458,0.001
0.3881,0.4381,25.4981,29.2064,30.72,0.001
0.3882,0.4382,25.5461,29.1511,30.72,0.001
0.3883,0.4383,25.581,29.1096,30.72,0.001
0.3884,0.4384,25.5679,29.0543,30.6829,0.001
0.3885,0.4385,25.5461,29.0267,30.6458,0.001
0.3886,0.4386,25.5461,29.0267,30.6829,0.001
0.3887,0.4387,25.533,29.0958,30.7385,0.001
0.3888,0.4388,25.5461,29.234,30.8591,0.001
0.3889,0.4389,25.5635,29.3353,30.9472,0.001
0.389,0.439,25.6028,29.4597,31.0446,0.001
0.3891,0.4391,25.6726,29.5703,31.1142,0.001
0.3892,0.4392,25.7336,29.6025,31.1142,0.001
0.3893,0.4393,25.7947,29.5933,31.0724,0.001
0.3894,0.4394,25.786,29.5841,31.077,0.001
0.3895,0.4395,25.786,29.5519,31.0631,0.001
0.3896,0.4396,25.7467,29.538,31.0863,0.001
0.3897,0.4397,25.7031,29.5657,31.193,0.001
0.3898,0.4398,25.6682,29.6025,31.2811,0.001
0.3899,0.4399,25.6464,29.667,31.3738,0.001
0.39,0.44,25.6464,29.7131,31.4712,0.001
0.3901,0.4401,25.6769,29.7453,31.5176,0.001
0.3902,0.4402,25.738,29.7914,31.5083,0.001
0.3903,0.4403,25.7642,29.796,31.4805,0.001
0.3904,0.4404,25.7685,29.8375,31.4341,0.001
0.3905,0.4405,25.7554,29.8882,31.4388,0.001
0.3906,0.4406,25.7336,29.9849,31.4573,0.001
0.3907,0.4407,25.6638,30.0908,31.5269,0.001
0.3908,0.4408,25.5984,30.1876,31.6196,0.001
0.3909,0.4409,25.5504,30.2935,31.6938,0.001
0.391,0.441,25.5199,30.335,31.768,0.001
0.3911,0.4411,25.5111,30.3488,31.8469,0.001
0.3912,0.4412,25.5417,30.312,31.8886,0.001
0.3913,0.4413,25.5766,30.2383,31.9164,0.001
0.3914,0.4414,25.6159,30.183,31.9721,0.001
0.3915,0.4415,25.6464,30.1277,31.9906,0.001
0.3916,0.4416,25.6333,30.1231,32.0556,0.001
0.3917,0.4417,25.5853,30.1692,32.1019,0.001
0.3918,0.4418,25.5155,30.2014,32.1298,0.001
0.3919,0.4419,25.4675,30.229,32.1437,0.001
0.392,0.442,25.4763,30.2751,32.1529,0.001
0.3921,0.4421,25.4893,30.2475,32.1437,0.001
0.3922,0.4422,25.5504,30.2429,32.1529,0.001
0.3923,0.4423,25.6071,30.1646,32.139,0.001
0.3924,0.4424,25.6769,30.1093,32.1808,0.001
0.3925,0.4425,25.7118,30.0724,32.2132,0.001
0.3926,0.4426,25.7031,30.0862,32.2643,0.001
0.3927,0.4427,25.6856,30.1185,32.2689,0.001
0.3928,0.4428,25.6638,30.1692,32.2457,0.001
0.3929,0.4429,25.6289,30.229,32.1993,0.001
0.393,0.443,25.6115,30.2475,32.1576,0.001
0.3931,0.4431,25.6115,30.2521,32.139,0.001
0.3932,0.4432,25.6508,30.2198,32.088,0.001
0.3933,0.4433,25.6769,30.1692,32.1298,0.001
0.3934,0.4434,25.7118,30.1093,32.1669,0.001
0.3935,0.4435,25.7424,30.0724,32.2318,0.001
0.3936,0.4436,25.7598,30.0356,32.3385,0.001
0.3937,0.4437,25.7424,30.0217,32.3756,0.001
0.3938,0.4438,25.738,30.031,32.3848,0.001
0.3939,0.4439,25.7031,30.0171,32.3431,0.001
0.394,0.444,25.6551,30.0264,32.2689,0.001
0.3941,0.4441,25.642,30.031,32.1715,0.001
0.3942,0.4442,25.6377,30.0033,32.0927,0.001
0.3943,0.4443,25.6551,29.9803,32.0277,0.001
0.3944,0.4444,25.6638,29.9757,32.0185,0.001
0.3945,0.4445,25.6682,29.9849,32.0277,0.001
0.3946,0.4446,25.6813,30.0125,32.0324,0.001
0.3947,0.4447,25.6638,30.0217,32.0324,0.001
0.3948,0.4448,25.6246,30.0217,31.986,0.001
0.3949,0.4449,25.5591,29.9849,31.9118,0.001
0.395,0.445,25.4763,29.925,31.8469,0.001
0.3951,0.4451,25.3847,29.8467,31.8098,0.001
0.3952,0.4452,25.2843,29.75,31.768,0.001
0.3953,0.4453,25.1752,29.6716,31.8283,0.001
0.3954,0.4454,25.1142,29.621,31.9211,0.001
0.3955,0.4455,25.0705,29.6118,32.0417,0.001
0.3956,0.4456,25.0575,29.6302,32.1761,0.001
0.3957,0.4457,25.0924,29.6809,32.2225,0.001
0.3958,0.4458,25.1534,29.6947,32.2086,0.001
0.3959,0.4459,25.2145,29.7177,32.139,0.001
0.396,0.446,25.2712,29.6993,32.0092,0.001
0.3961,0.4461,25.3018,29.6578,31.8932,0.001
0.3962,0.4462,25.2843,29.6118,31.7588,0.001
0.3963,0.4463,25.245,29.5242,31.6567,0.001
0.3964,0.4464,25.1883,29.4229,31.6428,0.001
0.3965,0.4465,25.1316,29.3123,31.6521,0.001
0.3966,0.4466,25.0749,29.234,31.6707,0.001
0.3967,0.4467,25.0226,29.1741,31.7031,0.001
0.3968,0.4468,25.0138,29.1557,31.6985,0.001
0.3969,0.4469,25.0051,29.1603,31.7077,0.001
0.397,0.447,25.0008,29.1695,31.6938,0.001
0.3971,0.4471,25.0008,29.1603,31.6567,0.001
0.3972,0.4472,24.992,29.1188,31.6382,0.001
0.3973,0.4473,24.9833,29.0405,31.6614,0.001
0.3974,0.4474,24.9659,28.953,31.666,0.001
0.3975,0.4475,24.9528,28.8194,31.7124,0.001
0.3976,0.4476,24.9397,28.7042,31.7356,0.001
0.3977,0.4477,24.9615,28.5983,31.6707,0.001
0.3978,0.4478,25.0008,28.5384,31.6057,0.001
0.3979,0.4479,25.0357,28.4969,31.4759,0.001
0.398,0.448,25.0313,28.5246,31.3368,0.001
0.3981,0.4481,25.0357,28.5983,31.2023,0.001
0.3982,0.4482,25.0182,28.6351,31.0678,0.001
0.3983,0.4483,25.0008,28.7088,30.9611,0.001
0.3984,0.4484,24.9746,28.7595,30.9055,0.001
0.3985,0.4485,24.9484,28.7595,30.8266,0.001
0.3986,0.4486,24.9135,28.7088,30.7849,0.001
0.3987,0.4487,24.8655,28.6121,30.771,0.001
0.3988,0.4488,24.8219,28.4647,30.7524,0.001
0.3989,0.4489,24.7434,28.3495,30.7246,0.001
0.399,0.449,24.6605,28.2344,30.6875,0.001
0.3991,0.4491,24.6125,28.1929,30.6087,0.001
0.3992,0.4492,24.5558,28.2113,30.5391,0.001
0.3993,0.4493,24.5296,28.2482,30.4649,0.001
0.3994,0.4494,24.5602,28.2989,30.3675,0.001
0.3995,0.4495,24.6125,28.3035,30.2794,0.001
0.3996,0.4496,24.6997,28.2758,30.1727,0.001
0.3997,0.4497,24.7914,28.1791,30.0568,0.001
0.3998,0.4498,24.8437,28.0501,29.9641,0.001
0.3999,0.4499,24.8306,27.8889,29.862,0.001
0.4,0.45,24.7826,27.7276,29.7739,0.001
0.4001,0.4501,24.7085,27.5848,29.6533,0.001
0.4002,0.4502,24.6299,27.4881,29.5235,0.001
0.4003,0.4503,24.5732,27.4282,29.4493,0.001
0.4004,0.4504,24.5602,27.4236,29.3519,0.001
0.4005,0.4505,24.5951,27.4328,29.3102,0.001
0.4006,0.4506,24.6518,27.4374,29.2684,0.001
0.4007,0.4507,24.6997,27.419,29.222,0.001
0.4008,0.4508,24.7303,27.3591,29.2035,0.001
0.4009,0.4509,24.7346,27.29,29.1803,0.001
0.401,0.451,24.6954,27.1887,29.1339,0.001
0.4011,0.4511,24.6518,27.0551,29.0783,0.001
0.4012,0.4512,24.5645,26.9261,28.9902,0.001
0.4013,0.4513,24.4991,26.8017,28.865,0.001
0.4014,0.4514,24.4467,26.6912,28.7444,0.001
0.4015,0.4515,24.4424,26.576,28.5867,0.001
0.4016,0.4516,24.4729,26.4839,28.4383,0.001
0.4017,0.4517,24.5209,26.424,28.3363,0.001
0.4018,0.4518,24.5689,26.3687,28.2389,0.001
0.4019,0.4519,24.5514,26.3549,28.1693,0.001
0.402,0.452,24.4991,26.3733,28.0951,0.001
0.4021,0.4521,24.3944,26.3641,28.0117,0.001
0.4022,0.4522,24.2635,26.4102,27.905,0.001
0.4023,0.4523,24.1283,26.424,27.7983,0.001
0.4024,0.4524,24.0454,26.4194,27.6546,0.001
0.4025,0.4525,23.9887,26.4194,27.5062,0.001
0.4026,0.4526,23.9887,26.3687,27.4041,0.001
0.4027,0.4527,24.0323,26.3134,27.3021,0.001
0.4028,0.4528,24.0716,26.2351,27.2419,0.001
0.4029,0.4529,24.1108,26.1476,27.1955,0.001
0.403,0.453,24.1588,26.0693,27.1398,0.001
0.4031,0.4531,24.1632,26.0232,27.1027,0.001
0.4032,0.4532,24.1545,25.9725,27.0332,0.001
0.4033,0.4533,24.1675,25.9219,26.9219,0.001
0.4034,0.4534,24.1545,25.885,26.8291,0.001
0.4035,0.4535,24.1545,25.862,26.6714,0.001
0.4036,0.4536,24.1326,25.8067,26.5323,0.001
0.4037,0.4537,24.1239,25.7514,26.4025,0.001
0.4038,0.4538,24.1283,25.6915,26.2772,0.001
0.4039,0.4539,24.1501,25.604,26.203,0.001
0.404,0.454,24.185,25.5211,26.1289,0.001
0.4041,0.4541,24.2155,25.4382,26.0639,0.001
0.4042,0.4542,24.2243,25.3599,25.9712,0.001
0.4043,0.4543,24.2373,25.2908,25.8738,0.001
0.4044,0.4544,24.233,25.2447,25.73,0.001
0.4045,0.4545,24.2024,25.2033,25.6187,0.001
0.4046,0.4546,24.1545,25.1664,25.4889,0.001
0.4047,0.4547,24.0934,25.1388,25.3869,0.001
0.4048,0.4548,24.0236,25.0697,25.2709,0.001
0.4049,0.4549,23.9712,24.9821,25.1875,0.001
0.405,0.455,23.9538,24.8532,25.1133,0.001
0.4051,0.4551,23.9538,24.7104,25.0112,0.001
0.4052,0.4552,23.993,24.5583,24.9138,0.001
0.4053,0.4553,24.0454,24.4524,24.7979,0.001
0.4054,0.4554,24.0847,24.3603,24.6681,0.001
0.4055,0.4555,24.0977,24.3234,24.5382,0.001
0.4056,0.4556,24.0803,24.2866,24.4176,0.001
0.4057,0.4557,24.0018,24.2774,24.3063,0.001
0.4058,0.4558,23.8753,24.2267,24.2136,0.001
0.4059,0.4559,23.7531,24.2083,24.1348,0.001
0.406,0.456,23.631,24.153,24.0466,0.001
0.4061,0.4561,23.5394,24.0839,23.9493,0.001
0.4062,0.4562,23.5001,24.001,23.8519,0.001
0.4063,0.4563,23.5001,23.8996,23.7266,0.001
0.4064,0.4564,23.5306,23.8398,23.5736,0.001
0.4065,0.4565,23.5743,23.7707,23.4252,0.001
0.4066,0.4566,23.6135,23.6969,23.2676,0.001
0.4067,0.4567,23.5873,23.6417,23.1563,0.001
0.4068,0.4568,23.5612,23.5587,23.0589,0.001
0.4069,0.4569,23.5437,23.4436,22.9568,0.001
0.407,0.457,23.5045,23.3284,22.8455,0.001
0.4071,0.4571,23.5132,23.1995,22.7667,0.001
0.4072,0.4572,23.5437,23.0889,22.66,0.001
0.4073,0.4573,23.6004,23.029,22.5673,0.001
0.4074,0.4574,23.6615,22.9876,22.4792,0.001
0.4075,0.4575,23.679,22.9691,22.3911,0.001
0.4076,0.4576,23.6746,22.9968,22.3632,0.001
0.4077,0.4577,23.6397,23.006,22.3215,0.001
0.4078,0.4578,23.5743,23.0014,22.2705,0.001
0.4079,0.4579,23.487,22.9553,22.1917,0.001
0.408,0.458,23.3998,22.877,22.0757,0.001
0.4081,0.4581,23.3779,22.7711,21.9691,0.001
0.4082,0.4582,23.3431,22.6789,21.816,0.001
0.4083,0.4583,23.3867,22.5776,21.6723,0.001
0.4084,0.4584,23.4478,22.5131,21.5471,0.001
0.4085,0.4585,23.5001,22.4578,21.4358,0.001
0.4086,0.4586,23.5568,22.4532,21.3662,0.001
0.4087,0.4587,23.6048,22.4394,21.3198,0.001
0.4088,0.4588,23.6004,22.4302,21.2595,0.001
0.4089,0.4589,23.5961,22.3979,21.2085,0.001
0.409,0.459,23.5568,22.3196,21.1251,0.001
0.4091,0.4591,23.5045,22.2137,21.0555,0.001
0.4092,0.4592,23.4652,22.0847,20.9396,0.001
0.4093,0.4593,23.4259,21.9143,20.87,0.001
0.4094,0.4594,23.3867,21.7807,20.8144,0.001
0.4095,0.4595,23.3081,21.684,20.8051,0.001
0.4096,0.4596,23.2384,21.6149,20.7865,0.001
0.4097,0.4597,23.1337,21.5826,20.7494,0.001
0.4098,0.4598,23.0072,21.5688,20.6938,0.001
0.4099,0.4599,22.8937,21.5688,20.6196,0.001
0.41,0.46,22.7847,21.555,20.5268,0.001
0.4101,0.4601,22.7018,21.5135,20.4016,0.001
0.4102,0.4602,22.6669,21.4352,20.3042,0.001
0.4103,0.4603,22.68,21.3569,20.23,0.001
0.4104,0.4604,22.6931,21.2279,20.1466,0.001
0.4105,0.4605,22.7192,21.099,20.0677,0.001
0.4106,0.4606,22.728,20.9746,20.0075,0.001
0.4107,0.4607,22.7192,20.8502,19.9147,0.001
0.4108,0.4608,22.7061,20.7489,19.8359,0.001
0.4109,0.4609,22.6625,20.6936,19.7617,0.001
0.411,0.461,22.6451,20.6568,19.6782,0.001
0.4111,0.4611,22.6014,20.666,19.6179,0.001
0.4112,0.4612,22.5753,20.6798,19.5762,0.001
0.4113,0.4613,22.5317,20.6936,19.5483,0.001
0.4114,0.4614,22.4706,20.666,19.5252,0.001
0.4115,0.4615,22.4139,20.6199,19.4973,0.001
0.4116,0.4616,22.3615,20.537,19.4324,0.001
0.4117,0.4617,22.3005,20.4172,19.335,0.001
0.4118,0.4618,22.2394,20.3067,19.1913,0.001
0.4119,0.4619,22.2045,20.1685,19.029,0.001
0.412,0.462,22.2045,20.081,18.8667,0.001
0.4121,0.4621,22.235,20.0073,18.7183,0.001
0.4122,0.4622,22.2874,19.9704,18.6301,0.001
0.4123,0.4623,22.3659,19.9658,18.5838,0.001
0.4124,0.4624,22.4226,19.9704,18.5606,0.001
0.4125,0.4625,22.5011,19.9612,18.556,0.001
0.4126,0.4626,22.5317,19.9888,18.5513,0.001
0.4127,0.4627,22.5578,19.9336,18.5096,0.001
0.4128,0.4628,22.5927,19.8783,18.4354,0.001
0.4129,0.4629,22.5578,19.7908,18.3334,0.001
0.413,0.463,22.5186,19.671,18.2545,0.001
0.4131,0.4631,22.5055,19.5651,18.1942,0.001
0.4132,0.4632,22.4793,19.4499,18.185,0.001
0.4133,0.4633,22.4619,19.3992,18.1525,0.001
0.4134,0.4634,22.4139,19.3624,18.171,0.001
0.4135,0.4635,22.379,19.3532,18.1571,0.001
0.4136,0.4636,22.3353,19.3716,18.134,0.001
0.4137,0.4637,22.3223,19.3716,18.0876,0.001
0.4138,0.4638,22.283,19.3716,17.9902,0.001
0.4139,0.4639,22.2699,19.3532,17.8696,0.001
0.414,0.464,22.2655,19.2979,17.763,0.001
0.4141,0.4641,22.2612,19.2242,17.6748,0.001
0.4142,0.4642,22.2394,19.1413,17.6099,0.001
0.4143,0.4643,22.2263,19.0399,17.6146,0.001
0.4144,0.4644,22.1958,18.9709,17.6146,0.001
0.4145,0.4645,22.1652,18.911,17.6517,0.001
0.4146,0.4646,22.1347,18.8557,17.6285,0.001
0.4147,0.4647,22.1041,18.8004,17.6146,0.001
0.4148,0.4648,22.0343,18.7452,17.5775,0.001
0.4149,0.4649,21.9645,18.6945,17.5125,0.001
0.415,0.465,21.9166,18.6714,17.4383,0.001
0.4151,0.4651,21.8686,18.6668,17.4012,0.001
0.4152,0.4652,21.7944,18.653,17.3595,0.001
0.4153,0.4653,21.7377,18.6438,17.3317,0.001
0.4154,0.4654,21.6766,18.6116,17.3131,0.001
0.4155,0.4655,21.6199,18.5793,17.2668,0.001
0.4156,0.4656,21.6025,18.5102,17.2157,0.001
0.4157,0.4657,21.5894,18.4642,17.1462,0.001
0.4158,0.4658,21.5937,18.4089,17.0813,0.001
0.4159,0.4659,21.6112,18.3767,17.0117,0.001
0.416,0.466,21.6505,18.3536,16.9792,0.001
0.4161,0.4661,21.681,18.349,16.9421,0.001
0.4162,0.4662,21.7028,18.3582,16.919,0.001
0.4163,0.4663,21.7203,18.3721,16.9097,0.001
0.4164,0.4664,21.7377,18.3767,16.8633,0.001
0.4165,0.4665,21.7508,18.3398,16.8448,0.001
0.4166,0.4666,21.7726,18.2983,16.7937,0.001
0.4167,0.4667,21.8031,18.2431,16.7335,0.001
0.4168,0.4668,21.8206,18.1786,16.6778,0.001
0.4169,0.4669,21.8511,18.1463,16.6175,0.001
0.417,0.467,21.8555,18.1187,16.5943,0.001
0.4171,0.4671,21.8686,18.1371,16.5851,0.001
0.4172,0.4672,21.8729,18.1694,16.5712,0.001
0.4173,0.4673,21.886,18.197,16.5851,0.001
0.4174,0.4674,21.8947,18.2523,16.5387,0.001
0.4175,0.4675,21.934,18.2707,16.5294,0.001
0.4176,0.4676,21.9951,18.2707,16.4691,0.001
0.4177,0.4677,22.0431,18.2339,16.4228,0.001
0.4178,0.4678,22.0692,18.1924,16.3764,0.001
0.4179,0.4679,22.1041,18.174,16.33,0.001
0.418,0.468,22.0823,18.1417,16.33,0.001
0.4181,0.4681,22.0431,18.1556,16.3625,0.001
0.4182,0.4682,21.9907,18.1694,16.3903,0.001
0.4183,0.4683,21.934,18.1786,16.4228,0.001
0.4184,0.4684,21.8947,18.174,16.4599,0.001
0.4185,0.4685,21.8817,18.1509,16.4459,0.001
0.4186,0.4686,21.8686,18.0819,16.4181,0.001
0.4187,0.4687,21.8424,18.0312,16.3996,0.001
0.4188,0.4688,21.838,17.9621,16.3625,0.001
0.4189,0.4689,21.8206,17.9299,16.3022,0.001
0.419,0.469,21.7682,17.9299,16.2883,0.001
0.4191,0.4691,21.7377,17.9575,16.2744,0.001
0.4192,0.4692,21.7115,18.0128,16.2465,0.001
0.4193,0.4693,21.6723,18.0819,16.2558,0.001
0.4194,0.4694,21.681,18.1325,16.2187,0.001
0.4195,0.4695,21.6941,18.1325,16.1863,0.001
0.4196,0.4696,21.7072,18.1325,16.1306,0.001
0.4197,0.4697,21.729,18.0726,16.0518,0.001
0.4198,0.4698,21.7377,17.9943,16.01,0.001
0.4199,0.4699,21.7421,17.9206,16.0054,0.001
0.42,0.47,21.7115,17.87,16.0147,0.001
0.4201,0.4701,21.6766,17.8746,16.0796,0.001
0.4202,0.4702,21.6374,17.893,16.1445,0.001
0.4203,0.4703,21.6199,17.9391,16.1816,0.001
0.4204,0.4704,21.633,18.0082,16.1955,0.001
0.4205,0.4705,21.6679,18.0865,16.2048,0.001
0.4206,0.4706,21.7508,18.1371,16.177,0.001
0.4207,0.4707,21.8337,18.1556,16.1399,0.001
0.4208,0.4708,21.9122,18.1786,16.1028,0.001
0.4209,0.4709,21.982,18.1832,16.1028,0.001
0.421,0.471,22.03,18.1878,16.0796,0.001
0.4211,0.4711,22.0387,18.174,16.061,0.001
0.4212,0.4712,22.0518,18.1786,16.0379,0.001
0.4213,0.4713,22.0605,18.2246,15.9961,0.001
0.4214,0.4714,22.078,18.2799,15.9219,0.001
0.4215,0.4715,22.0954,18.3306,15.8338,0.001
0.4216,0.4716,22.139,18.4181,15.7782,0.001
0.4217,0.4717,22.1608,18.4596,15.7596,0.001
0.4218,0.4718,22.2219,18.5148,15.7735,0.001
0.4219,0.4719,22.2525,18.5563,15.8385,0.001
0.422,0.472,22.2699,18.5563,15.9358,0.001
0.4221,0.4721,22.2786,18.5379,16.0147,0.001
0.4222,0.4722,22.2568,18.5333,16.0935,0.001
0.4223,0.4723,22.2263,18.5102,16.1631,0.001
0.4224,0.4724,22.1958,18.5194,16.2002,0.001
0.4225,0.4725,22.1521,18.5379,16.2048,0.001
0.4226,0.4726,22.1303,18.5517,16.2048,0.001
0.4227,0.4727,22.1216,18.6024,16.1955,0.001
0.4228,0.4728,22.1303,18.6576,16.2048,0.001
0.4229,0.4729,22.1696,18.7452,16.2465,0.001
0.423,0.473,22.235,18.805,16.279,0.001
0.4231,0.4731,22.3048,18.8833,16.3022,0.001
0.4232,0.4732,22.3484,18.9202,16.3115,0.001
0.4233,0.4733,22.3746,18.9524,16.2836,0.001
0.4234,0.4734,22.3572,18.957,16.2651,0.001
0.4235,0.4735,22.331,18.9478,16.2512,0.001
0.4236,0.4736,22.2525,18.9248,16.2558,0.001
0.4237,0.4737,22.1608,18.9202,16.3115,0.001
0.4238,0.4738,22.0692,18.9064,16.4042,0.001
0.4239,0.4739,21.9864,18.9386,16.5201,0.001
0.424,0.474,21.9515,18.9801,16.6593,0.001
0.4241,0.4741,21.9645,19.0169,16.7613,0.001
0.4242,0.4742,22.0387,19.086,16.8448,0.001
0.4243,0.4743,22.1216,19.1459,16.8911,0.001
0.4244,0.4744,22.2176,19.2012,16.8772,0.001
0.4245,0.4745,22.2743,19.2288,16.8633,0.001
0.4246,0.4746,22.2917,19.2611,16.8123,0.001
0.4247,0.4747,22.2874,19.2564,16.7613,0.001
0.4248,0.4748,22.2786,19.2564,16.7474,0.001
0.4249,0.4749,22.2743,19.2334,16.7706,0.001
0.425,0.475,22.2655,19.238,16.7706,0.001
0.4251,0.4751,22.3048,19.2518,16.7984,0.001
0.4252,0.4752,22.3746,19.2887,16.8169,0.001
0.4253,0.4753,22.4662,19.3716,16.8587,0.001
0.4254,0.4754,22.5447,19.4499,16.8448,0.001
0.4255,0.4755,22.6102,19.5374,16.9004,0.001
0.4256,0.4756,22.632,19.6388,16.9746,0.001
0.4257,0.4757,22.6233,19.7125,17.0256,0.001
0.4258,0.4758,22.5927,19.7585,17.0952,0.001
0.4259,0.4759,22.5666,19.7862,17.1926,0.001
0.426,0.476,22.5753,19.7723,17.2668,0.001
0.4261,0.4761,22.5796,19.7401,17.3456,0.001
0.4262,0.4762,22.632,19.7079,17.4105,0.001
0.4263,0.4763,22.728,19.694,17.443,0.001
0.4264,0.4764,22.789,19.6848,17.4754,0.001
0.4265,0.4765,22.8676,19.6894,17.5125,0.001
0.4266,0.4766,22.9199,19.7355,17.5311,0.001
0.4267,0.4767,22.933,19.823,17.5867,0.001
0.4268,0.4768,22.9199,19.9243,17.6099,0.001
0.4269,0.4769,22.885,20.0257,17.6563,0.001
0.427,0.477,22.8283,20.0994,17.698,0.001
0.4271,0.4771,22.7978,20.1501,17.7537,0.001
0.4272,0.4772,22.7759,20.1639,17.8232,0.001
0.4273,0.4773,22.7672,20.1639,17.9253,0.001
0.4274,0.4774,22.7672,20.1455,18.0366,0.001
0.4275,0.4775,22.7629,20.1455,18.1618,0.001
0.4276,0.4776,22.7541,20.1823,18.2731,0.001
0.4277,0.4777,22.7323,20.233,18.3844,0.001
0.4278,0.4778,22.7323,20.3067,18.4586,0.001
0.4279,0.4779,22.7018,20.4172,18.5652,0.001
0.428,0.478,22.6843,20.5047,18.6533,0.001
0.4281,0.4781,22.6756,20.5692,18.7461,0.001
0.4282,0.4782,22.6625,20.5969,18.8203,0.001
0.4283,0.4783,22.6407,20.6061,18.9084,0.001
0.4284,0.4784,22.6189,20.5923,19.0104,0.001
0.4285,0.4785,22.6058,20.5784,19.1032,0.001
0.4286,0.4786,22.5709,20.5462,19.1727,0.001
0.4287,0.4787,22.5622,20.5738,19.2237,0.001
0.4288,0.4788,22.536,20.6061,19.2562,0.001
0.4289,0.4789,22.5491,20.6568,19.2979,0.001
0.429,0.479,22.5622,20.7489,19.3397,0.001
0.4291,0.4791,22.6014,20.8456,19.3953,0.001
0.4292,0.4792,22.632,20.9423,19.4881,0.001
0.4293,0.4793,22.6582,21.0114,19.5576,0.001
0.4294,0.4794,22.68,21.0713,19.6643,0.001
0.4295,0.4795,22.68,21.099,19.7895,0.001
0.4296,0.4796,22.6931,21.1312,19.8776,0.001
0.4297,0.4797,22.6887,21.1542,19.9796,0.001
0.4298,0.4798,22.7149,21.1957,20.026,0.001
0.4299,0.4799,22.7629,21.2279,20.0724,0.001
0.43,0.48,22.8457,21.2556,20.1048,0.001
0.4301,0.4801,22.933,21.3154,20.1605,0.001
0.4302,0.4802,23.0464,21.3477,20.2254,0.001
0.4303,0.4803,23.1424,21.3845,20.3321,0.001
0.4304,0.4804,23.2122,21.426,20.4387,0.001
0.4305,0.4805,23.2471,21.4536,20.5593,0.001
0.4306,0.4806,23.2296,21.4813,20.6938,0.001
0.4307,0.4807,23.1991,21.5273,20.7865,0.001
0.4308,0.4808,23.1904,21.5918,20.8515,0.001
0.4309,0.4809,23.1729,21.6794,20.9117,0.001
0.431,0.481,23.1817,21.7623,20.9581,0.001
0.4311,0.4811,23.186,21.859,20.9906,0.001
0.4312,0.4812,23.1947,21.9235,21.0787,0.001
0.4313,0.4813,23.1904,21.9834,21.1622,0.001
0.4314,0.4814,23.1991,22.0202,21.2827,0.001
0.4315,0.4815,23.1729,22.0156,21.4079,0.001
0.4316,0.4816,23.1555,21.9926,21.5285,0.001
0.4317,0.4817,23.1337,21.9649,21.6352,0.001
0.4318,0.4818,23.1162,21.9557,21.7094,0.001
0.4319,0.4819,23.1118,21.9557,21.7743,0.001
0.432,0.482,23.1162,22.0018,21.8299,0.001
0.4321,0.4821,23.1249,22.0663,21.8995,0.001
0.4322,0.4822,23.1031,22.163,21.9876,0.001
0.4323,0.4823,23.077,22.2644,22.1128,0.001
0.4324,0.4824,23.0464,22.3565,22.2566,0.001
0.4325,0.4825,23.0246,22.421,22.3864,0.001
0.4326,0.4826,22.9941,22.444,22.5302,0.001
0.4327,0.4827,22.9897,22.4763,22.66,0.001
0.4328,0.4828,22.9853,22.4855,22.7899,0.001
0.4329,0.4829,22.9897,22.4901,22.8455,0.001
0.433,0.483,22.9723,22.5269,22.9151,0.001
0.4331,0.4831,22.981,22.5776,22.9986,0.001
0.4332,0.4832,22.981,22.6513,23.0821,0.001
0.4333,0.4833,22.9723,22.7618,23.1841,0.001
0.4334,0.4834,22.9853,22.8402,23.2768,0.001
0.4335,0.4835,22.9941,22.9046,23.3696,0.001
0.4336,0.4836,23.0464,22.9691,23.467,0.001
0.4337,0.4837,23.1293,22.9968,23.5504,0.001
0.4338,0.4838,23.2122,23.0106,23.6061,0.001
0.4339,0.4839,23.2994,23.0014,23.6896,0.001
0.434,0.484,23.4128,23.0106,23.7638,0.001
0.4341,0.4841,23.4826,23.0382,23.8333,0.001
0.4342,0.4842,23.5132,23.0889,23.9168,0.001
0.4343,0.4843,23.5132,23.1672,24.0188,0.001
0.4344,0.4844,23.4914,23.2455,24.1069,0.001
0.4345,0.4845,23.4739,23.333,24.2321,0.001
0.4346,0.4846,23.4478,23.4344,24.3481,0.001
0.4347,0.4847,23.4565,23.5219,24.4686,0.001
0.4348,0.4848,23.4826,23.614,24.5938,0.001
0.4349,0.4849,23.5263,23.7016,24.7052,0.001
0.435,0.485,23.5568,23.7845,24.784,0.001
0.4351,0.4851,23.583,23.8628,24.8907,0.001
0.4352,0.4852,23.5961,23.9549,24.9602,0.001
0.4353,0.4853,23.583,24.0056,25.0159,0.001
0.4354,0.4854,23.5699,24.0655,25.0344,0.001
0.4355,0.4855,23.5612,24.1023,25.0715,0.001
0.4356,0.4856,23.5786,24.1438,25.1086,0.001
0.4357,0.4857,23.6179,24.1852,25.1735,0.001
0.4358,0.4858,23.6877,24.2497,25.257,0.001
0.4359,0.4859,23.7793,24.3234,25.3822,0.001
0.436,0.486,23.8273,24.4294,25.5167,0.001
0.4361,0.4861,23.8404,24.5307,25.6558,0.001
0.4362,0.4862,23.8229,24.6367,25.7996,0.001
0.4363,0.4863,23.7531,24.7334,25.8877,0.001
0.4364,0.4864,23.6833,24.8071,25.9758,0.001
0.4365,0.4865,23.5917,24.8532,26.0129,0.001
0.4366,0.4866,23.5132,24.8578,26.0454,0.001
0.4367,0.4867,23.4696,24.8578,26.0964,0.001
0.4368,0.4868,23.4434,24.867,26.1613,0.001
0.4369,0.4869,23.4826,24.8854,26.268,0.001
0.437,0.487,23.5394,24.9315,26.3932,0.001
0.4371,0.4871,23.5961,25.0052,26.5138,0.001
0.4372,0.4872,23.6615,25.0881,26.6251,0.001
0.4373,0.4873,23.7051,25.2033,26.7039,0.001
0.4374,0.4874,23.7357,25.2954,26.7642,0.001
0.4375,0.4875,23.7662,25.3967,26.7967,0.001
0.4376,0.4876,23.8098,25.4474,26.8384,0.001
0.4377,0.4877,23.8491,25.4382,26.8523,0.001
0.4378,0.4878,23.9014,25.4612,26.9404,0.001
0.4379,0.4879,23.9756,25.4474,27.0053,0.001
0.438,0.488,24.0192,25.4658,27.112,0.001
0.4381,0.4881,24.0803,25.5441,27.2558,0.001
0.4382,0.4882,24.0977,25.627,27.3346,0.001
0.4383,0.4883,24.1414,25.7146,27.3995,0.001
0.4384,0.4884,24.1326,25.8343,27.4134,0.001
0.4385,0.4885,24.1414,25.9449,27.4366,0.001
0.4386,0.4886,24.1239,26.0555,27.4366,0.001
0.4387,0.4887,24.1326,26.1476,27.4505,0.001
0.4388,0.4888,24.1588,26.2397,27.4876,0.001
0.4389,0.4889,24.1893,26.272,27.5526,0.001
0.439,0.489,24.2461,26.3134,27.6175,0.001
0.4391,0.4891,24.3159,26.3457,27.6778,0.001
0.4392,0.4892,24.3944,26.3457,27.752,0.001
0.4393,0.4893,24.4642,26.3917,27.8262,0.001
0.4394,0.4894,24.5514,26.4701,27.8493,0.001
0.4395,0.4895,24.6081,26.5299,27.8725,0.001
0.4396,0.4896,24.6605,26.6497,27.9004,0.001
0.4397,0.4897,24.6823,26.7741,27.956,0.001
0.4398,0.4898,24.7128,26.8754,28.0302,0.001
0.4399,0.4899,24.7085,27.009,28.1322,0.001
0.44,0.49,24.7128,27.0919,28.2157,0.001
0.4401,0.4901,24.7172,27.1426,28.3038,0.001
0.4402,0.4902,24.7303,27.161,28.3548,0.001
0.4403,0.4903,24.7434,27.1702,28.4012,0.001
0.4404,0.4904,24.7434,27.1795,28.429,0.001
0.4405,0.4905,24.7521,27.1979,28.4661,0.001
0.4406,0.4906,24.7521,27.2532,28.5079,0.001
0.4407,0.4907,24.7652,27.3269,28.545,0.001
0.4408,0.4908,24.7608,27.4282,28.6331,0.001
0.4409,0.4909,24.7565,27.5296,28.7305,0.001
0.441,0.491,24.7739,27.6217,28.8232,0.001
0.4411,0.4911,24.7957,27.6954,28.9021,0.001
0.4412,0.4912,24.8481,27.7322,28.967,0.001
0.4413,0.4913,24.8786,27.7415,29.0041,0.001
0.4414,0.4914,24.931,27.7507,29.0319,0.001
0.4415,0.4915,24.9528,27.7368,29.0876,0.001
0.4416,0.4916,24.9659,27.7461,29.1247,0.001
0.4417,0.4917,24.9615,27.7967,29.1989,0.001
0.4418,0.4918,24.9484,27.8474,29.2545,0.001
0.4419,0.4919,24.9179,27.958,29.338,0.001
0.442,0.492,24.883,28.0225,29.3936,0.001
0.4421,0.4921,24.8786,28.0731,29.44,0.001
0.4422,0.4922,24.8961,28.1008,29.4632,0.001
0.4423,0.4923,24.9266,28.1422,29.4817,0.001
0.4424,0.4924,24.9659,28.1607,29.5003,0.001
0.4425,0.4925,24.9964,28.1745,29.5096,0.001
0.4426,0.4926,25.0226,28.2436,29.5281,0.001
0.4427,0.4927,25.0662,28.3127,29.5699,0.001
0.4428,0.4928,25.0575,28.3956,29.607,0.001
0.4429,0.4929,25.0705,28.4831,29.6951,0.001
0.443,0.493,25.1055,28.5476,29.7554,0.001
0.4431,0.4931,25.1534,28.5937,29.7971,0.001
0.4432,0.4932,25.1927,28.6121,29.811,0.001
0.4433,0.4933,25.245,28.5937,29.8157,0.001
0.4434,0.4934,25.2887,28.5614,29.8017,0.001
0.4435,0.4935,25.3236,28.543,29.8296,0.001
0.4436,0.4936,25.3454,28.566,29.8435,0.001
0.4437,0.4937,25.3672,28.6259,29.8899,0.001
0.4438,0.4938,25.3847,28.695,29.9269,0.001
0.4439,0.4939,25.3759,28.7872,29.9455,0.001
0.444,0.494,25.389,28.8931,29.9641,0.001
0.4441,0.4941,25.3977,28.9576,29.9501,0.001
0.4442,0.4942,25.4326,29.0221,29.9501,0.001
0.4443,0.4943,25.4675,29.0682,29.9733,0.001
0.4444,0.4944,25.4981,29.0774,29.9687,0.001
0.4445,0.4945,25.5373,29.0774,30.0197,0.001
0.4446,0.4946,25.5591,29.0543,30.0568,0.001
0.4447,0.4947,25.5591,29.0728,30.1264,0.001
0.4448,0.4948,25.5504,29.082,30.1913,0.001
0.4449,0.4949,25.5286,29.1004,30.2191,0.001
0.445,0.495,25.5024,29.1419,30.2516,0.001
0.4451,0.4951,25.4806,29.1787,30.2748,0.001
0.4452,0.4952,25.4675,29.1971,30.2748,0.001
0.4453,0.4953,25.4806,29.2064,30.2887,0.001
0.4454,0.4954,25.4981,29.2202,30.3629,0.001
0.4455,0.4955,25.5242,29.2064,30.4139,0.001
0.4456,0.4956,25.5242,29.2064,30.4788,0.001
0.4457,0.4957,25.5111,29.1787,30.553,0.001
0.4458,0.4958,25.4893,29.1695,30.5855,0.001
0.4459,0.4959,25.4806,29.1511,30.6272,0.001
0.446,0.496,25.4763,29.1465,30.5855,0.001
0.4461,0.4961,25.4544,29.1695,30.5484,0.001
0.4462,0.4962,25.4457,29.2018,30.5206,0.001
0.4463,0.4963,25.437,29.2202,30.4881,0.001
0.4464,0.4964,25.437,29.2294,30.4927,0.001
0.4465,0.4965,25.4414,29.2662,30.5391,0.001
0.4466,0.4966,25.4763,29.2662,30.604,0.001
0.4467,0.4967,25.5068,29.2709,30.6411,0.001
0.4468,0.4968,25.5199,29.2386,30.7153,0.001
0.4469,0.4969,25.5286,29.1925,30.7431,0.001
0.447,0.497,25.5111,29.1373,30.7107,0.001
0.4471,0.4971,25.4501,29.0958,30.7292,0.001
0.4472,0.4972,25.4152,29.0405,30.7292,0.001
0.4473,0.4973,25.3672,29.0175,30.7524,0.001
0.4474,0.4974,25.3236,29.0221,30.7942,0.001
0.4475,0.4975,25.3018,29.0451,30.8452,0.001
0.4476,0.4976,25.3018,29.1142,30.9008,0.001
0.4477,0.4977,25.3323,29.1787,30.924,0.001
0.4478,0.4978,25.3759,29.2432,30.9286,0.001
0.4479,0.4979,25.4414,29.2893,30.8962,0.001
0.448,0.498,25.4544,29.3169,30.8359,0.001
0.4481,0.4981,25.4675,29.2801,30.7431,0.001
0.4482,0.4982,25.4588,29.257,30.6736,0.001
0.4483,0.4983,25.4152,29.2018,30.6318,0.001
0.4484,0.4984,25.341,29.1557,30.6226,0.001
0.4485,0.4985,25.2712,29.128,30.6458,0.001
0.4486,0.4986,25.232,29.1188,30.6875,0.001
0.4487,0.4987,25.1796,29.1234,30.7339,0.001
0.4488,0.4988,25.1927,29.1327,30.7524,0.001
0.4489,0.4989,25.2189,29.1419,30.7756,0.001
0.449,0.499,25.2494,29.1373,30.7803,0.001
0.4491,0.4991,25.2625,29.128,30.7849,0.001
0.4492,0.4992,25.2843,29.0958,30.7849,0.001
0.4493,0.4993,25.2712,29.0451,30.8034,0.001
0.4494,0.4994,25.245,28.9945,30.8173,0.001
0.4495,0.4995,25.2102,28.9392,30.8173,0.001
0.4496,0.4996,25.1622,28.8609,30.8359,0.001
0.4497,0.4997,25.1403,28.7964,30.8034,0.001
0.4498,0.4998,25.136,28.7503,30.7617,0.001
0.4499,0.4999,25.1491,28.7134,30.7431,0.001
0.45,0.5,25.1665,28.7134,30.6968,0.001
0.4501,0.5001,25.1883,28.7042,30.6689,0.001
0.4502,0.5002,25.2058,28.7042,30.6411,0.001
0.4503,0.5003,25.2014,28.6996,30.6318,0.001
0.4504,0.5004,25.1709,28.6904,30.655,0.001
0.4505,0.5005,25.1273,28.6628,30.6736,0.001
0.4506,0.5006,25.088,28.6029,30.655,0.001
0.4507,0.5007,25.0313,28.5292,30.6782,0.001
0.4508,0.5008,24.9964,28.4555,30.6782,0.001
0.4509,0.5009,24.9615,28.368,30.6875,0.001
0.451,0.501,24.9397,28.2942,30.6921,0.001
0.4511,0.5011,24.9353,28.2298,30.6829,0.001
0.4512,0.5012,24.9266,28.1929,30.6411,0.001
0.4513,0.5013,24.9135,28.1975,30.6226,0.001
0.4514,0.5014,24.9135,28.2251,30.5762,0.001
0.4515,0.5015,24.883,28.2482,30.5298,0.001
0.4516,0.5016,24.8742,28.262,30.4463,0.001
0.4517,0.5017,24.8524,28.2574,30.349,0.001
0.4518,0.5018,24.8263,28.2159,30.2609,0.001
0.4519,0.5019,24.7914,28.1514,30.1913,0.001
0.452,0.502,24.7521,28.0823,30.1264,0.001
0.4521,0.5021,24.7085,28.0132,30.08,0.001
0.4522,0.5022,24.6736,27.9718,30.0429,0.001
0.4523,0.5023,24.6387,27.9349,30.0243,0.001
0.4524,0.5024,24.6125,27.9211,30.0058,0.001
0.4525,0.5025,24.6256,27.9165,29.9687,0.001
0.4526,0.5026,24.6474,27.9211,29.9455,0.001
0.4527,0.5027,24.6736,27.9073,29.9269,0.001
0.4528,0.5028,24.6692,27.8935,29.8991,0.001
0.4529,0.5029,24.6561,27.829,29.8667,0.001
0.453,0.503,24.6256,27.7691,29.8296,0.001
0.4531,0.5031,24.5907,27.6862,29.7785,0.001
0.4532,0.5032,24.5427,27.5987,29.7229,0.001
0.4533,0.5033,24.5253,27.5296,29.6672,0.001
0.4534,0.5034,24.5165,27.4605,29.593,0.001
0.4535,0.5035,24.534,27.3914,29.5328,0.001
0.4536,0.5036,24.5689,27.3361,29.4493,0.001
0.4537,0.5037,24.5994,27.2808,29.389,0.001
0.4538,0.5038,24.6474,27.2439,29.2962,0.001
0.4539,0.5039,24.6474,27.2163,29.2406,0.001
0.454,0.504,24.6299,27.2071,29.185,0.001
0.4541,0.5041,24.5951,27.1748,29.1525,0.001
0.4542,0.5042,24.5209,27.1518,29.1107,0.001
0.4543,0.5043,24.4685,27.138,29.1061,0.001
0.4544,0.5044,24.4642,27.0827,29.0458,0.001
0.4545,0.5045,24.4467,27.0228,28.9902,0.001
0.4546,0.5046,24.4773,26.9768,28.9531,0.001
0.4547,0.5047,24.5209,26.8846,28.8928,0.001
0.4548,0.5048,24.5383,26.8386,28.8325,0.001
0.4549,0.5049,24.5514,26.7649,28.7954,0.001
0.455,0.505,24.5383,26.7188,28.7537,0.001
0.4551,0.5051,24.4991,26.6773,28.698,0.001
0.4552,0.5052,24.4249,26.6497,28.6377,0.001
0.4553,0.5053,24.3464,26.6221,28.5682,0.001
0.4554,0.5054,24.2722,26.6129,28.48,0.001
0.4555,0.5055,24.2155,26.5714,28.3641,0.001
0.4556,0.5056,24.2024,26.5576,28.2853,0.001
0.4557,0.5057,24.1806,26.5023,28.174,0.001
0.4558,0.5058,24.1632,26.4793,28.0812,0.001
0.4559,0.5059,24.1763,26.4378,27.9653,0.001
0.456,0.506,24.1588,26.3963,27.8772,0.001
0.4561,0.5061,24.1414,26.3687,27.8076,0.001
0.4562,0.5062,24.1326,26.3226,27.7102,0.001
0.4563,0.5063,24.137,26.2812,27.6314,0.001
0.4564,0.5064,24.1501,26.2167,27.5247,0.001
0.4565,0.5065,24.1588,26.1614,27.432,0.001
0.4566,0.5066,24.1719,26.1061,27.3439,0.001
0.4567,0.5067,24.1675,26.0509,27.2697,0.001
0.4568,0.5068,24.1806,25.9956,27.1816,0.001
0.4569,0.5069,24.1806,25.9633,27.1166,0.001
0.457,0.507,24.1675,25.9173,27.0378,0.001
0.4571,0.5071,24.185,25.8666,26.9682,0.001
0.4572,0.5072,24.2024,25.8067,26.8709,0.001
0.4573,0.5073,24.2243,25.7468,26.7688,0.001
0.4574,0.5074,24.2722,25.6869,26.6575,0.001
0.4575,0.5075,24.294,25.6224,26.5416,0.001
0.4576,0.5076,24.329,25.5626,26.4349,0.001
0.4577,0.5077,24.3246,25.5119,26.3422,0.001
0.4578,0.5078,24.2984,25.4796,26.2448,0.001
0.4579,0.5079,24.2591,25.4244,26.1845,0.001
0.458,0.508,24.2199,25.3783,26.0964,0.001
0.4581,0.5081,24.1675,25.3368,26.0361,0.001
0.4582,0.5082,24.1501,25.2954,25.948,0.001
0.4583,0.5083,24.1588,25.2355,25.8413,0.001
0.4584,0.5084,24.1719,25.1848,25.73,0.001
0.4585,0.5085,24.185,25.1157,25.628,0.001
0.4586,0.5086,24.1893,25.0374,25.5121,0.001
0.4587,0.5087,24.1893,24.9637,25.4471,0.001
0.4588,0.5088,24.1719,24.8808,25.3683,0.001
0.4589,0.5089,24.137,24.7887,25.2941,0.001
0.459,0.509,24.0977,24.715,25.1967,0.001
0.4591,0.5091,24.0541,24.6597,25.1318,0.001
0.4592,0.5092,24.0279,24.609,25.0437,0.001
0.4593,0.5093,24.0018,24.5998,24.9509,0.001
0.4594,0.5094,23.993,24.5998,24.8536,0.001
0.4595,0.5095,24.0018,24.609,24.7886,0.001
0.4596,0.5096,23.9756,24.6274,24.7098,0.001
0.4597,0.5097,23.9451,24.6228,24.6449,0.001
0.4598,0.5098,23.884,24.5952,24.5938,0.001
0.4599,0.5099,23.8229,24.5307,24.5428,0.001
0.46,0.51,23.7837,24.4386,24.4547,0.001
0.4601,0.5101,23.7575,24.3418,24.3388,0.001
0.4602,0.5102,23.7269,24.2543,24.2229,0.001
0.4603,0.5103,23.7444,24.1668,24.0976,0.001
0.4604,0.5104,23.7531,24.0931,23.9678,0.001
0.4605,0.5105,23.7793,24.0839,23.8751,0.001
0.4606,0.5106,23.788,24.0885,23.7962,0.001
0.4607,0.5107,23.8142,24.0793,23.722,0.001
0.4608,0.5108,23.8142,24.0839,23.671,0.001
0.4609,0.5109,23.7967,24.0332,23.62,0.001
0.461,0.511,23.788,24.001,23.5504,0.001
0.4611,0.5111,23.7618,23.9042,23.4623,0.001
0.4612,0.5112,23.7531,23.8121,23.3464,0.001
0.4613,0.5113,23.7444,23.7108,23.2536,0.001
0.4614,0.5114,23.7139,23.6278,23.1191,0.001
0.4615,0.5115,23.6964,23.5495,23.0357,0.001
0.4616,0.5116,23.6833,23.5127,22.9661,0.001
0.4617,0.5117,23.6702,23.4943,22.9012,0.001
0.4618,0.5118,23.6571,23.4804,22.8409,0.001
0.4619,0.5119,23.6397,23.462,22.7714,0.001
0.462,0.512,23.6266,23.4298,22.7018,0.001
0.4621,0.5121,23.6266,23.3745,22.5998,0.001
0.4622,0.5122,23.6353,23.2962,22.4977,0.001
0.4623,0.5123,23.6571,23.2087,22.4096,0.001
0.4624,0.5124,23.6746,23.1119,22.3215,0.001
0.4625,0.5125,23.679,23.0382,22.2241,0.001
0.4626,0.5126,23.6746,22.9461,22.1267,0.001
0.4627,0.5127,23.6615,22.8448,22.0665,0.001
0.4628,0.5128,23.6484,22.7895,21.9691,0.001
0.4629,0.5129,23.6353,22.7388,21.8902,0.001
0.463,0.513,23.6135,22.6974,21.8392,0.001
0.4631,0.5131,23.5873,22.6375,21.7604,0.001
0.4632,0.5132,23.5394,22.6329,21.7047,0.001
0.4633,0.5133,23.5045,22.573,21.6305,0.001
0.4634,0.5134,23.4434,22.5361,21.5749,0.001
0.4635,0.5135,23.3998,22.4855,21.5146,0.001
0.4636,0.5136,23.3256,22.421,21.459,0.001
0.4637,0.5137,23.2645,22.3657,21.3894,0.001
0.4638,0.5138,23.2165,22.2736,21.3059,0.001
0.4639,0.5139,23.2035,22.186,21.2039,0.001
0.464,0.514,23.1991,22.0893,21.1112,0.001
0.4641,0.5141,23.1991,22.0156,21.0277,0.001
0.4642,0.5142,23.2209,21.9834,20.9674,0.001
0.4643,0.5143,23.2384,21.9465,20.921,0.001
0.4644,0.5144,23.2471,21.9373,20.9117,0.001
0.4645,0.5145,23.2471,21.9235,20.87,0.001
0.4646,0.5146,23.2253,21.8912,20.8329,0.001
0.4647,0.5147,23.1947,21.859,20.7773,0.001
0.4648,0.5148,23.1467,21.8083,20.6706,0.001
0.4649,0.5149,23.0988,21.7531,20.5779,0.001
0.465,0.515,23.0726,21.6701,20.4805,0.001
0.4651,0.5151,23.0508,21.5826,20.3877,0.001
0.4652,0.5152,23.0246,21.4951,20.3367,0.001
0.4653,0.5153,23.0072,21.4306,20.2811,0.001
0.4654,0.5154,22.9897,21.3615,20.2579,0.001
0.4655,0.5155,22.9679,21.3523,20.2532,0.001
0.4656,0.5156,22.933,21.3201,20.2393,0.001
0.4657,0.5157,22.9112,21.2878,20.179,0.001
0.4658,0.5158,22.885,21.2694,20.1002,0.001
0.4659,0.5159,22.8588,21.2187,20.026,0.001
0.466,0.516,22.8545,21.1542,19.9332,0.001
0.4661,0.5161,22.8632,21.0851,19.8683,0.001
0.4662,0.5162,22.8632,21.016,19.822,0.001
0.4663,0.5163,22.8806,20.9331,19.7941,0.001
0.4664,0.5164,22.8763,20.8594,19.7663,0.001
0.4665,0.5165,22.8981,20.7949,19.7849,0.001
0.4666,0.5166,22.8806,20.7627,19.757,0.001
0.4667,0.5167,22.8763,20.6982,19.7246,0.001
0.4668,0.5168,22.8632,20.6844,19.6457,0.001
0.4669,0.5169,22.8283,20.6337,19.5391,0.001
0.467,0.517,22.8065,20.5877,19.4417,0.001
0.4671,0.5171,22.7629,20.537,19.3675,0.001
0.4672,0.5172,22.7236,20.4955,19.3165,0.001
0.4673,0.5173,22.6974,20.4541,19.3026,0.001
0.4674,0.5174,22.6669,20.4218,19.2979,0.001
0.4675,0.5175,22.632,20.3665,19.2933,0.001
0.4676,0.5176,22.5971,20.3113,19.2794,0.001
0.4677,0.5177,22.5796,20.2514,19.2423,0.001
0.4678,0.5178,22.5578,20.1961,19.2005,0.001
0.4679,0.5179,22.5142,20.1639,19.1542,0.001
0.468,0.518,22.5011,20.1086,19.1032,0.001
0.4681,0.5181,22.4619,20.0671,19.029,0.001
0.4682,0.5182,22.4226,20.0349,18.9733,0.001
0.4683,0.5183,22.3921,19.9888,18.9548,0.001
0.4684,0.5184,22.3702,19.9612,18.9223,0.001
0.4685,0.5185,22.3441,19.9105,18.8945,0.001
0.4686,0.5186,22.3266,19.8967,18.8527,0.001
0.4687,0.5187,22.3048,19.8322,18.7832,0.001
0.4688,0.5188,22.2612,19.7908,18.7183,0.001
0.4689,0.5189,22.2263,19.7539,18.6441,0.001
0.469,0.519,22.187,19.7263,18.5977,0.001
0.4691,0.5191,22.1565,19.7401,18.5745,0.001
0.4692,0.5192,22.1303,19.7171,18.556,0.001
0.4693,0.5193,22.0954,19.6986,18.5467,0.001
0.4694,0.5194,22.0736,19.6894,18.5374,0.001
0.4695,0.5195,22.0823,19.6434,18.5003,0.001
0.4696,0.5196,22.0998,19.5973,18.4586,0.001
0.4697,0.5197,22.1129,19.5743,18.4307,0.001
0.4698,0.5198,22.1565,19.5052,18.3936,0.001
0.4699,0.5199,22.1739,19.4729,18.3287,0.001
0.47,0.52,22.187,19.4407,18.2684,0.001
0.4701,0.5201,22.2088,19.4223,18.2545,0.001
0.4702,0.5202,22.2219,19.4038,18.2406,0.001
0.4703,0.5203,22.2045,19.3854,18.2313,0.001
0.4704,0.5204,22.2088,19.3394,18.2035,0.001
0.4705,0.5205,22.2176,19.2933,18.185,0.001
0.4706,0.5206,22.2001,19.2242,18.1432,0.001
0.4707,0.5207,22.2132,19.1689,18.1108,0.001
0.4708,0.5208,22.2263,19.1136,18.0644,0.001
0.4709,0.5209,22.2219,19.0676,18.0134,0.001
0.471,0.521,22.2045,19.0492,17.9902,0.001
0.4711,0.5211,22.1914,19.0676,17.9531,0.001
0.4712,0.5212,22.1652,19.1136,17.9531,0.001
0.4713,0.5213,22.1652,19.1505,17.9345,0.001
0.4714,0.5214,22.1565,19.1643,17.9345,0.001
0.4715,0.5215,22.1608,19.1643,17.9114,0.001
0.4716,0.5216,22.1652,19.1367,17.8557,0.001
0.4717,0.5217,22.1783,19.0676,17.814,0.001
0.4718,0.5218,22.1565,18.9847,17.7676,0.001
0.4719,0.5219,22.139,18.9156,17.7722,0.001
0.472,0.522,22.0998,18.8695,17.7444,0.001
0.4721,0.5221,22.0736,18.8419,17.7537,0.001
0.4722,0.5222,22.0343,18.8649,17.7722,0.001
0.4723,0.5223,22.0169,18.934,17.7676,0.001
0.4724,0.5224,21.9951,18.9801,17.7398,0.001
0.4725,0.5225,21.9994,19.0307,17.7259,0.001
0.4726,0.5226,22.0256,19.063,17.6748,0.001
0.4727,0.5227,22.0474,19.0768,17.6331,0.001
0.4728,0.5228,22.078,19.0584,17.596,0.001
0.4729,0.5229,22.0911,19.0307,17.5589,0.001
0.473,0.523,22.0823,18.9893,17.5589,0.001
0.4731,0.5231,22.0518,18.9755,17.5218,0.001
0.4732,0.5232,22.0256,18.9478,17.5218,0.001
0.4733,0.5233,22.0125,18.9386,17.5125,0.001
0.4734,0.5234,21.982,18.9662,17.4801,0.001
0.4735,0.5235,21.9951,18.9801,17.4337,0.001
0.4736,0.5236,22.03,19.0123,17.4291,0.001
0.4737,0.5237,22.078,19.0123,17.4012,0.001
0.4738,0.5238,22.1347,19.0261,17.4105,0.001
0.4739,0.5239,22.1608,18.9847,17.4244,0.001
0.474,0.524,22.2045,18.9709,17.4476,0.001
0.4741,0.5241,22.2219,18.9386,17.4754,0.001
0.4742,0.5242,22.1958,18.9202,17.5033,0.001
0.4743,0.5243,22.2001,18.9202,17.5311,0.001
0.4744,0.5244,22.1696,18.8972,17.5079,0.001
0.4745,0.5245,22.1608,18.9064,17.4986,0.001
0.4746,0.5246,22.1739,18.9294,17.4383,0.001
0.4747,0.5247,22.1696,18.9616,17.4152,0.001
0.4748,0.5248,22.2001,19.0031,17.4105,0.001
0.4749,0.5249,22.2437,19.063,17.4244,0.001
0.475,0.525,22.283,19.0952,17.4105,0.001
0.4751,0.5251,22.3092,19.1229,17.4244,0.001
0.4752,0.5252,22.3397,19.1367,17.4105,0.001
0.4753,0.5253,22.3572,19.1459,17.3827,0.001
0.4754,0.5254,22.3397,19.109,17.3502,0.001
0.4755,0.5255,22.3266,19.1136,17.327,0.001
0.4756,0.5256,22.3135,19.086,17.2992,0.001
0.4757,0.5257,22.3005,19.086,17.2946,0.001
0.4758,0.5258,22.2743,19.0768,17.327,0.001
0.4759,0.5259,22.2655,19.086,17.3595,0.001
0.476,0.526,22.2743,19.1321,17.4105,0.001
0.4761,0.5261,22.2743,19.1781,17.4569,0.001
0.4762,0.5262,22.2961,19.2334,17.4986,0.001
0.4763,0.5263,22.3484,19.2703,17.4986,0.001
0.4764,0.5264,22.3659,19.3301,17.494,0.001
0.4765,0.5265,22.3877,19.3532,17.4708,0.001
0.4766,0.5266,22.379,19.3762,17.4337,0.001
0.4767,0.5267,22.3659,19.3624,17.4012,0.001
0.4768,0.5268,22.3353,19.3532,17.3873,0.001
0.4769,0.5269,22.3266,19.3532,17.392,0.001
0.477,0.527,22.3223,19.367,17.4152,0.001
0.4771,0.5271,22.3397,19.39,17.4291,0.001
0.4772,0.5272,22.3964,19.4315,17.4615,0.001
0.4773,0.5273,22.4531,19.4545,17.4523,0.001
0.4774,0.5274,22.5186,19.5098,17.4615,0.001
0.4775,0.5275,22.584,19.5605,17.4894,0.001
0.4776,0.5276,22.6102,19.6203,17.4754,0.001
0.4777,0.5277,22.5971,19.6618,17.494,0.001
0.4778,0.5278,22.5971,19.6986,17.5311,0.001
0.4779,0.5279,22.584,19.6986,17.5589,0.001
0.478,0.528,22.5622,19.7079,17.6099,0.001
0.4781,0.5281,22.5796,19.7217,17.6424,0.001
0.4782,0.5282,22.6058,19.7033,17.6656,0.001
0.4783,0.5283,22.6276,19.7125,17.6702,0.001
0.4784,0.5284,22.6712,19.7309,17.7027,0.001
0.4785,0.5285,22.6974,19.7677,17.7027,0.001
0.4786,0.5286,22.7105,19.8184,17.7212,0.001
0.4787,0.5287,22.7105,19.8967,17.7351,0.001
0.4788,0.5288,22.68,19.9704,17.7398,0.001
0.4789,0.5289,22.6582,20.0165,17.7861,0.001
0.479,0.529,22.6233,20.0579,17.8001,0.001
0.4791,0.5291,22.6102,20.081,17.8279,0.001
0.4792,0.5292,22.6233,20.127,17.8928,0.001
0.4793,0.5293,22.6451,20.104,17.9299,0.001
0.4794,0.5294,22.68,20.1224,17.9809,0.001
0.4795,0.5295,22.7061,20.1178,18.018,0.001
0.4796,0.5296,22.728,20.1455,18.0783,0.001
0.4797,0.5297,22.728,20.1731,18.134,0.001
0.4798,0.5298,22.728,20.2238,18.185,0.001
0.4799,0.5299,22.7149,20.2836,18.2267,0.001
0.48,0.53,22.6974,20.3297,18.287,0.001
0.4801,0.5301,22.7061,20.3619,18.3194,0.001
0.4802,0.5302,22.6887,20.3896,18.3241,0.001
0.4803,0.5303,22.6931,20.408,18.3797,0.001
0.4804,0.5304,22.6887,20.4264,18.3983,0.001
0.4805,0.5305,22.6974,20.4495,18.4493,0.001
0.4806,0.5306,22.7236,20.4725,18.4864,0.001
0.4807,0.5307,22.7192,20.5186,18.5096,0.001
0.4808,0.5308,22.7411,20.5508,18.556,0.001
0.4809,0.5309,22.7716,20.5923,18.5838,0.001
0.481,0.531,22.8065,20.6199,18.6162,0.001
0.4811,0.5311,22.8545,20.6614,18.6533,0.001
0.4812,0.5312,22.8981,20.6936,18.7136,0.001
0.4813,0.5313,22.9199,20.7397,18.7739,0.001
0.4814,0.5314,22.9373,20.7627,18.8481,0.001
0.4815,0.5315,22.9243,20.818,18.9362,0.001
0.4816,0.5316,22.8981,20.8456,19.0058,0.001
0.4817,0.5317,22.8894,20.8917,19.0661,0.001
0.4818,0.5318,22.8806,20.9285,19.1449,0.001
0.4819,0.5319,22.885,20.97,19.182,0.001
0.482,0.532,22.9199,21.0114,19.233,0.001
0.4821,0.5321,22.9461,21.0529,19.2701,0.001
0.4822,0.5322,22.9853,21.0851,19.3211,0.001
0.4823,0.5323,23.0202,21.0897,19.3582,0.001
0.4824,0.5324,23.0464,21.1266,19.4092,0.001
0.4825,0.5325,23.0377,21.1542,19.4834,0.001
0.4826,0.5326,23.029,21.1911,19.553,0.001
0.4827,0.5327,23.0333,21.2095,19.6365,0.001
0.4828,0.5328,23.0115,21.2832,19.6875,0.001
0.4829,0.5329,23.0246,21.3154,19.7338,0.001
0.483,0.533,23.0508,21.3753,19.7849,0.001
0.4831,0.5331,23.0813,21.4444,19.8359,0.001
0.4832,0.5332,23.1249,21.4628,19.9101,0.001
0.4833,0.5333,23.1511,21.4859,19.9982,0.001
0.4834,0.5334,23.1773,21.5043,20.0909,0.001
0.4835,0.5335,23.1686,21.4859,20.1976,0.001
0.4836,0.5336,23.1598,21.4905,20.2857,0.001
0.4837,0.5337,23.1337,21.4721,20.3738,0.001
0.4838,0.5338,23.1031,21.4628,20.4573,0.001
0.4839,0.5339,23.0944,21.4813,20.499,0.001
0.484,0.534,23.0988,21.5227,20.5686,0.001
0.4841,0.5341,23.1162,21.5642,20.615,0.001
0.4842,0.5342,23.1162,21.6287,20.6845,0.001
0.4843,0.5343,23.138,21.6932,20.7865,0.001
0.4844,0.5344,23.1467,21.7577,20.8654,0.001
0.4845,0.5345,23.1293,21.7945,20.9535,0.001
0.4846,0.5346,23.1206,21.8175,21.0648,0.001
0.4847,0.5347,23.0857,21.836,21.1297,0.001
0.4848,0.5348,23.0595,21.8452,21.2039,0.001
0.4849,0.5349,23.0595,21.859,21.2549,0.001
0.485,0.535,23.0551,21.8866,21.3059,0.001
0.4851,0.5351,23.0551,21.9235,21.3569,0.001
0.4852,0.5352,23.0682,21.9834,21.4404,0.001
0.4853,0.5353,23.0813,22.0248,21.5192,0.001
0.4854,0.5354,23.1031,22.1031,21.6213,0.001
0.4855,0.5355,23.1118,22.1722,21.7279,0.001
0.4856,0.5356,23.1293,22.2413,21.8114,0.001
0.4857,0.5357,23.1467,22.2828,21.881,0.001
0.4858,0.5358,23.1598,22.3196,21.9366,0.001
0.4859,0.5359,23.1904,22.3473,21.9969,0.001
0.486,0.536,23.2209,22.3795,22.0201,0.001
0.4861,0.5361,23.234,22.4118,22.0665,0.001
0.4862,0.5362,23.2776,22.4532,22.1453,0.001
0.4863,0.5363,23.3081,22.4855,22.2149,0.001
0.4864,0.5364,23.3169,22.5269,22.3262,0.001
0.4865,0.5365,23.3343,22.6006,22.4282,0.001
0.4866,0.5366,23.3343,22.6421,22.5348,0.001
0.4867,0.5367,23.3431,22.7158,22.6322,0.001
0.4868,0.5368,23.3561,22.7664,22.7157,0.001
0.4869,0.5369,23.3605,22.8263,22.8038,0.001
0.487,0.537,23.3605,22.877,22.8919,0.001
0.4871,0.5371,23.3736,22.9093,22.9847,0.001
0.4872,0.5372,23.3692,22.9369,23.0681,0.001
0.4873,0.5373,23.3649,22.9645,23.1748,0.001
0.4874,0.5374,23.3823,22.9783,23.2397,0.001
0.4875,0.5375,23.3779,22.9922,23.2954,0.001
0.4876,0.5376,23.4041,23.0106,23.3696,0.001
0.4877,0.5377,23.4347,23.0336,23.4345,0.001
0.4878,0.5378,23.4783,23.0935,23.4901,0.001
0.4879,0.5379,23.5001,23.1626,23.5736,0.001
0.488,0.538,23.5306,23.2455,23.6617,0.001
0.4881,0.5381,23.5306,23.333,23.7406,0.001
0.4882,0.5382,23.5219,23.3975,23.8333,0.001
0.4883,0.5383,23.4957,23.4712,23.9261,0.001
0.4884,0.5384,23.4565,23.5035,24.0095,0.001
0.4885,0.5385,23.4128,23.5265,24.0884,0.001
0.4886,0.5386,23.391,23.5081,24.1301,0.001
0.4887,0.5387,23.3605,23.4989,24.1858,0.001
0.4888,0.5388,23.3692,23.5127,24.2414,0.001
0.4889,0.5389,23.3823,23.5357,24.3156,0.001
0.489,0.539,23.3998,23.6002,24.4176,0.001
0.4891,0.5391,23.4216,23.6785,24.5197,0.001
0.4892,0.5392,23.4303,23.7614,24.6078,0.001
0.4893,0.5393,23.4259,23.8444,24.682,0.001
0.4894,0.5394,23.439,23.9227,24.7515,0.001
0.4895,0.5395,23.4478,23.9641,24.7933,0.001
0.4896,0.5396,23.4521,24.001,24.8443,0.001
0.4897,0.5397,23.4783,24.0194,24.9138,0.001
0.4898,0.5398,23.5219,24.024,24.9463,0.001
0.4899,0.5399,23.5568,24.0516,25.0159,0.001
0.49,0.54,23.5917,24.0977,25.0854,0.001
0.4901,0.5401,23.6179,24.1484,25.1643,0.001
0.4902,0.5402,23.6441,24.2221,25.2524,0.001
0.4903,0.5403,23.6441,24.3188,25.3219,0.001
0.4904,0.5404,23.6571,24.4155,25.3915,0.001
0.4905,0.5405,23.6528,24.4939,25.4564,0.001
0.4906,0.5406,23.679,24.5583,25.5028,0.001
0.4907,0.5407,23.7095,24.6136,25.5631,0.001
0.4908,0.5408,23.7575,24.6505,25.6558,0.001
0.4909,0.5409,23.8142,24.6689,25.7161,0.001
0.491,0.541,23.8447,24.7058,25.7857,0.001
0.4911,0.5411,23.9014,24.7564,25.897,0.001
0.4912,0.5412,23.9494,24.8117,25.948,0.001
0.4913,0.5413,23.9843,24.8716,26.0175,0.001
0.4914,0.5414,24.0454,24.9591,26.0686,0.001
0.4915,0.5415,24.0628,25.0282,26.1149,0.001
0.4916,0.5416,24.089,25.0651,26.152,0.001
0.4917,0.5417,24.1283,25.1434,26.2077,0.001
0.4918,0.5418,24.1501,25.1802,26.319,0.001
0.4919,0.5419,24.1588,25.2447,26.37,0.001
0.492,0.542,24.1457,25.277,26.4535,0.001
0.4921,0.5421,24.1326,25.3368,26.5091,0.001
0.4922,0.5422,24.0977,25.3875,26.5787,0.001
0.4923,0.5423,24.0847,25.4336,26.639,0.001
0.4924,0.5424,24.0454,25.4889,26.7178,0.001
0.4925,0.5425,24.0323,25.5441,26.7735,0.001
0.4926,0.5426,24.0192,25.5764,26.8291,0.001
0.4927,0.5427,24.0149,25.6086,26.9126,0.001
0.4928,0.5428,24.0367,25.6639,26.9868,0.001
0.4929,0.5429,24.0367,25.7146,27.0703,0.001
0.493,0.543,24.0628,25.7606,27.1584,0.001
0.4931,0.5431,24.089,25.8205,27.1955,0.001
0.4932,0.5432,24.1108,25.8758,27.2511,0.001
0.4933,0.5433,24.1326,25.9173,27.2697,0.001
0.4934,0.5434,24.1632,25.9818,27.2743,0.001
0.4935,0.5435,24.1893,26.0324,27.2789,0.001
0.4936,0.5436,24.2112,26.0969,27.3021,0.001
0.4937,0.5437,24.2461,26.1338,27.3346,0.001
0.4938,0.5438,24.2548,26.2075,27.3902,0.001
0.4939,0.5439,24.2897,26.272,27.4784,0.001
0.494,0.544,24.3159,26.3226,27.5433,0.001
0.4941,0.5441,24.329,26.3733,27.6128,0.001
0.4942,0.5442,24.3551,26.424,27.6639,0.001
0.4943,0.5443,24.3638,26.4701,27.6731,0.001
0.4944,0.5444,24.3944,26.5253,27.6917,0.001
0.4945,0.5445,24.4075,26.5898,27.7056,0.001
0.4946,0.5446,24.4424,26.6451,27.7381,0.001
0.4947,0.5447,24.4729,26.7234,27.7891,0.001
0.4948,0.5448,24.5209,26.7787,27.8447,0.001
0.4949,0.5449,24.5689,26.8386,27.9236,0.001
0.495,0.545,24.6081,26.88,27.9838,0.001
0.4951,0.5451,24.6649,26.9123,28.0302,0.001
0.4952,0.5452,24.7172,26.9353,28.058,0.001
0.4953,0.5453,24.7608,26.9307,28.0534,0.001
0.4954,0.5454,24.7914,26.9537,28.0441,0.001
0.4955,0.5455,24.8132,26.9768,28.0395,0.001
0.4956,0.5456,24.8306,27.0182,28.0302,0.001
0.4957,0.5457,24.8306,27.0965,28.072,0.001
0.4958,0.5458,24.835,27.1748,28.1369,0.001
0.4959,0.5459,24.8393,27.2624,28.2111,0.001
0.496,0.546,24.8568,27.3407,28.2899,0.001
0.4961,0.5461,24.8961,27.396,28.3363,0.001
0.4962,0.5462,24.944,27.4512,28.3688,0.001
0.4963,0.5463,24.9877,27.4789,28.4105,0.001
0.4964,0.5464,25.0226,27.4973,28.4337,0.001
0.4965,0.5465,25.0182,27.5019,28.4383,0.001
0.4966,0.5466,25.0226,27.5203,28.4708,0.001
0.4967,0.5467,25.0138,27.5572,28.5032,0.001
0.4968,0.5468,24.9789,27.5802,28.5821,0.001
0.4969,0.5469,24.9702,27.6217,28.6331,0.001
0.497,0.547,24.9746,27.6631,28.6795,0.001
0.4971,0.5471,24.9833,27.6954,28.7305,0.001
0.4972,0.5472,25.0269,27.7368,28.7537,0.001
0.4973,0.5473,25.0618,27.7599,28.7861,0.001
0.4974,0.5474,25.0662,27.7921,28.814,0.001
0.4975,0.5475,25.0662,27.8106,28.8418,0.001
0.4976,0.5476,25.0531,27.8474,28.8696,0.001
0.4977,0.5477,25.0051,27.8797,28.9067,0.001
0.4978,0.5478,24.9702,27.9119,28.9716,0.001
0.4979,0.5479,24.944,27.9395,28.9995,0.001
0.498,0.548,24.9091,27.9626,29.0273,0.001
0.4981,0.5481,24.9266,27.981,29.0412,0.001
0.4982,0.5482,24.9484,27.9902,29.069,0.001
0.4983,0.5483,24.9833,28.0317,29.0783,0.001
0.4984,0.5484,25.0226,28.0455,29.0783,0.001
0.4985,0.5485,25.0793,28.0962,29.1015,0.001
0.4986,0.5486,25.1316,28.1514,29.12,0.001
0.4987,0.5487,25.1622,28.1975,29.1339,0.001
0.4988,0.5488,25.184,28.2159,29.1571,0.001
0.4989,0.5489,25.1796,28.2251,29.1664,0.001
0.499,0.549,25.1883,28.2113,29.185,0.001
0.4991,0.5491,25.2014,28.2021,29.1896,0.001
0.4992,0.5492,25.2145,28.1745,29.2035,0.001
0.4993,0.5493,25.2232,28.1699,29.2174,0.001
0.4994,0.5494,25.2407,28.1745,29.2592,0.001
0.4995,0.5495,25.2756,28.2021,29.2916,0.001
0.4996,0.5496,25.2712,28.2712,29.338,0.001
0.4997,0.5497,25.2887,28.3357,29.3797,0.001
0.4998,0.5498,25.3148,28.4094,29.3565,0.001
0.4999,0.5499,25.3323,28.4693,29.3658,0.001
0.5,0.55,25.3497,28.4693,29.3241,0.001
