time,time_sim,p_s1_bar,p_s2_bar,p_s3_bar,valve_theta
-0.0499,0.0001,8.99493,8.12344,7.36869,0.997577
-0.0498,0.0002,9.00801,8.15568,7.34551,1
-0.0497,0.0003,8.96875,8.15108,7.32696,1
-0.0496,0.0004,8.93822,8.15568,7.33623,1
-0.0495,0.0005,8.92949,8.15108,7.33623,1
-0.0494,0.0006,8.96003,8.1741,7.36406,1
-0.0493,0.0007,8.94258,8.1741,7.31305,0.999675
-0.0492,0.0008,8.94694,8.15568,7.33623,0.998624
-0.0491,0.0009,8.96439,8.16029,7.35942,1
-0.049,0.001,8.95567,8.17871,7.34551,1
-0.0489,0.0011,8.96439,8.1695,7.35478,0.999151
-0.0488,0.0012,8.99056,8.18792,7.33623,1
-0.0487,0.0013,8.98184,8.17871,7.32232,0.999151
-0.0486,0.0014,8.96003,8.17871,7.32232,0.999675
-0.0485,0.0015,8.9513,8.15108,7.30377,1
-0.0484,0.0016,8.95567,8.15108,7.2945,1
-0.0483,0.0017,8.96003,8.18332,7.30841,1
-0.0482,0.0018,8.94258,8.18792,7.29913,0.998624
-0.0481,0.0019,8.93822,8.1695,7.31305,1
-0.048,0.002,8.94258,8.15108,7.32696,1
-0.0479,0.0021,8.94258,8.13265,7.31768,1
-0.0478,0.0022,8.94694,8.16029,7.30841,0.999151
-0.0477,0.0023,8.97311,8.16489,7.31768,1
-0.0476,0.0024,8.97311,8.16489,7.31305,1
-0.0475,0.0025,8.94258,8.1741,7.30841,1
-0.0474,0.0026,8.91204,8.1695,7.30841,1
-0.0473,0.0027,8.90332,8.17871,7.29913,1
-0.0472,0.0028,8.89459,8.17871,7.2945,1
-0.0471,0.0029,8.91204,8.18792,7.30841,1
-0.047,0.003,8.92513,8.1741,7.31305,1
-0.0469,0.0031,8.94258,8.1695,7.31305,0.999675
-0.0468,0.0032,8.96439,8.18332,7.2945,1
-0.0467,0.0033,8.93822,8.1741,7.29913,1
-0.0466,0.0034,8.91204,8.16029,7.2945,1
-0.0465,0.0035,8.94258,8.17871,7.28522,1
-0.0464,0.0036,8.94694,8.1741,7.27131,1
-0.0463,0.0037,8.91204,8.19253,7.2574,1
-0.0462,0.0038,8.88587,8.18792,7.28522,0.998624
-0.0461,0.0039,8.90332,8.19713,7.30841,1
-0.046,0.004,8.92513,8.17871,7.28986,0.9981
-0.0459,0.0041,8.91641,8.17871,7.30841,1
-0.0458,0.0042,8.90332,8.22477,7.29913,0.996005
-0.0457,0.0043,8.93385,8.23398,7.27595,0.999675
-0.0456,0.0044,8.94258,8.19713,7.27595,1
-0.0455,0.0045,8.92513,8.18332,7.27131,1
-0.0454,0.0046,8.91641,8.21095,7.28986,0.997577
-0.0453,0.0047,8.91204,8.19253,7.27131,1
-0.0452,0.0048,8.90332,8.18792,7.27595,1
-0.0451,0.0049,8.89023,8.20635,7.27131,0.999151
-0.045,0.005,8.91641,8.20174,7.27595,1
-0.0449,0.0051,8.93822,8.18792,7.26204,1
-0.0448,0.0052,8.91641,8.17871,7.29913,0.999675
-0.0447,0.0053,8.90768,8.18332,7.30377,1
-0.0446,0.0054,8.92949,8.19713,7.2945,1
-0.0445,0.0055,8.93385,8.20635,7.2945,0.998624
-0.0444,0.0056,8.92513,8.20174,7.28986,0.998624
-0.0443,0.0057,8.90332,8.20174,7.28986,1
-0.0442,0.0058,8.92077,8.21095,7.28986,1
-0.0441,0.0059,8.95567,8.21556,7.31305,1
-0.044,0.006,8.93385,8.21556,7.31305,1
-0.0439,0.0061,8.92077,8.22937,7.2945,1
-0.0438,0.0062,8.92513,8.19713,7.2945,1
-0.0437,0.0063,8.94694,8.16489,7.30841,1
-0.0436,0.0064,8.92513,8.17871,7.33159,1
-0.0435,0.0065,8.92949,8.1741,7.29913,0.999151
-0.0434,0.0066,8.93385,8.16029,7.23421,1
-0.0433,0.0067,8.94258,8.16029,7.21566,1
-0.0432,0.0068,8.92513,8.16489,7.22494,0.997577
-0.0431,0.0069,8.90332,8.16029,7.27131,1
-0.043,0.007,8.89896,8.15568,7.29913,0.9981
-0.0429,0.0071,8.93822,8.15108,7.30377,0.999151
-0.0428,0.0072,8.93385,8.1741,7.28986,1
-0.0427,0.0073,8.94258,8.16029,7.31768,1
-0.0426,0.0074,8.96003,8.13726,7.35014,0.999675
-0.0425,0.0075,8.94258,8.13265,7.32232,1
-0.0424,0.0076,8.93385,8.13726,7.29913,1
-0.0423,0.0077,8.94258,8.14647,7.29913,1
-0.0422,0.0078,8.95567,8.14186,7.33159,1
-0.0421,0.0079,8.93385,8.13265,7.36869,0.998624
-0.042,0.008,8.94258,8.14647,7.33623,0.999675
-0.0419,0.0081,8.92513,8.13265,7.27595,0.994957
-0.0418,0.0082,8.92949,8.12344,7.28986,1
-0.0417,0.0083,8.92077,8.12805,7.23421,1
-0.0416,0.0084,8.92077,8.14647,7.23885,0.999151
-0.0415,0.0085,8.94258,8.13726,7.31305,1
-0.0414,0.0086,8.94258,8.12805,7.30377,1
-0.0413,0.0087,8.92513,8.1695,7.29913,0.998624
-0.0412,0.0088,8.92513,8.1741,7.34087,1
-0.0411,0.0089,8.93822,8.18332,7.3826,1
-0.041,0.009,8.97311,8.19253,7.37333,1
-0.0409,0.0091,8.97311,8.20635,7.32232,1
-0.0408,0.0092,8.94694,8.19253,7.31305,1
-0.0407,0.0093,8.93822,8.16489,7.30377,1
-0.0406,0.0094,8.93822,8.19253,7.34087,1
-0.0405,0.0095,8.94694,8.17871,7.33623,0.998624
-0.0404,0.0096,8.94258,8.15568,7.2945,0.997577
-0.0403,0.0097,8.92513,8.14186,7.28522,1
-0.0402,0.0098,8.96003,8.1695,7.28986,1
-0.0401,0.0099,8.95567,8.16029,7.2945,1
-0.04,0.01,8.94258,8.16029,7.27595,1
-0.0399,0.0101,8.96439,8.16489,7.27595,1
-0.0398,0.0102,8.96875,8.16029,7.31768,1
-0.0397,0.0103,8.97311,8.1741,7.35478,1
-0.0396,0.0104,8.95567,8.12805,7.36869,1
-0.0395,0.0105,8.96003,8.13726,7.36869,1
-0.0394,0.0106,8.97748,8.14186,7.29913,1
-0.0393,0.0107,8.97311,8.14647,7.31768,0.9981
-0.0392,0.0108,8.97311,8.16489,7.37333,1
-0.0391,0.0109,8.96875,8.12805,7.38724,1
-0.039,0.011,8.96003,8.11423,7.36869,0.999675
-0.0389,0.0111,8.94694,8.14186,7.34087,0.9981
-0.0388,0.0112,8.93385,8.14186,7.28986,0.999675
-0.0387,0.0113,8.93385,8.15568,7.24349,1
-0.0386,0.0114,8.91204,8.16489,7.25276,1
-0.0385,0.0115,8.90332,8.13265,7.30841,1
-0.0384,0.0116,8.89023,8.10962,7.30841,1
-0.0383,0.0117,8.89023,8.09581,7.33159,0.998624
-0.0382,0.0118,8.89896,8.14647,7.36406,0.9981
-0.0381,0.0119,8.92949,8.20174,7.34551,0.999675
-0.038,0.012,8.92077,8.19253,7.2945,0.999151
-0.0379,0.0121,8.91641,8.21556,7.24349,0.996529
-0.0378,0.0122,8.92077,8.23398,7.25276,1
-0.0377,0.0123,8.94258,8.23398,7.23885,1
-0.0376,0.0124,8.93822,8.21095,7.27595,0.99391
-0.0375,0.0125,8.92077,8.18332,7.2945,1
-0.0374,0.0126,8.92077,8.15568,7.2945,0.9981
-0.0373,0.0127,8.91641,8.15568,7.32232,0.997053
-0.0372,0.0128,8.89459,8.20635,7.35014,0.995481
-0.0371,0.0129,8.89023,8.18792,7.32232,0.997577
-0.037,0.013,8.91641,8.13265,7.28986,1
-0.0369,0.0131,8.91204,8.10041,7.29913,0.999675
-0.0368,0.0132,8.92513,8.07278,7.30841,0.999675
-0.0367,0.0133,8.93385,8.07278,7.32232,0.998624
-0.0366,0.0134,8.91204,8.08659,7.37797,0.999151
-0.0365,0.0135,8.88151,8.12805,7.36869,0.998624
-0.0364,0.0136,8.90768,8.13726,7.35478,1
-0.0363,0.0137,8.94694,8.17871,7.28986,1
-0.0362,0.0138,8.94258,8.21556,7.24812,1
-0.0361,0.0139,8.93822,8.1741,7.24812,0.999675
-0.036,0.014,8.94258,8.15108,7.24349,0.997053
-0.0359,0.0141,8.93385,8.16489,7.28522,0.999675
-0.0358,0.0142,8.92513,8.1695,7.31305,0.999675
-0.0357,0.0143,8.94694,8.16489,7.28059,0.997053
-0.0356,0.0144,8.92949,8.21556,7.2203,0.9981
-0.0355,0.0145,8.91641,8.19253,7.21566,0.998624
-0.0354,0.0146,8.91204,8.17871,7.2574,0.997577
-0.0353,0.0147,8.92077,8.16489,7.28059,0.999675
-0.0352,0.0148,8.92077,8.18332,7.30841,1
-0.0351,0.0149,8.90332,8.21095,7.32232,1
-0.035,0.015,8.93385,8.18792,7.30377,1
-0.0349,0.0151,8.94258,8.18792,7.27595,1
-0.0348,0.0152,8.93822,8.22477,7.24812,1
-0.0347,0.0153,8.93822,8.23398,7.25276,1
-0.0346,0.0154,8.94694,8.23398,7.2945,0.999151
-0.0345,0.0155,8.92949,8.18332,7.28522,1
-0.0344,0.0156,8.92513,8.15568,7.2574,0.999675
-0.0343,0.0157,8.9513,8.19253,7.24812,1
-0.0342,0.0158,8.92513,8.22937,7.25276,1
-0.0341,0.0159,8.90332,8.22016,7.26667,1
-0.034,0.016,8.93385,8.22016,7.26204,1
-0.0339,0.0161,8.92949,8.17871,7.24349,1
-0.0338,0.0162,8.91641,8.13265,7.27131,1
-0.0337,0.0163,8.91641,8.09581,7.31768,0.999151
-0.0336,0.0164,8.86842,8.10962,7.29913,1
-0.0335,0.0165,8.84225,8.1695,7.29913,1
-0.0334,0.0166,8.85097,8.18792,7.31768,0.999151
-0.0333,0.0167,8.90768,8.22937,7.2945,1
-0.0332,0.0168,8.91641,8.2478,7.28059,1
-0.0331,0.0169,8.90768,8.18792,7.28059,1
-0.033,0.017,8.92949,8.15568,7.2574,0.997577
-0.0329,0.0171,8.94694,8.17871,7.23421,1
-0.0328,0.0172,8.9513,8.1695,7.26667,0.998624
-0.0327,0.0173,8.93822,8.1741,7.2945,0.999151
-0.0326,0.0174,8.92513,8.15108,7.28059,1
-0.0325,0.0175,8.90332,8.15108,7.2574,0.999151
-0.0324,0.0176,8.93385,8.15568,7.2203,1
-0.0323,0.0177,8.96003,8.20635,7.23421,1
-0.0322,0.0178,8.94258,8.20174,7.26667,0.997577
-0.0321,0.0179,8.89459,8.16029,7.27595,0.998624
-0.032,0.018,8.88151,8.14647,7.26667,1
-0.0319,0.0181,8.86842,8.16029,7.26667,0.999151
-0.0318,0.0182,8.8597,8.18332,7.27595,0.998624
-0.0317,0.0183,8.89896,8.20174,7.27131,0.998624
-0.0316,0.0184,8.92949,8.26162,7.28522,0.997053
-0.0315,0.0185,8.93822,8.23859,7.30377,1
-0.0314,0.0186,8.96439,8.21095,7.29913,0.999151
-0.0313,0.0187,8.97311,8.16489,7.33623,0.999151
-0.0312,0.0188,8.94258,8.14186,7.32232,0.998624
-0.0311,0.0189,8.92513,8.15568,7.30841,0.997577
-0.031,0.019,8.93385,8.19713,7.30841,1
-0.0309,0.0191,8.95567,8.20635,7.30841,0.998624
-0.0308,0.0192,8.96003,8.22937,7.34551,0.996529
-0.0307,0.0193,8.96439,8.19253,7.40115,0.999675
-0.0306,0.0194,8.94258,8.14186,7.35478,0.994957
-0.0305,0.0195,8.91204,8.12805,7.34551,0.999675
-0.0304,0.0196,8.93822,8.16029,7.38724,1
-0.0303,0.0197,8.93385,8.18792,7.36869,0.995481
-0.0302,0.0198,8.96003,8.19253,7.33623,0.997577
-0.0301,0.0199,8.96439,8.18332,7.33623,0.996529
-0.03,0.02,9.00365,8.13265,7.34551,0.998624
-0.0299,0.0201,9.02546,8.10041,7.36869,1
-0.0298,0.0202,9.00365,8.07278,7.33623,0.9981
-0.0297,0.0203,8.9862,8.08659,7.36406,0.996005
-0.0296,0.0204,8.9513,8.10041,7.37797,0.997577
-0.0295,0.0205,8.96875,8.08659,7.33159,0.996529
-0.0294,0.0206,9.02546,8.10041,7.32696,0.997053
-0.0293,0.0207,9.06036,8.09581,7.32696,0.994957
-0.0292,0.0208,9.00801,8.11883,7.33159,0.996529
-0.0291,0.0209,8.96439,8.12805,7.31305,1
-0.029,0.021,8.92513,8.11883,7.27131,0.996005
-0.0289,0.0211,8.88151,8.13265,7.28986,0.997577
-0.0288,0.0212,8.82916,8.1695,7.30377,0.997053
-0.0287,0.0213,8.86842,8.17871,7.28059,0.994957
-0.0286,0.0214,8.93822,8.19713,7.28059,0.994957
-0.0285,0.0215,8.94694,8.19253,7.28986,0.999151
-0.0284,0.0216,8.99056,8.17871,7.2945,1
-0.0283,0.0217,8.97748,8.16489,7.34087,0.996529
-0.0282,0.0218,8.90768,8.16029,7.34551,0.996005
-0.0281,0.0219,8.89459,8.15108,7.31305,0.9981
-0.028,0.022,8.93822,8.10502,7.34087,0.998624
-0.0279,0.0221,8.94258,8.11883,7.32232,0.996529
-0.0278,0.0222,8.93822,8.11423,7.28522,0.996529
-0.0277,0.0223,8.93385,8.12805,7.28986,0.997053
-0.0276,0.0224,8.92077,8.10962,7.2945,0.996005
-0.0275,0.0225,8.93822,8.0912,7.35478,0.997577
-0.0274,0.0226,8.96003,8.07278,7.35478,0.996005
-0.0273,0.0227,8.93385,8.10502,7.35014,0.995481
-0.0272,0.0228,8.92077,8.14186,7.30841,0.997577
-0.0271,0.0229,8.93385,8.14186,7.28522,0.997577
-0.027,0.023,8.9513,8.13265,7.27131,0.996005
-0.0269,0.0231,8.93385,8.15108,7.28986,0.996005
-0.0268,0.0232,8.93822,8.1695,7.32696,0.996005
-0.0267,0.0233,8.96875,8.15568,7.33159,0.997577
-0.0266,0.0234,8.96003,8.17871,7.30377,0.999675
-0.0265,0.0235,8.94694,8.18792,7.28986,0.996529
-0.0264,0.0236,8.91204,8.21556,7.2945,0.999151
-0.0263,0.0237,8.91204,8.26622,7.32232,0.996529
-0.0262,0.0238,8.93822,8.27543,7.30841,0.997053
-0.0261,0.0239,8.9513,8.23398,7.28522,0.997053
-0.026,0.024,8.97311,8.20174,7.28986,0.999675
-0.0259,0.0241,8.94694,8.19253,7.30841,0.999151
-0.0258,0.0242,8.90332,8.22477,7.30841,0.995481
-0.0257,0.0243,8.90768,8.22016,7.32696,0.999675
-0.0256,0.0244,8.96439,8.18792,7.33623,0.997577
-0.0255,0.0245,8.99493,8.19253,7.35014,1
-0.0254,0.0246,9.00365,8.1741,7.34551,0.994434
-0.0253,0.0247,8.99493,8.16029,7.36406,0.9981
-0.0252,0.0248,8.94694,8.15568,7.36869,0.995481
-0.0251,0.0249,8.92077,8.15568,7.37797,0.9981
-0.025,0.025,8.90332,8.13726,7.36869,1
-0.0249,0.0251,8.8597,8.16489,7.33159,0.9981
-0.0248,0.0252,8.87278,8.20635,7.31768,0.997053
-0.0247,0.0253,8.92077,8.24319,7.2945,0.996005
-0.0246,0.0254,8.89896,8.28464,7.29913,0.9981
-0.0245,0.0255,8.88587,8.26162,7.32232,1
-0.0244,0.0256,8.86842,8.26162,7.34551,1
-0.0243,0.0257,8.85533,8.26162,7.31768,0.9981
-0.0242,0.0258,8.85097,8.2478,7.31305,0.999151
-0.0241,0.0259,8.86842,8.21556,7.2945,0.9981
-0.024,0.026,8.89896,8.19713,7.32232,1
-0.0239,0.0261,8.93822,8.24319,7.34087,1
-0.0238,0.0262,8.94258,8.23398,7.34551,0.994957
-0.0237,0.0263,8.96439,8.22477,7.34087,0.9981
-0.0236,0.0264,8.93822,8.21095,7.34551,0.994434
-0.0235,0.0265,8.90332,8.19253,7.34551,0.996005
-0.0234,0.0266,8.86842,8.16489,7.33159,0.999151
-0.0233,0.0267,8.86842,8.20635,7.31768,0.9981
-0.0232,0.0268,8.89896,8.20174,7.30377,0.9981
-0.0231,0.0269,8.90332,8.17871,7.32232,0.996529
-0.023,0.027,8.87278,8.15568,7.31768,0.999675
-0.0229,0.0271,8.86406,8.12805,7.30841,0.999675
-0.0228,0.0272,8.86842,8.09581,7.29913,0.997577
-0.0227,0.0273,8.88151,8.11423,7.31305,0.998624
-0.0226,0.0274,8.90768,8.13265,7.32696,0.997053
-0.0225,0.0275,8.93385,8.15108,7.31305,0.997577
-0.0224,0.0276,8.97311,8.19713,7.32232,0.996529
-0.0223,0.0277,8.97748,8.20174,7.35478,0.998624
-0.0222,0.0278,8.93822,8.18792,7.35478,0.995481
-0.0221,0.0279,8.94258,8.13265,7.35478,0.997053
-0.022,0.028,8.94258,8.15108,7.35478,0.996529
-0.0219,0.0281,8.93822,8.19253,7.36869,0.996005
-0.0218,0.0282,8.96003,8.23398,7.34551,0.999675
-0.0217,0.0283,8.96439,8.23398,7.28522,0.994957
-0.0216,0.0284,8.99056,8.23398,7.32232,0.997577
-0.0215,0.0285,8.97311,8.22937,7.37333,0.997053
-0.0214,0.0286,8.97748,8.23398,7.35014,0.994957
-0.0213,0.0287,8.95567,8.20174,7.34087,0.999151
-0.0212,0.0288,8.89896,8.14647,7.33159,0.9981
-0.0211,0.0289,8.88587,8.13726,7.31305,0.9981
-0.021,0.029,8.92513,8.14647,7.2945,0.994957
-0.0209,0.0291,8.97311,8.20174,7.2945,0.9981
-0.0208,0.0292,8.9862,8.21556,7.28986,0.997053
-0.0207,0.0293,8.95567,8.22016,7.30841,0.994957
-0.0206,0.0294,8.95567,8.22016,7.30841,0.992338
-0.0205,0.0295,8.94694,8.19253,7.33623,0.996529
-0.0204,0.0296,8.92513,8.20635,7.32232,0.995481
-0.0203,0.0297,8.94258,8.22477,7.28986,0.999151
-0.0202,0.0298,8.96003,8.22477,7.27595,0.996529
-0.0201,0.0299,8.99929,8.21095,7.31768,0.994434
-0.02,0.03,9.01674,8.23398,7.3826,0.997053
-0.0199,0.0301,9.01237,8.22937,7.3826,0.997053
-0.0198,0.0302,8.9862,8.22016,7.36869,0.997053
-0.0197,0.0303,8.97748,8.20174,7.34087,0.996005
-0.0196,0.0304,8.97748,8.20635,7.31768,0.996529
-0.0195,0.0305,8.99493,8.21095,7.32696,0.997053
-0.0194,0.0306,9.0211,8.20635,7.32232,0.996005
-0.0193,0.0307,8.98184,8.20174,7.31305,0.997053
-0.0192,0.0308,8.96003,8.20174,7.31305,0.996529
-0.0191,0.0309,8.94258,8.19253,7.33623,0.997053
-0.019,0.031,8.96875,8.20174,7.35014,0.997053
-0.0189,0.0311,8.94258,8.19253,7.34087,0.998624
-0.0188,0.0312,8.91641,8.15568,7.32232,0.997577
-0.0187,0.0313,8.95567,8.12805,7.26204,0.996529
-0.0186,0.0314,8.96003,8.11883,7.2574,0.997577
-0.0185,0.0315,8.98184,8.15108,7.32696,0.996529
-0.0184,0.0316,8.97311,8.16029,7.31305,0.997053
-0.0183,0.0317,8.95567,8.14647,7.2574,0.996529
-0.0182,0.0318,8.96003,8.12805,7.22494,0.995481
-0.0181,0.0319,8.94258,8.13265,7.19711,0.9981
-0.018,0.032,8.92077,8.14647,7.22494,0.999151
-0.0179,0.0321,8.92077,8.1741,7.22958,0.997577
-0.0178,0.0322,8.93822,8.22937,7.23421,0.997577
-0.0177,0.0323,8.95567,8.27083,7.25276,0.997577
-0.0176,0.0324,8.98184,8.26622,7.26204,0.9981
-0.0175,0.0325,8.96875,8.24319,7.30841,0.994957
-0.0174,0.0326,8.96003,8.26162,7.27131,0.996529
-0.0173,0.0327,8.92513,8.28004,7.23421,0.9981
-0.0172,0.0328,8.92949,8.26622,7.27131,0.994957
-0.0171,0.0329,8.96439,8.26622,7.26204,0.995481
-0.017,0.033,8.98184,8.27543,7.31768,0.999151
-0.0169,0.0331,8.99056,8.27543,7.35014,0.997053
-0.0168,0.0332,8.96875,8.20635,7.33159,0.994434
-0.0167,0.0333,8.97748,8.19713,7.35014,0.997053
-0.0166,0.0334,8.97748,8.18332,7.32232,1
-0.0165,0.0335,8.93385,8.16029,7.31768,0.997053
-0.0164,0.0336,8.93822,8.10962,7.2945,0.999151
-0.0163,0.0337,8.9513,8.10962,7.28522,0.994957
-0.0162,0.0338,8.97311,8.13726,7.34087,0.997577
-0.0161,0.0339,8.97311,8.15568,7.34087,0.997053
-0.016,0.034,8.97748,8.15568,7.27595,0.996529
-0.0159,0.0341,8.96875,8.1695,7.26204,1
-0.0158,0.0342,8.98184,8.16029,7.26667,0.998624
-0.0157,0.0343,9.0211,8.1695,7.2574,0.999151
-0.0156,0.0344,8.99493,8.20635,7.25276,0.998624
-0.0155,0.0345,9.01237,8.22937,7.24812,1
-0.0154,0.0346,9.01674,8.2478,7.26204,0.995481
-0.0153,0.0347,9.0211,8.27543,7.26667,0.997053
-0.0152,0.0348,8.97311,8.29846,7.30841,0.999151
-0.0151,0.0349,8.93822,8.27543,7.32232,0.996529
-0.015,0.035,8.89459,8.27083,7.2945,0.9981
-0.0149,0.0351,8.88151,8.2524,7.2945,0.996529
-0.0148,0.0352,8.89459,8.23398,7.30841,1
-0.0147,0.0353,8.94258,8.24319,7.33623,0.997577
-0.0146,0.0354,8.93385,8.23859,7.31768,0.997577
-0.0145,0.0355,8.89896,8.22937,7.30377,0.999675
-0.0144,0.0356,8.92077,8.18792,7.33623,0.996005
-0.0143,0.0357,8.92513,8.16029,7.33159,0.997577
-0.0142,0.0358,8.92513,8.12805,7.30841,0.998624
-0.0141,0.0359,8.95567,8.11883,7.28522,0.995481
-0.014,0.036,8.9513,8.13265,7.26204,0.9981
-0.0139,0.0361,8.92949,8.17871,7.25276,0.9981
-0.0138,0.0362,8.92949,8.15568,7.28522,0.996005
-0.0137,0.0363,8.93822,8.14186,7.33623,0.996529
-0.0136,0.0364,8.90768,8.15108,7.32696,0.999151
-0.0135,0.0365,8.89459,8.18332,7.2945,0.998624
-0.0134,0.0366,8.85533,8.17871,7.27131,0.998624
-0.0133,0.0367,8.87278,8.16029,7.28522,0.994434
-0.0132,0.0368,8.86842,8.14186,7.2945,0.996529
-0.0131,0.0369,8.87714,8.16489,7.36869,0.999675
-0.013,0.037,8.88151,8.1695,7.37333,0.997577
-0.0129,0.0371,8.89459,8.1741,7.37797,0.998624
-0.0128,0.0372,8.93822,8.18332,7.37333,0.996529
-0.0127,0.0373,8.93822,8.18792,7.34087,0.994957
-0.0126,0.0374,8.94258,8.19713,7.35478,0.997577
-0.0125,0.0375,8.96003,8.1741,7.34551,0.996529
-0.0124,0.0376,8.97748,8.1741,7.37797,0.997053
-0.0123,0.0377,8.97748,8.1741,7.43825,0.996529
-0.0122,0.0378,8.96003,8.13726,7.42434,0.994957
-0.0121,0.0379,8.93385,8.15108,7.40115,0.997577
-0.012,0.038,8.91641,8.16029,7.35014,0.997053
-0.0119,0.0381,8.89896,8.1741,7.30841,0.994434
-0.0118,0.0382,8.91641,8.12344,7.33623,0.999675
-0.0117,0.0383,8.94694,8.10502,7.32232,0.995481
-0.0116,0.0384,8.93385,8.13726,7.28986,0.994957
-0.0115,0.0385,8.91204,8.15568,7.28059,0.998624
-0.0114,0.0386,8.92949,8.16489,7.28986,0.997053
-0.0113,0.0387,8.92949,8.1695,7.30841,0.995481
-0.0112,0.0388,8.92077,8.21095,7.31305,0.995481
-0.0111,0.0389,8.92077,8.1695,7.30841,0.996529
-0.011,0.039,8.9513,8.15108,7.30841,0.997053
-0.0109,0.0391,8.96875,8.1695,7.32696,0.9981
-0.0108,0.0392,8.96003,8.20635,7.34087,0.996529
-0.0107,0.0393,8.97311,8.23398,7.36869,0.996529
-0.0106,0.0394,8.96875,8.21556,7.37797,0.995481
-0.0105,0.0395,8.94258,8.22937,7.39188,0.996529
-0.0104,0.0396,8.95567,8.20174,7.3826,1
-0.0103,0.0397,8.96003,8.15568,7.37333,0.996005
-0.0102,0.0398,8.96875,8.16029,7.39652,0.999151
-0.0101,0.0399,8.97311,8.16489,7.41043,0.995481
-0.01,0.04,8.96439,8.16029,7.39188,0.996529
-0.0099,0.0401,8.96003,8.16029,7.39188,0.997577
-0.0098,0.0402,8.93822,8.14647,7.36869,0.998624
-0.0097,0.0403,8.95567,8.15108,7.33159,0.996529
-0.0096,0.0404,8.93822,8.12344,7.31305,0.994957
-0.0095,0.0405,8.9513,8.11423,7.28522,0.996005
-0.0094,0.0406,8.94694,8.12344,7.25276,0.995481
-0.0093,0.0407,8.93385,8.13265,7.2203,0.996529
-0.0092,0.0408,8.92077,8.12344,7.28986,0.995481
-0.0091,0.0409,8.92077,8.14186,7.32232,0.994957
-0.009,0.041,8.92077,8.14186,7.31768,0.996529
-0.0089,0.0411,8.89023,8.14186,7.27595,0.994957
-0.0088,0.0412,8.89459,8.16029,7.22958,0.996529
-0.0087,0.0413,8.92077,8.16029,7.24812,0.997577
-0.0086,0.0414,8.96003,8.16029,7.27131,0.994434
-0.0085,0.0415,8.92077,8.13726,7.2945,0.994957
-0.0084,0.0416,8.89023,8.13726,7.32696,0.997053
-0.0083,0.0417,8.86842,8.15108,7.33623,0.994957
-0.0082,0.0418,8.85533,8.1695,7.31305,0.994957
-0.0081,0.0419,8.86842,8.19713,7.32696,0.994957
-0.008,0.042,8.88151,8.19253,7.32232,0.999675
-0.0079,0.0421,8.88151,8.19253,7.35014,0.992338
-0.0078,0.0422,8.87278,8.16489,7.34087,0.990767
-0.0077,0.0423,8.85533,8.1695,7.32232,0.995481
-0.0076,0.0424,8.84661,8.1695,7.31768,0.989716
-0.0075,0.0425,8.8597,8.16489,7.31768,0.991814
-0.0074,0.0426,8.85533,8.19713,7.27131,0.991814
-0.0073,0.0427,8.85097,8.19713,7.26204,0.989716
-0.0072,0.0428,8.87714,8.19713,7.27595,0.987621
-0.0071,0.0429,8.90332,8.1741,7.2945,0.989716
-0.007,0.043,8.89023,8.16029,7.29913,0.985525
-0.0069,0.0431,8.89023,8.18792,7.30377,0.984478
-0.0068,0.0432,8.91204,8.19253,7.32232,0.986573
-0.0067,0.0433,8.94258,8.17871,7.28986,0.983954
-0.0066,0.0434,8.93385,8.18792,7.27131,0.983954
-0.0065,0.0435,8.89896,8.1741,7.24349,0.988144
-0.0064,0.0436,8.92513,8.18792,7.28522,0.986049
-0.0063,0.0437,8.96003,8.21095,7.33159,0.988668
-0.0062,0.0438,8.89896,8.23398,7.30841,0.986049
-0.0061,0.0439,8.85097,8.23398,7.2945,0.99024
-0.006,0.044,8.90332,8.22477,7.33159,0.990767
-0.0059,0.0441,8.93385,8.23859,7.32232,0.989716
-0.0058,0.0442,8.94694,8.23398,7.36869,0.989716
-0.0057,0.0443,8.95567,8.22016,7.37333,0.99391
-0.0056,0.0444,8.96439,8.21556,7.31768,0.986049
-0.0055,0.0445,8.96439,8.21556,7.30841,0.986049
-0.0054,0.0446,8.96875,8.20174,7.30377,0.987097
-0.0053,0.0447,8.96439,8.2478,7.31768,0.984478
-0.0052,0.0448,8.96875,8.23398,7.34551,0.984478
-0.0051,0.0449,8.94694,8.22477,7.34551,0.985002
-0.005,0.045,8.94694,8.19253,7.31305,0.985002
-0.0049,0.0451,8.98184,8.19253,7.28522,0.982382
-0.0048,0.0452,8.97311,8.1695,7.28522,0.980284
-0.0047,0.0453,8.94694,8.1695,7.32232,0.98343
-0.0046,0.0454,8.92077,8.13726,7.2945,0.980808
-0.0045,0.0455,8.92513,8.13726,7.29913,0.976093
-0.0044,0.0456,8.93385,8.12805,7.27595,0.978712
-0.0043,0.0457,8.91204,8.11883,7.23885,0.981855
-0.0042,0.0458,8.90768,8.16489,7.24349,0.978712
-0.0041,0.0459,8.91204,8.18332,7.28522,0.97976
-0.004,0.046,8.93385,8.17871,7.2574,0.979236
-0.0039,0.0461,8.94258,8.1695,7.26667,0.978712
-0.0038,0.0462,8.92949,8.16489,7.2574,0.979236
-0.0037,0.0463,8.92077,8.1741,7.27131,0.976093
-0.0036,0.0464,8.94258,8.15568,7.2203,0.977665
-0.0035,0.0465,8.9513,8.17871,7.2574,0.980808
-0.0034,0.0466,8.9513,8.1695,7.2945,0.975569
-0.0033,0.0467,8.9513,8.15568,7.32232,0.973998
-0.0032,0.0468,8.94694,8.13726,7.34087,0.976617
-0.0031,0.0469,8.94258,8.11883,7.35942,0.978712
-0.003,0.047,8.93385,8.13726,7.33159,0.977665
-0.0029,0.0471,8.94258,8.10962,7.31305,0.976617
-0.0028,0.0472,8.93822,8.0912,7.31768,0.974522
-0.0027,0.0473,8.94694,8.11883,7.30841,0.976617
-0.0026,0.0474,8.97748,8.12805,7.31768,0.973998
-0.0025,0.0475,9.01237,8.10962,7.32232,0.981332
-0.0024,0.0476,9.01237,8.10041,7.2945,0.980284
-0.0023,0.0477,8.99493,8.08199,7.28059,0.978189
-0.0022,0.0478,8.98184,8.11423,7.32232,0.976093
-0.0021,0.0479,8.99929,8.14647,7.30841,0.978712
-0.002,0.048,9.03419,8.18792,7.28522,0.973998
-0.0019,0.0481,9.02982,8.21556,7.28522,0.975569
-0.0018,0.0482,8.99929,8.1695,7.33159,0.973998
-0.0017,0.0483,8.99056,8.11883,7.33159,0.975569
-0.0016,0.0484,8.96439,8.13726,7.32232,0.973998
-0.0015,0.0485,8.95567,8.14186,7.36406,0.968757
-0.0014,0.0486,8.9513,8.14647,7.31768,0.96928
-0.0013,0.0487,8.94258,8.14186,7.29913,0.962467
-0.0012,0.0488,8.95567,8.14647,7.32696,0.967709
-0.0011,0.0489,8.98184,8.18332,7.35942,0.967185
-0.001,0.049,8.9862,8.19713,7.36869,0.967709
-0.0009,0.0491,8.97748,8.21556,7.37333,0.964039
-0.0008,0.0492,8.96003,8.2478,7.36406,0.96509
-0.0007,0.0493,8.9513,8.23398,7.36869,0.963515
-0.0006,0.0494,8.98184,8.24319,7.33159,0.964563
-0.0005,0.0495,8.99056,8.22477,7.2574,0.964563
-0.0004,0.0496,9.00365,8.17871,7.2574,0.962467
-0.0003,0.0497,8.9862,8.21095,7.2945,0.964039
-0.0002,0.0498,9.00365,8.23859,7.33623,0.960896
-0.0001,0.0499,8.99929,8.23859,7.32232,0.956705
0,0.05,8.96003,8.23398,7.28986,0.954083
0.0001,0.0501,8.93385,8.21095,7.22494,0.954083
0.0002,0.0502,8.93385,8.20174,7.19711,0.95094
0.0003,0.0503,8.92513,8.19713,7.23421,0.95094
0.0004,0.0504,8.92077,8.22016,7.31768,0.946746
0.0005,0.0505,8.91641,8.18332,7.33623,0.944651
0.0006,0.0506,8.91204,8.16029,7.35014,0.945175
0.0007,0.0507,8.92513,8.13265,7.37333,0.941508
0.0008,0.0508,8.92949,8.15108,7.36869,0.938886
0.0009,0.0509,8.90768,8.1741,7.36406,0.931552
0.001,0.051,8.89459,8.1695,7.36869,0.929977
0.0011,0.0511,8.87278,8.20635,7.34551,0.922117
0.0012,0.0512,8.90332,8.22016,7.35014,0.920022
0.0013,0.0513,8.89459,8.1695,7.35014,0.913209
0.0014,0.0514,8.89896,8.1695,7.34087,0.901158
0.0015,0.0515,8.88587,8.19253,7.31305,0.893297
0.0016,0.0516,8.86406,8.21556,7.24812,0.886484
0.0017,0.0517,8.87714,8.23398,7.2203,0.881246
0.0018,0.0518,8.87714,8.26162,7.2203,0.869191
0.0019,0.0519,8.87714,8.25701,7.21103,0.858712
0.002,0.052,8.88587,8.22937,7.21566,0.853994
0.0021,0.0521,8.87714,8.21556,7.26204,0.843514
0.0022,0.0522,8.87714,8.2524,7.23885,0.833035
0.0023,0.0523,8.86406,8.26622,7.20639,0.825174
0.0024,0.0524,8.85097,8.25701,7.18784,0.819933
0.0025,0.0525,8.84225,8.2478,7.16929,0.803688
0.0026,0.0526,8.85097,8.23398,7.20175,0.790065
0.0027,0.0527,8.90332,8.25701,7.22494,0.771725
0.0028,0.0528,8.92513,8.24319,7.2203,0.765959
0.0029,0.0529,8.96003,8.22016,7.23421,0.750238
0.003,0.053,8.96875,8.18332,7.24812,0.740806
0.0031,0.0531,8.90768,8.17871,7.26667,0.721942
0.0032,0.0532,8.8597,8.21095,7.21103,0.704126
0.0033,0.0533,8.86842,8.18792,7.13683,0.684735
0.0034,0.0534,8.87714,8.19713,7.09046,0.674255
0.0035,0.0535,8.93385,8.1741,7.10901,0.657486
0.0036,0.0536,8.91641,8.14186,7.16002,0.6512
0.0037,0.0537,8.89896,8.18332,7.22958,0.638622
0.0038,0.0538,8.89023,8.22477,7.21566,0.620282
0.0039,0.0539,8.88587,8.23398,7.15074,0.5967
0.004,0.054,8.91204,8.24319,7.24349,0.579931
0.0041,0.0541,8.95567,8.23859,7.23421,0.562115
0.0042,0.0542,8.96875,8.23398,7.1461,0.552683
0.0043,0.0543,8.97748,8.23398,7.1461,0.546394
0.0044,0.0544,8.96003,8.14186,7.2203,0.533819
0.0045,0.0545,8.92077,8.10962,7.26204,0.520193
0.0046,0.0546,8.95567,8.14647,7.28986,0.506043
0.0047,0.0547,8.9862,8.19713,7.30841,0.495563
0.0048,0.0548,8.99056,8.17871,7.37797,0.479842
0.0049,0.0549,8.98184,8.15568,7.42898,0.469362
0.005,0.055,8.9513,8.10502,7.47535,0.465172
0.0051,0.0551,8.95567,8.05435,7.48926,0.45574
0.0052,0.0552,8.93385,8.05896,7.56809,0.446305
0.0053,0.0553,8.92077,8.12805,7.67939,0.436349
0.0054,0.0554,8.90332,8.1695,7.74431,0.424821
0.0055,0.0555,8.86842,8.1741,7.84169,0.413818
0.0056,0.0556,8.86842,8.19253,7.97617,0.398621
0.0057,0.0557,8.92513,8.20174,8.12457,0.384471
0.0058,0.0558,8.92077,8.19713,8.29151,0.373467
0.0059,0.0559,8.92949,8.17871,8.46772,0.364035
0.006,0.056,8.92513,8.19253,8.67176,0.358794
0.0061,0.0561,8.91641,8.1695,8.88972,0.349886
0.0062,0.0562,8.92513,8.1741,9.0613,0.338882
0.0063,0.0563,8.94694,8.1741,9.31635,0.323161
0.0064,0.0564,8.98184,8.16029,9.64559,0.310583
0.0065,0.0565,8.99929,8.13265,9.96556,0.294341
0.0066,0.0566,9.01237,8.10041,10.3458,0.283858
0.0067,0.0567,8.9862,8.07278,10.6983,0.27495
0.0068,0.0568,8.96875,8.08659,11.162,0.263422
0.0069,0.0569,8.96003,8.06817,11.5051,0.244035
0.007,0.057,8.96439,8.06357,11.8112,0.228837
0.0071,0.0571,8.98184,8.10962,12.3445,0.215211
0.0072,0.0572,8.97311,8.06817,12.9334,0.205779
0.0073,0.0573,8.96439,8.0083,13.4714,0.186915
0.0074,0.0574,8.97748,7.98527,14.116,0.168575
0.0075,0.0575,8.98184,8.0129,14.7652,0.158619
0.0076,0.0576,8.99929,8.07738,15.3309,0.138704
0.0077,0.0577,8.97311,8.08199,15.9848,0.122459
0.0078,0.0578,8.92077,8.10041,16.7871,0.110408
0.0079,0.0579,8.92077,8.13265,17.6496,0.0894486
0.008,0.058,8.97311,8.14647,18.5168,0.0784418
0.0081,0.0581,8.99929,8.12805,19.5648,0.0606254
0.0082,0.0582,8.99056,8.10502,20.7798,0.0480504
0.0083,0.0583,8.97311,8.09581,22.2267,0.0438566
0.0084,0.0584,8.94694,8.02672,23.9333,0.045428
0.0085,0.0585,8.94258,8.03593,25.7558,0.061673
0.0086,0.0586,8.97311,8.07738,27.7314,0.0810642
0.0087,0.0587,9.01674,8.10041,29.9991,0.0899724
0.0088,0.0588,9.05163,8.05896,32.8002,0.094163
0.0089,0.0589,9.0211,8.04975,35.9444,0.0925915
0.009,0.059,9.00801,8.10962,38.1797,0.0868262
0.0091,0.0591,8.96003,8.06357,38.8336,0.077918
0.0092,0.0592,8.91204,7.98527,38.9125,0.0758227
0.0093,0.0593,8.84225,8.04054,39.0609,0.0716289
0.0094,0.0594,8.8597,8.0912,39.4644,0.0658668
0.0095,0.0595,8.9513,8.11883,40.0765,0.065343
0.0096,0.0596,8.99929,8.13726,40.9159,0.0711051
0.0097,0.0597,8.94694,8.17871,41.8017,0.0711051
0.0098,0.0598,8.89023,8.2478,42.5252,0.0763465
0.0099,0.0599,8.8248,8.29846,43.0307,0.0773942
0.01,0.06,8.8248,8.29385,43.4017,0.0726798
0.0101,0.0601,8.89459,8.34912,43.5919,0.0669145
0.0102,0.0602,8.94258,8.46888,43.5919,0.0669145
0.0103,0.0603,8.9862,8.54717,43.5223,0.0632445
0.0104,0.0604,9.00365,8.63929,43.6522,0.0611492
0.0105,0.0605,8.99493,8.78668,43.9397,0.0585301
0.0106,0.0606,9.00365,8.93406,44.2179,0.0611492
0.0107,0.0607,9.01237,9.07224,44.3988,0.0637715
0.0108,0.0608,8.9862,9.21041,44.6724,0.0632445
0.0109,0.0609,8.9862,9.43149,44.9368,0.061673
0.011,0.061,8.99493,9.68021,44.9924,0.0637715
0.0111,0.0611,8.97748,9.87366,45.1316,0.0595777
0.0112,0.0612,8.96003,10.1178,45.3449,0.0585301
0.0113,0.0613,8.91641,10.4448,45.5629,0.0574824
0.0114,0.0614,8.87278,10.7257,45.5768,0.0611492
0.0115,0.0615,8.86406,11.0574,45.5861,0.0580063
0.0116,0.0616,8.90332,11.4304,45.4979,0.0632445
0.0117,0.0617,8.89023,11.9049,45.4608,0.0621968
0.0118,0.0618,8.93822,12.3102,45.5629,0.0580063
0.0119,0.0619,8.96439,12.6188,45.8829,0.0475266
0.012,0.062,8.96003,13.1116,46.3281,0.0433327
0.0121,0.0621,8.89459,13.7519,46.5136,0.0480504
0.0122,0.0622,8.83352,14.3276,46.4811,0.0449042
0.0123,0.0623,8.84225,14.9771,46.4533,0.052241
0.0124,0.0624,8.90768,15.6542,46.56,0.0658668
0.0125,0.0625,8.98184,16.2714,46.829,0.061673
0.0126,0.0626,9.01237,16.9255,47.3113,0.0637715
0.0127,0.0627,8.99929,17.7315,47.789,0.0632445
0.0128,0.0628,8.97311,18.662,48.1368,0.0590539
0.0129,0.0629,8.97748,19.5878,48.262,0.0595777
0.013,0.063,8.94258,20.6703,48.2898,0.0527648
0.0131,0.0631,8.92949,21.9094,48.364,0.0485742
0.0132,0.0632,8.87714,23.4664,48.6562,0.0475266
0.0133,0.0633,8.85533,25.2491,49.0597,0.045428
0.0134,0.0634,8.90768,27.1884,49.491,0.045428
0.0135,0.0635,8.91641,29.4272,49.7646,0.0470027
0.0136,0.0636,8.91641,32.1406,49.8945,0.0480504
0.0137,0.0637,8.85097,35.3285,49.978,0.0470027
0.0138,0.0638,8.85533,37.6228,50.1171,0.0475266
0.0139,0.0639,8.82916,38.1802,50.3536,0.0517171
0.014,0.064,8.73755,38.1203,50.669,0.052241
0.0141,0.0641,8.67212,38.1941,50.9148,0.0501457
0.0142,0.0642,8.68521,38.5857,50.989,0.0517171
0.0143,0.0643,8.68521,39.3781,50.9333,0.0569586
0.0144,0.0644,8.64595,40.3916,50.9101,0.049098
0.0145,0.0645,8.60233,41.4328,50.9426,0.0517171
0.0146,0.0646,8.64159,42.3359,51.0122,0.0506695
0.0147,0.0647,8.755,43.0546,51.1328,0.0485742
0.0148,0.0648,8.80735,43.6858,51.2626,0.0475266
0.0149,0.0649,8.83789,44.082,51.2997,0.0496219
0.015,0.065,8.89896,44.2709,51.2302,0.0485742
0.0151,0.0651,9.00365,44.4782,51.1699,0.0511933
0.0152,0.0652,9.08653,44.8606,51.1606,0.0517171
0.0153,0.0653,9.23485,45.3352,51.1838,0.0496219
0.0154,0.0654,9.42242,45.7222,51.2162,0.0511933
0.0155,0.0655,9.65798,46.0032,51.2348,0.0475266
0.0156,0.0656,9.9328,46.3764,51.2394,0.045428
0.0157,0.0657,10.1902,46.6252,51.1977,0.0449042
0.0158,0.0658,10.4563,46.6068,51.0957,0.0470027
0.0159,0.0659,10.7224,46.7312,50.989,0.0527648
0.016,0.066,10.9361,46.9063,50.9101,0.0470027
0.0161,0.0661,11.2458,47.0215,50.8823,0.0459518
0.0162,0.0662,11.6559,46.9293,50.8962,0.049098
0.0163,0.0663,12.0092,46.8141,50.887,0.0480504
0.0164,0.0664,12.3364,46.6667,50.9101,0.0428089
0.0165,0.0665,12.7116,46.593,50.9194,0.0438566
0.0166,0.0666,13.1521,46.6575,50.9426,0.0417613
0.0167,0.0667,13.4793,46.9523,51.0075,0.039666
0.0168,0.0668,13.8239,47.1643,51.0586,0.0401898
0.0169,0.0669,14.3518,47.0998,51.1977,0.039666
0.017,0.067,14.9145,46.9708,51.3322,0.0422851
0.0171,0.0671,15.4511,46.9109,51.3693,0.0386183
0.0172,0.0672,16.0531,47.003,51.4064,0.0386183
0.0173,0.0673,16.6376,47.2472,51.4713,0.0401898
0.0174,0.0674,17.244,47.579,51.5687,0.039666
0.0175,0.0675,18.0074,47.8738,51.6707,0.0412375
0.0176,0.0676,18.8667,48.0489,51.7496,0.0417613
0.0177,0.0677,19.8134,47.989,51.7867,0.0417613
0.0178,0.0678,20.9127,47.9475,51.796,0.039666
0.0179,0.0679,22.1647,48.1042,51.8006,0.0375674
0.018,0.068,23.7657,48.4359,51.8609,0.0386183
0.0181,0.0681,25.6153,48.8736,51.8748,0.0401898
0.0182,0.0682,27.6525,49.2561,51.847,0.0380945
0.0183,0.0683,30.1173,49.4864,51.796,0.039666
0.0184,0.0684,33.1841,49.6569,51.7403,0.035996
0.0185,0.0685,36.011,49.9103,51.629,0.0365198
0.0186,0.0686,36.8573,50.2559,51.5594,0.0407136
0.0187,0.0687,36.565,50.6982,51.5038,0.0344245
0.0188,0.0688,36.2073,51.1452,51.4899,0.0349483
0.0189,0.0689,36.2597,51.4631,51.4945,0.0344245
0.019,0.069,36.7483,51.5921,51.4806,0.0344245
0.0191,0.0691,37.6033,51.675,51.4296,0.0354722
0.0192,0.0692,38.5936,51.8179,51.4435,0.0354722
0.0193,0.0693,39.4836,51.9745,51.4481,0.0312816
0.0194,0.0694,40.0725,52.2371,51.4528,0.0339007
0.0195,0.0695,40.4433,52.4813,51.4713,0.0349483
0.0196,0.0696,40.6876,52.5735,51.5084,0.0370436
0.0197,0.0697,40.6658,52.4675,51.5919,0.032853
0.0198,0.0698,40.5873,52.3201,51.6615,0.035996
0.0199,0.0699,40.788,52.2233,51.7218,0.0323292
0.02,0.07,40.9668,52.1404,51.7542,0.0339007
0.0201,0.0701,40.9668,52.1035,51.7542,0.032853
0.0202,0.0702,40.8011,52.0759,51.7496,0.0302339
0.0203,0.0703,40.6309,51.9699,51.7728,0.0297101
0.0204,0.0704,40.1685,51.8639,51.796,0.0270878
0.0205,0.0705,39.2785,51.7487,51.8284,0.0255163
0.0206,0.0706,38.2708,51.5598,51.8794,0.0276116
0.0207,0.0707,37.1758,51.4262,51.9583,0.0249925
0.0208,0.0708,35.7842,51.3387,52.0557,0.0297101
0.0209,0.0709,33.7992,51.288,52.116,0.0318054
0.021,0.071,31.666,51.2465,52.2365,0.0318054
0.0211,0.0711,30.5492,51.1452,52.3757,0.0307578
0.0212,0.0712,30.2962,51.0853,52.4452,0.0276116
0.0213,0.0713,30.3354,51.1037,52.4916,0.0307578
0.0214,0.0714,30.3573,51.1636,52.487,0.032853
0.0215,0.0715,30.065,51.182,52.5055,0.029183
0.0216,0.0716,29.2187,51.2281,52.5565,0.0307578
0.0217,0.0717,28.2197,51.3387,52.5983,0.0318054
0.0218,0.0718,27.3908,51.3663,52.6122,0.0276116
0.0219,0.0719,26.8106,51.3064,52.5009,0.0318054
0.022,0.072,26.4442,51.3064,52.3571,0.0323292
0.0221,0.0721,26.3351,51.3341,52.1994,0.029183
0.0222,0.0722,26.3133,51.3479,52.0278,0.0302339
0.0223,0.0723,26.1301,51.3525,51.8748,0.0286592
0.0224,0.0724,25.6197,51.3525,51.7542,0.0286592
0.0225,0.0725,25.0526,51.3387,51.6012,0.0302339
0.0226,0.0726,24.7428,51.288,51.4528,0.0276116
0.0227,0.0727,24.7821,51.2834,51.4157,0.029183
0.0228,0.0728,24.8693,51.2235,51.4342,0.0255163
0.0229,0.0729,24.9217,51.1682,51.3971,0.0270878
0.023,0.073,24.8999,51.1083,51.4574,0.0270878
0.0231,0.0731,24.769,51.0622,51.578,0.0318054
0.0232,0.0732,24.6381,51.0161,51.68,0.0281354
0.0233,0.0733,24.6381,50.901,51.7867,0.0270878
0.0234,0.0734,24.865,50.7443,51.9304,0.0255163
0.0235,0.0735,25.1005,50.6153,52.0278,0.0281354
0.0236,0.0736,25.1398,50.5093,52.1484,0.0249925
0.0237,0.0737,25.0264,50.3757,52.2922,0.023421
0.0238,0.0738,24.7341,50.1499,52.3664,0.0249925
0.0239,0.0739,24.215,49.961,52.4035,0.019751
0.024,0.074,23.5257,49.7168,52.4499,0.0223734
0.0241,0.0741,22.9892,49.3667,52.4638,0.0270878
0.0242,0.0742,22.4264,48.9566,52.4174,0.0223734
0.0243,0.0743,21.4056,48.5511,52.3478,0.0265639
0.0244,0.0744,19.8875,48.0766,52.2968,0.0223734
0.0245,0.0745,18.1819,47.6389,52.2783,0.0218495
0.0246,0.0746,16.4108,47.1919,52.269,0.023421
0.0247,0.0747,14.7051,46.6344,52.2458,0.0223734
0.0248,0.0748,13.2743,45.9802,52.2365,0.0207986
0.0249,0.0749,12.5501,45.2476,52.2597,0.0223734
0.025,0.075,12.4455,44.5335,52.2041,0.023421
0.0251,0.0751,12.2579,43.7549,52.1809,0.0218495
0.0252,0.0752,11.5905,42.8473,52.1716,0.0223734
0.0253,0.0753,10.4912,41.7922,52.0789,0.0207986
0.0254,0.0754,9.25666,40.6911,51.9861,0.0239448
0.0255,0.0755,8.19664,39.4564,51.9351,0.0207986
0.0256,0.0756,7.48996,37.9775,51.9212,0.0171319
0.0257,0.0757,6.98831,36.448,51.7867,0.0192272
0.0258,0.0758,6.52592,35.6971,51.7078,0.0223734
0.0259,0.0759,6.00245,35.7477,51.6847,0.0223734
0.026,0.076,5.51825,35.9505,51.6754,0.019751
0.0261,0.0761,5.16928,35.9597,51.6939,0.0181795
0.0262,0.0762,4.91191,35.6971,51.731,0.0218495
0.0263,0.0763,4.67635,35.1719,51.6986,0.023421
0.0264,0.0764,4.50623,34.4901,51.6707,0.019751
0.0265,0.0765,4.3012,33.7898,51.6568,0.0223734
0.0266,0.0766,3.95659,33.1403,51.7032,0.0187034
0.0267,0.0767,3.6905,32.4907,51.7403,0.0171319
0.0268,0.0768,3.64252,31.9195,51.731,0.0192272
0.0269,0.0769,3.75593,31.4588,51.68,0.0176557
0.027,0.077,3.90861,31.035,51.6893,0.0160842
0.0271,0.0771,4.09618,30.4776,51.6336,0.0134651
0.0272,0.0772,4.27939,29.8649,51.5038,0.013989
0.0273,0.0773,4.43643,29.243,51.4435,0.013989
0.0274,0.0774,4.5673,28.7869,51.36,0.0155604
0.0275,0.0775,4.72433,28.4552,51.2765,0.0118904
0.0276,0.0776,4.88137,28.0591,51.207,0.010319
0.0277,0.0777,5.13874,27.7412,51.1235,0.001
0.0278,0.0778,5.63603,27.5017,51.0539,0.001
0.0279,0.0779,6.42559,27.1838,50.9936,0.001
0.028,0.078,7.26749,26.7692,50.887,0.001
0.0281,0.0781,8.08759,26.4652,50.7849,0.001
0.0282,0.0782,8.93822,26.2809,50.6875,0.001
0.0283,0.0783,9.79321,26.0368,50.5809,0.001
0.0284,0.0784,10.369,25.788,50.3768,0.001
0.0285,0.0785,10.7616,25.5255,50.1032,0.001
0.0286,0.0786,11.0932,25.0049,49.7785,0.001
0.0287,0.0787,11.3549,24.2172,49.3472,0.001
0.0288,0.0788,11.4901,23.3604,48.9066,0.001
0.0289,0.0789,11.6384,22.628,48.5032,0.001
0.029,0.079,11.874,21.8311,47.9652,0.001
0.0291,0.0791,12.2579,20.7855,47.3577,0.001
0.0292,0.0792,12.7246,19.5233,46.8197,0.001
0.0293,0.0793,13.0649,18.2428,46.1936,0.001
0.0294,0.0794,13.2219,16.9577,45.5118,0.001
0.0295,0.0795,13.2001,15.6864,44.7698,0.001
0.0296,0.0796,13.0867,14.6362,44.0464,0.001
0.0297,0.0797,13.0082,14.019,43.3229,0.001
0.0298,0.0798,13.0038,14.0559,42.4695,0.001
0.0299,0.0799,13.0213,14.1986,41.4446,0.001
0.03,0.08,13.0736,13.9131,40.4243,0.001
0.0301,0.0801,13.1652,13.1162,39.3392,0.001
0.0302,0.0802,13.2088,12.0891,38.1055,0.001
0.0303,0.0803,13.2045,11.085,36.6772,0.001
0.0304,0.0804,13.2088,10.2928,35.3276,0.001
0.0305,0.0805,13.2743,9.69863,34.6645,0.001
0.0306,0.0806,13.2874,9.15975,34.5624,0.001
0.0307,0.0807,13.2219,8.55639,34.5068,0.001
0.0308,0.0808,13.1783,7.89776,34.1682,0.001
0.0309,0.0809,13.1216,7.34967,33.4633,0.001
0.031,0.081,13.0169,6.85686,32.4477,0.001
0.0311,0.0811,12.934,6.37325,31.3811,0.001
0.0312,0.0812,12.8773,5.94492,30.2542,0.001
0.0313,0.0813,12.8075,5.61792,29.2339,0.001
0.0314,0.0814,12.6985,5.23104,28.1858,0.001
0.0315,0.0815,12.5065,4.82114,27.1378,0.001
0.0316,0.0816,12.2099,4.55401,26.1778,0.001
0.0317,0.0817,11.7519,4.49874,25.139,0.001
0.0318,0.0818,11.2371,4.57243,23.8591,0.001
0.0319,0.0819,10.8009,4.63691,22.2685,0.001
0.032,0.082,10.4214,4.74284,20.7474,0.001
0.0321,0.0821,10.0549,4.93628,19.4211,0.001
0.0322,0.0822,9.84556,5.13432,18.271,0.001
0.0323,0.0823,9.76704,5.35079,17.1441,0.001
0.0324,0.0824,9.63181,5.61792,16.4161,0.001
0.0325,0.0825,9.49222,5.97716,16.1796,0.001
0.0326,0.0826,9.36135,6.42852,15.9709,0.001
0.0327,0.0827,9.19559,7.13781,15.637,0.001
0.0328,0.0828,8.97311,8.06357,15.0712,0.001
0.0329,0.0829,8.7899,8.98933,14.371,0.001
0.033,0.083,8.5936,9.91511,13.5827,0.001
0.0331,0.0831,8.3973,10.8086,12.8175,0.001
0.0332,0.0832,8.33187,11.4351,12.1497,0.001
0.0333,0.0833,8.29697,11.8035,11.468,0.001
0.0334,0.0834,8.17483,11.9924,10.522,0.001
0.0335,0.0835,8.0396,12.1167,9.43691,0.001
0.0336,0.0836,7.88256,12.2181,8.42135,0.001
0.0337,0.0837,7.75169,12.3102,7.51245,0.001
0.0338,0.0838,7.62519,12.4345,6.37168,0.001
0.0339,0.0839,7.58593,12.6556,5.0037,0.001
0.034,0.084,7.65573,12.9734,3.62644,0.001
0.0341,0.0841,7.73861,13.1669,2.3373,0.001
0.0342,0.0842,7.74297,13.1899,1.0157,0.001
0.0343,0.0843,7.78223,13.1024,-0.296625,0.001
0.0344,0.0844,7.86511,12.9274,-1.21942,0.001
0.0345,0.0845,7.93054,12.7754,-1.04321,0.001
0.0346,0.0846,8.00906,12.6833,-0.0462173,0.001
0.0347,0.0847,8.11376,12.5359,0.371129,0.001
0.0348,0.0848,8.19664,12.4622,0.357217,0.001
0.0349,0.0849,8.20536,12.4207,0.35258,0.001
0.035,0.085,8.26207,12.324,0.375766,0.001
0.0351,0.0851,8.29697,12.1812,0.329394,0.001
0.0352,0.0852,8.35368,12.0615,0.329394,0.001
0.0353,0.0853,8.4671,11.9325,0.338669,0.001
0.0354,0.0854,8.5936,11.6976,0.32012,0.001
0.0355,0.0855,8.75937,11.4627,0.334031,0.001
0.0356,0.0856,8.92949,11.2324,0.40359,0.001
0.0357,0.0857,9.08217,10.956,0.491695,0.001
0.0358,0.0858,9.15633,10.5968,0.561254,0.001
0.0359,0.0859,9.2523,10.2605,0.58444,0.001
0.036,0.086,9.36135,9.95656,0.616899,0.001
0.0361,0.0861,9.50967,9.62494,0.58444,0.001
0.0362,0.0862,9.69288,9.33477,0.589077,0.001
0.0363,0.0863,9.88482,8.92025,0.63081,0.001
0.0364,0.0864,10.0419,8.37215,0.640085,0.001
0.0365,0.0865,10.164,7.61681,0.616899,0.001
0.0366,0.0866,10.2556,6.71408,0.598351,0.001
0.0367,0.0867,10.26,5.89426,0.589077,0.001
0.0368,0.0868,10.1989,5.60871,0.589077,0.001
0.0369,0.0869,10.1117,5.48435,0.58444,0.001
0.037,0.087,10.0244,5.2771,0.58444,0.001
0.0371,0.0871,9.95025,5.1159,0.598351,0.001
0.0372,0.0872,9.91972,4.7889,0.63081,0.001
0.0373,0.0873,9.90227,4.51256,0.751378,0.001
0.0374,0.0874,9.89791,4.09345,0.779201,0.001
0.0375,0.0875,9.91972,3.73881,0.746741,0.001
0.0376,0.0876,9.90663,3.27825,0.742104,0.001
0.0377,0.0877,9.92408,2.93744,0.691094,0.001
0.0378,0.0878,9.99388,2.62426,0.709643,0.001
0.0379,0.0879,10.0375,2.17291,0.751378,0.001
0.038,0.088,10.0724,1.68012,0.737466,0.001
0.0381,0.0881,10.1247,1.21036,0.705006,0.001
0.0382,0.0882,10.1117,1.00311,0.663271,0.001
0.0383,0.0883,10.1378,0.694543,0.672545,0.001
0.0384,0.0884,10.2992,0.233994,0.663271,0.001
0.0385,0.0885,10.4694,-0.0975991,0.663271,0.001
0.0386,0.0886,10.5741,0.280049,0.686457,0.001
0.0387,0.0887,10.6177,0.560984,0.71428,0.001
0.0388,0.0888,10.6787,0.487296,0.788476,0.001
0.0389,0.0889,10.718,0.385976,0.871944,0.001
0.039,0.089,10.7311,0.353737,0.844121,0.001
0.0391,0.0891,10.718,0.33071,0.788476,0.001
0.0392,0.0892,10.6482,0.293866,0.746741,0.001
0.0393,0.0893,10.5566,0.293866,0.737466,0.001
0.0394,0.0894,10.3952,0.316893,0.760653,0.001
0.0395,0.0895,10.212,0.303077,0.811661,0.001
0.0396,0.0896,10.1029,0.28926,0.760653,0.001
0.0397,0.0897,9.93717,0.312288,0.737466,0.001
0.0398,0.0898,9.75395,0.303077,0.732829,0.001
0.0399,0.0899,9.57074,0.312288,0.760653,0.001
0.04,0.09,9.39189,0.316893,0.718918,0.001
0.0401,0.0901,9.09089,0.326104,0.732829,0.001
0.0402,0.0902,8.71138,0.303077,0.79775,0.001
0.0403,0.0903,8.27952,0.316893,0.844121,0.001
0.0404,0.0904,7.76914,0.326104,0.936866,0.001
0.0405,0.0905,7.30675,0.339921,0.918317,0.001
0.0406,0.0906,6.86181,0.353737,0.881219,0.001
0.0407,0.0907,6.42995,0.385976,0.820935,0.001
0.0408,0.0908,6.03299,0.409003,0.802388,0.001
0.0409,0.0909,5.63167,0.404398,0.807025,0.001
0.041,0.091,5.18236,0.42282,0.844121,0.001
0.0411,0.0911,4.65454,0.450451,0.825572,0.001
0.0412,0.0912,4.17906,0.459662,0.807025,0.001
0.0413,0.0913,3.67741,0.496507,0.779201,0.001
0.0414,0.0914,3.17576,0.52414,0.802388,0.001
0.0415,0.0915,2.71774,0.542562,0.788476,0.001
0.0416,0.0916,2.66103,0.565589,0.79775,0.001
0.0417,0.0917,2.84424,0.584011,0.86267,0.001
0.0418,0.0918,2.94021,0.584011,0.913679,0.001
0.0419,0.0919,3.01,0.597828,0.973963,0.001
0.042,0.092,3.00564,0.602434,0.987875,0.001
0.0421,0.0921,3.09288,0.61625,0.94614,0.001
0.0422,0.0922,3.12342,0.611645,0.876582,0.001
0.0423,0.0923,3.20194,0.61625,0.867307,0.001
0.0424,0.0924,3.23683,0.611645,0.830209,0.001
0.0425,0.0925,3.32844,0.597828,0.853396,0.001
0.0426,0.0926,3.53346,0.588617,0.830209,0.001
0.0427,0.0927,3.61198,0.584011,0.802388,0.001
0.0428,0.0928,3.61634,0.584011,0.820935,0.001
0.0429,0.0929,3.48984,0.570195,0.825572,0.001
0.043,0.093,3.60326,0.565589,0.830209,0.001
0.0431,0.0931,3.7254,0.560984,0.830209,0.001
0.0432,0.0932,3.70359,0.579406,0.899768,0.001
0.0433,0.0933,3.70359,0.556378,0.964689,0.001
0.0434,0.0934,4.22268,0.547167,0.997149,0.001
0.0435,0.0935,4.70252,0.547167,1.02033,0.001
0.0436,0.0936,4.8552,0.537956,0.983238,0.001
0.0437,0.0937,4.8552,0.556378,0.927591,0.001
0.0438,0.0938,4.93372,0.547167,0.885856,0.001
0.0439,0.0939,5.14747,0.542562,0.885856,0.001
0.044,0.094,5.35685,0.547167,0.867307,0.001
0.0441,0.0941,5.46591,0.560984,0.853396,0.001
0.0442,0.0942,5.33504,0.542562,0.853396,0.001
0.0443,0.0943,5.16491,0.533351,0.86267,0.001
0.0444,0.0944,5.04277,0.556378,0.876582,0.001
0.0445,0.0945,4.99043,0.551773,0.890493,0.001
0.0446,0.0946,4.97298,0.556378,0.909042,0.001
0.0447,0.0947,4.88574,0.584011,0.992512,0.001
0.0448,0.0948,4.87265,0.565589,1.06207,0.001
0.0449,0.0949,4.86829,0.551773,1.09453,0.001
0.045,0.095,4.82466,0.547167,1.13163,0.001
0.0451,0.0951,4.66326,0.565589,1.08526,0.001
0.0452,0.0952,4.52367,0.565589,1.07134,0.001
0.0453,0.0953,4.52804,0.584011,1.04352,0.001
0.0454,0.0954,4.66326,0.588617,1.05279,0.001
0.0455,0.0955,4.7854,0.579406,1.04816,0.001
0.0456,0.0956,4.81158,0.570195,1.03425,0.001
0.0457,0.0957,4.88137,0.584011,0.997149,0.001
0.0458,0.0958,5.00788,0.570195,1.0157,0.001
0.0459,0.0959,4.99479,0.570195,1.05279,0.001
0.046,0.096,4.66326,0.560984,1.06671,0.001
0.0461,0.0961,4.50186,0.551773,1.11772,0.001
0.0462,0.0962,4.60656,0.556378,1.21046,0.001
0.0463,0.0963,4.8203,0.556378,1.30784,0.001
0.0464,0.0964,5.00351,0.537956,1.38667,0.001
0.0465,0.0965,5.15619,0.533351,1.43304,0.001
0.0466,0.0966,5.30014,0.528745,1.34494,0.001
0.0467,0.0967,5.48335,0.514929,1.25219,0.001
0.0468,0.0968,5.64912,0.514929,1.20582,0.001
0.0469,0.0969,5.77562,0.491901,1.19655,0.001
0.047,0.097,5.96319,0.501112,1.18264,0.001
0.0471,0.0971,6.2162,0.478085,1.15945,0.001
0.0472,0.0972,6.46921,0.48269,1.13626,0.001
0.0473,0.0973,6.79201,0.48269,1.12699,0.001
0.0474,0.0974,7.1279,0.478085,1.11772,0.001
0.0475,0.0975,7.4856,0.473479,1.12699,0.001
0.0476,0.0976,7.82585,0.48269,1.178,0.001
0.0477,0.0977,8.12248,0.468874,1.2151,0.001
0.0478,0.0978,8.32314,0.487296,1.25219,0.001
0.0479,0.0979,8.42348,0.478085,1.21046,0.001
0.048,0.098,8.40603,0.478085,1.17336,0.001
0.0481,0.0981,8.28388,0.487296,1.11308,0.001
0.0482,0.0982,8.34495,0.478085,1.08526,0.001
0.0483,0.0983,8.48455,0.478085,1.07134,0.001
0.0484,0.0984,8.68521,0.514929,1.04816,0.001
0.0485,0.0985,8.79426,0.542562,1.02033,0.001
0.0486,0.0986,8.89459,0.542562,0.992512,0.001
0.0487,0.0987,8.95567,0.551773,0.969326,0.001
0.0488,0.0988,9.04291,0.565589,0.950777,0.001
0.0489,0.0989,9.11707,0.588617,0.960052,0.001
0.049,0.099,9.14324,0.602434,0.969326,0.001
0.0491,0.0991,9.28283,0.634671,0.997149,0.001
0.0492,0.0992,9.56201,0.657698,1.02961,0.001
0.0493,0.0993,9.80194,0.671515,1.02961,0.001
0.0494,0.0994,9.86737,0.685332,1.01106,0.001
0.0495,0.0995,9.90663,0.712965,0.997149,0.001
0.0496,0.0996,9.98951,0.745203,0.969326,0.001
0.0497,0.0997,10.0593,0.763625,0.960052,0.001
0.0498,0.0998,9.9677,0.777442,0.936866,0.001
0.0499,0.0999,9.91099,0.805074,0.922954,0.001
0.05,0.1,10.0506,0.832707,0.909042,0.001
0.0501,0.1001,10.1902,0.832707,0.899768,0.001
0.0502,0.1002,10.2251,0.864946,0.890493,0.001
0.0503,0.1003,10.1858,0.878762,0.913679,0.001
0.0504,0.1004,10.1509,0.887973,0.904405,0.001
0.0505,0.1005,10.164,0.906395,0.941503,0.001
0.0506,0.1006,10.2207,0.938634,0.973963,0.001
0.0507,0.1007,10.2774,0.970872,0.992512,0.001
0.0508,0.1008,10.2643,0.998505,0.969326,0.001
0.0509,0.1009,10.164,1.05377,0.960052,0.001
0.051,0.101,10.068,1.09983,0.936866,0.001
0.0511,0.1011,9.97643,1.11825,0.922954,0.001
0.0512,0.1012,9.86737,1.1643,0.895131,0.001
0.0513,0.1013,9.76704,1.17812,0.890493,0.001
0.0514,0.1014,9.71469,1.22418,0.885856,0.001
0.0515,0.1015,9.66671,1.28865,0.867307,0.001
0.0516,0.1016,9.61436,1.39918,0.881219,0.001
0.0517,0.1017,9.64053,1.51893,0.881219,0.001
0.0518,0.1018,9.70597,1.70315,0.890493,0.001
0.0519,0.1019,9.82375,1.97488,0.904405,0.001
0.052,0.102,9.95461,2.37095,0.909042,0.001
0.0521,0.1021,10.0637,3.01113,0.918317,0.001
0.0522,0.1022,10.1291,3.85856,0.927591,0.001
0.0523,0.1023,10.1553,4.74745,0.913679,0.001
0.0524,0.1024,10.164,5.51199,0.904405,0.001
0.0525,0.1025,10.0288,6.12454,0.890493,0.001
0.0526,0.1026,9.75831,6.56669,0.881219,0.001
0.0527,0.1027,9.34827,6.82462,0.890493,0.001
0.0528,0.1028,9.02546,6.96279,0.885856,0.001
0.0529,0.1029,8.79426,6.94897,0.890493,0.001
0.053,0.103,8.54562,7.00424,0.895131,0.001
0.0531,0.1031,8.2708,7.14241,0.904405,0.001
0.0532,0.1032,7.98725,7.32664,0.918317,0.001
0.0533,0.1033,7.73425,7.39112,0.927591,0.001
0.0534,0.1034,7.36782,7.39112,0.941503,0.001
0.0535,0.1035,6.98831,7.3727,0.941503,0.001
0.0536,0.1036,6.63497,7.32664,0.927591,0.001
0.0537,0.1037,6.45612,7.23913,0.927591,0.001
0.0538,0.1038,6.32962,7.12399,0.941503,0.001
0.0539,0.1039,6.1813,7.2161,0.904405,0.001
0.054,0.104,6.06789,7.49245,0.909042,0.001
0.0541,0.1041,6.00682,7.72274,0.913679,0.001
0.0542,0.1042,5.97192,7.71353,0.899768,0.001
0.0543,0.1043,5.92393,7.47403,0.909042,0.001
0.0544,0.1044,5.87159,7.19308,0.913679,0.001
0.0545,0.1045,5.79307,7.04109,0.927591,0.001
0.0546,0.1046,5.79307,6.93515,0.913679,0.001
0.0547,0.1047,5.85414,6.66342,0.927591,0.001
0.0548,0.1048,5.86723,6.87528,0.909042,0.001
0.0549,0.1049,5.79307,7.42797,0.922954,0.001
0.055,0.105,5.73636,7.52469,0.936866,0.001
0.0551,0.1051,5.7669,7.11478,0.922954,0.001
0.0552,0.1052,5.83233,6.70947,0.922954,0.001
0.0553,0.1053,5.84978,6.43313,0.918317,0.001
0.0554,0.1054,5.92393,5.94492,0.913679,0.001
0.0555,0.1055,6.16822,5.69161,0.918317,0.001
0.0556,0.1056,6.38196,6.12915,0.927591,0.001
0.0557,0.1057,6.47793,6.50682,0.918317,0.001
0.0558,0.1058,6.51719,6.91212,0.913679,0.001
0.0559,0.1059,6.62625,7.56154,0.909042,0.001
0.056,0.106,6.76584,7.98987,0.918317,0.001
0.0561,0.1061,6.8967,8.05435,0.918317,0.001
0.0562,0.1062,6.9665,7.9346,0.932228,0.001
0.0563,0.1063,6.98395,7.94382,0.950777,0.001
0.0564,0.1064,7.03193,7.96224,0.941503,0.001
0.0565,0.1065,7.13662,7.46021,0.927591,0.001
0.0566,0.1066,7.31984,7.17005,0.922954,0.001
0.0567,0.1067,7.46379,7.65826,0.918317,0.001
0.0568,0.1068,7.68626,8.15568,0.909042,0.001
0.0569,0.1069,8.11376,8.36755,0.899768,0.001
0.057,0.107,8.77681,8.43203,0.904405,0.001
0.0571,0.1071,9.29156,8.41361,0.927591,0.001
0.0572,0.1072,9.52275,8.38137,0.927591,0.001
0.0573,0.1073,9.62745,8.34452,0.909042,0.001
0.0574,0.1074,9.70597,8.2524,0.904405,0.001
0.0575,0.1075,9.82811,8.10502,0.909042,0.001
0.0576,0.1076,9.88918,7.99908,0.909042,0.001
0.0577,0.1077,9.89354,7.95303,0.909042,0.001
0.0578,0.1078,9.89791,7.80564,0.909042,0.001
0.0579,0.1079,9.91099,7.63062,0.899768,0.001
0.058,0.108,9.77576,7.53851,0.904405,0.001
0.0581,0.1081,9.54893,7.44179,0.885856,0.001
0.0582,0.1082,9.37444,7.2161,0.890493,0.001
0.0583,0.1083,9.27411,6.73711,0.895131,0.001
0.0584,0.1084,9.19123,6.48379,0.881219,0.001
0.0585,0.1085,9.07344,6.52064,0.881219,0.001
0.0586,0.1086,8.99056,6.03704,0.885856,0.001
0.0587,0.1087,9.13452,5.10669,0.885856,0.001
0.0588,0.1088,9.37008,4.49874,0.904405,0.001
0.0589,0.1089,9.56638,4.43887,0.885856,0.001
0.059,0.109,9.64926,4.80271,0.904405,0.001
0.0591,0.1091,9.56638,5.23565,0.904405,0.001
0.0592,0.1092,9.33082,5.42448,0.913679,0.001
0.0593,0.1093,9.1825,5.91729,0.904405,0.001
0.0594,0.1094,9.16069,6.09691,0.904405,0.001
0.0595,0.1095,8.92949,5.89887,1.08989,0.001
0.0596,0.1096,8.85533,5.53962,2.16108,0.001
0.0597,0.1097,9.21304,5.60871,5.6761,0.001
0.0598,0.1098,9.35699,5.53041,9.0242,0.001
0.0599,0.1099,9.10834,5.60871,10.0027,0.001
0.06,0.11,8.76809,5.93571,10.0722,0.001
0.0601,0.1101,8.50636,6.05546,10.2253,0.001
0.0602,0.1102,8.08759,6.54367,10.3551,0.001
0.0603,0.1103,7.82149,6.58051,10.4061,0.001
0.0604,0.1104,8.21845,6.40549,10.3551,0.001
0.0605,0.1105,8.91204,7.1332,10.3644,0.001
0.0606,0.1106,9.47477,7.4556,10.1603,0.001
0.0607,0.1107,10.2294,7.27137,9.92847,0.001
0.0608,0.1108,10.7878,6.76474,9.74297,0.001
0.0609,0.1109,10.9579,6.62196,9.20041,0.001
0.061,0.111,10.875,6.78316,7.25276,0.001
0.0611,0.1111,10.8358,6.35483,3.63572,0.001
0.0612,0.1112,10.875,6.42852,1.59998,0.001
0.0613,0.1113,10.4955,7.3727,0.955414,0.001
0.0614,0.1114,10.1509,8.67614,0.705006,0.001
0.0615,0.1115,10.6308,8.61166,0.635448,0.001
0.0616,0.1116,11.2676,7.41415,0.579802,0.001
0.0617,0.1117,11.7606,6.54827,0.556616,0.001
0.0618,0.1118,12.1401,6.4884,0.593714,0.001
0.0619,0.1119,12.2928,7.26677,0.672545,0.001
0.062,0.112,12.4367,8.03593,0.844121,0.001
0.0621,0.1121,12.6374,7.55693,0.964689,0.001
0.0622,0.1122,12.6548,7.85631,1.05743,0.001
0.0623,0.1123,12.6418,9.53743,1.09453,0.001
0.0624,0.1124,12.8119,10.4862,1.14554,0.001
0.0625,0.1125,13.0998,10.2145,1.21973,0.001
0.0626,0.1126,13.2263,9.91511,1.24756,0.001
0.0627,0.1127,13.3266,9.90129,1.25683,0.001
0.0628,0.1128,13.5578,10.2237,1.28929,0.001
0.0629,0.1129,13.4357,10.7626,1.29857,0.001
0.063,0.113,12.7028,10.7119,1.25683,0.001
0.0631,0.1131,11.8522,10.4816,1.23828,0.001
0.0632,0.1132,10.9056,11.2646,1.20582,0.001
0.0633,0.1133,10.1553,11.8081,1.13626,0.001
0.0634,0.1134,9.18686,11.8312,1.09917,0.001
0.0635,0.1135,8.0396,11.6239,1.08062,0.001
0.0636,0.1136,7.28058,11.6193,1.12235,0.001
0.0637,0.1137,6.96214,11.6285,1.21046,0.001
0.0638,0.1138,7.09736,11.67,1.31248,0.001
0.0639,0.1139,7.59029,11.7344,1.40986,0.001
0.064,0.114,7.55976,11.6746,1.47014,0.001
0.0641,0.1141,7.42889,11.6285,1.50724,0.001
0.0642,0.1142,7.19769,11.5732,1.52579,0.001
0.0643,0.1143,6.68296,11.2738,1.53043,0.001
0.0644,0.1144,5.97192,10.3665,1.51651,0.001
0.0645,0.1145,5.76253,8.76825,1.52115,0.001
0.0646,0.1146,5.59677,9.62955,1.5026,0.001
0.0647,0.1147,5.4092,11.0436,1.53506,0.001
0.0648,0.1148,5.5706,11.518,1.55825,0.001
0.0649,0.1149,5.5706,11.693,1.5768,0.001
0.065,0.115,5.86286,11.8956,1.62317,0.001
0.0651,0.1151,5.95447,12.0891,1.62781,0.001
0.0652,0.1152,5.74508,12.3516,1.5768,0.001
0.0653,0.1153,6.4125,12.5681,1.47942,0.001
0.0654,0.1154,6.98831,12.8629,1.40522,0.001
0.0655,0.1155,7.11045,12.932,1.3774,0.001
0.0656,0.1156,6.88362,12.9228,1.37276,0.001
0.0657,0.1157,6.86617,12.978,1.36812,0.001
0.0658,0.1158,7.08864,12.5036,1.43768,0.001
0.0659,0.1159,6.96214,10.7073,1.45623,0.001
0.066,0.116,7.30239,7.6122,1.49797,0.001
0.0661,0.1161,8.62414,5.90808,1.65563,0.001
0.0662,0.1162,10.2469,5.58107,1.81329,0.001
0.0663,0.1163,10.5741,5.5212,1.91068,0.001
0.0664,0.1164,9.65798,5.65476,2.01269,0.001
0.0665,0.1165,8.71138,5.91268,2.12862,0.001
0.0666,0.1166,8.755,6.08309,2.25847,0.001
0.0667,0.1167,9.26538,6.1706,2.36976,0.001
0.0668,0.1168,10.0637,6.27653,2.40222,0.001
0.0669,0.1169,9.74959,6.3272,2.46714,0.001
0.067,0.117,10.116,6.16139,2.61553,0.001
0.0671,0.1171,11.4072,6.06928,2.75001,0.001
0.0672,0.1172,12.3364,6.11073,2.81029,0.001
0.0673,0.1173,12.1881,6.166,2.88913,0.001
0.0674,0.1174,11.6515,6.13376,2.94014,0.001
0.0675,0.1175,11.5119,6.06467,2.88449,0.001
0.0676,0.1176,11.6254,6.09691,2.68973,0.001
0.0677,0.1177,12.2928,5.96335,2.44859,0.001
0.0678,0.1178,12.1488,5.32776,2.2631,0.001
0.0679,0.1179,10.9885,4.67836,2.11471,0.001
0.068,0.118,11.3636,4.06581,1.91531,0.001
0.0681,0.1181,11.9002,3.43484,1.76692,0.001
0.0682,0.1182,12.1968,2.95586,1.62317,0.001
0.0683,0.1183,11.9176,2.69795,1.46551,0.001
0.0684,0.1184,11.7693,2.77164,1.3774,0.001
0.0685,0.1185,11.9133,2.92362,1.33103,0.001
0.0686,0.1186,11.621,3.00192,1.28465,0.001
0.0687,0.1187,10.9667,3.28286,1.26147,0.001
0.0688,0.1188,10.4475,3.44866,1.22437,0.001
0.0689,0.1189,10.7529,3.21377,1.17336,0.001
0.069,0.119,11.621,2.97428,1.16873,0.001
0.0691,0.1191,11.9176,2.94204,1.13626,0.001
0.0692,0.1192,11.3942,2.87296,1.07134,0.001
0.0693,0.1193,9.56638,2.75782,1.06207,0.001
0.0694,0.1194,10.369,2.8269,1.09453,0.001
0.0695,0.1195,12.3975,2.83151,1.178,0.001
0.0696,0.1196,12.7464,2.73019,1.27074,0.001
0.0697,0.1197,12.1008,2.71177,1.34494,0.001
0.0698,0.1198,12.1183,2.77164,1.35885,0.001
0.0699,0.1199,12.9646,2.67492,1.40058,0.001
0.07,0.12,13.3092,2.54596,1.4145,0.001
0.0701,0.1201,12.934,2.4953,1.49797,0.001
0.0702,0.1202,12.4236,2.47688,1.57216,0.001
0.0703,0.1203,11.9045,2.54136,1.65563,0.001
0.0704,0.1204,12.175,2.60584,1.80402,0.001
0.0705,0.1205,12.0441,2.58741,1.95241,0.001
0.0706,0.1206,11.2458,2.4907,2.10544,0.001
0.0707,0.1207,9.61872,2.35253,2.27238,0.001
0.0708,0.1208,7.13662,2.44004,2.33266,0.001
0.0709,0.1209,5.3045,2.67492,2.35121,0.001
0.071,0.121,4.78104,2.91441,2.4625,0.001
0.0711,0.1211,4.76796,3.10324,2.5367,0.001
0.0712,0.1212,4.61964,3.10785,2.62944,0.001
0.0713,0.1213,4.68944,3.10785,2.79174,0.001
0.0714,0.1214,4.63273,3.13087,2.90304,0.001
0.0715,0.1215,4.53676,2.90059,2.85667,0.001
0.0716,0.1216,4.74178,2.744,2.82884,0.001
0.0717,0.1217,4.75923,2.84072,2.84275,0.001
0.0718,0.1218,5.25652,3.21838,2.64335,0.001
0.0719,0.1219,5.91085,3.18614,2.47178,0.001
0.072,0.122,5.2129,3.36115,2.51351,0.001
0.0721,0.1221,4.48005,3.7296,2.5738,0.001
0.0722,0.1222,3.79519,3.87238,2.59698,0.001
0.0723,0.1223,3.28482,4.06121,2.63408,0.001
0.0724,0.1224,2.94457,3.98752,2.58771,0.001
0.0725,0.1225,2.66103,4.06121,2.35121,0.001
0.0726,0.1226,2.31642,4.23161,1.66954,0.001
0.0727,0.1227,2.28152,3.66052,1.00642,0.001
0.0728,0.1228,2.80062,3.26444,0.454598,0.001
0.0729,0.1229,3.20194,3.29207,0.120721,0.001
0.073,0.123,2.81371,3.57301,0.0697116,0.001
0.0731,0.1231,2.28588,3.65591,0.190279,0.001
0.0732,0.1232,2.22045,3.50393,0.338669,0.001
0.0733,0.1233,3.45931,3.59143,0.389678,0.001
0.0734,0.1234,4.87701,3.29207,0.380404,0.001
0.0735,0.1235,5.07331,2.60123,0.44996,0.001
0.0736,0.1236,4.90755,1.86895,0.417501,0.001
0.0737,0.1237,5.26524,1.8321,0.375766,0.001
0.0738,0.1238,5.78434,2.31108,0.338669,0.001
0.0739,0.1239,5.88467,2.71177,0.35258,0.001
0.074,0.124,5.70582,2.58741,0.361855,0.001
0.0741,0.1241,5.39175,2.09001,0.375766,0.001
0.0742,0.1242,5.16928,1.80908,0.422137,0.001
0.0743,0.1243,5.09512,2.12686,0.40359,0.001
0.0744,0.1244,4.76359,1.98869,0.394315,0.001
0.0745,0.1245,4.64582,1.17812,0.412864,0.001
0.0746,0.1246,4.88574,0.777442,0.398952,0.001
0.0747,0.1247,5.19545,1.25181,0.375766,0.001
0.0748,0.1248,5.48772,1.63867,0.371129,0.001
0.0749,0.1249,5.71019,1.42682,0.357217,0.001
0.075,0.125,5.6971,0.938634,0.361855,0.001
0.0751,0.1251,5.67965,0.740598,0.361855,0.001
0.0752,0.1252,5.80179,1.11825,0.35258,0.001
0.0753,0.1253,5.91957,1.27484,0.371129,0.001
0.0754,0.1254,5.84105,1.33471,0.389678,0.001
0.0755,0.1255,5.94138,1.44063,0.394315,0.001
0.0756,0.1256,6.05044,1.6617,0.422137,0.001
0.0757,0.1257,6.14641,1.89658,0.454598,0.001
0.0758,0.1258,5.49208,1.98409,0.487058,0.001
0.0759,0.1259,4.63273,2.04396,0.524156,0.001
0.076,0.126,4.7287,1.93803,0.561254,0.001
0.0761,0.1261,4.99915,1.66631,0.607626,0.001
0.0762,0.1262,4.77668,1.55117,0.644722,0.001
0.0763,0.1263,4.43207,1.4084,0.667908,0.001
0.0764,0.1264,4.08746,1.34852,0.677183,0.001
0.0765,0.1265,3.83009,1.27484,0.68182,0.001
0.0766,0.1266,3.68178,1.36234,0.709643,0.001
0.0767,0.1267,3.68178,1.76763,0.76529,0.001
0.0768,0.1268,4.25322,1.62946,0.820935,0.001
0.0769,0.1269,5.0166,1.28865,0.876582,0.001
0.077,0.127,6.07225,0.970872,0.987875,0.001
0.0771,0.1271,7.07555,0.832707,1.07598,0.001
0.0772,0.1272,7.8782,0.735992,1.18727,0.001
0.0773,0.1273,8.37113,0.657698,1.28929,0.001
0.0774,0.1274,8.40603,0.584011,1.4145,0.001
0.0775,0.1275,8.35368,0.611645,1.48869,0.001
0.0776,0.1276,8.21845,0.685332,1.53043,0.001
0.0777,0.1277,8.31006,0.795864,1.52579,0.001
0.0778,0.1278,8.89023,0.828102,1.58143,0.001
0.0779,0.1279,9.27847,0.855735,1.6649,0.001
0.078,0.128,9.47913,0.855735,1.75765,0.001
0.0781,0.1281,9.66671,1.04456,1.86894,0.001
0.0782,0.1282,9.84992,1.44063,1.98023,0.001
0.0783,0.1283,9.95025,1.92422,2.01733,0.001
0.0784,0.1284,9.89791,2.22358,1.94777,0.001
0.0785,0.1285,9.81502,2.37095,1.91068,0.001
0.0786,0.1286,9.7365,2.59663,2.01269,0.001
0.0787,0.1287,9.68852,2.54596,2.23064,0.001
0.0788,0.1288,9.69724,2.33411,2.37903,0.001
0.0789,0.1289,9.88046,2.28805,2.27238,0.001
0.079,0.129,10.1335,2.14528,1.96632,0.001
0.0791,0.1291,10.1727,2.05317,1.81793,0.001
0.0792,0.1292,10.1378,1.69394,1.76229,0.001
0.0793,0.1293,10.1858,1.52814,1.60462,0.001
0.0794,0.1294,10.1335,1.73539,1.36812,0.001
0.0795,0.1295,10.2382,2.09462,1.28929,0.001
0.0796,0.1296,10.4126,2.61505,1.42377,0.001
0.0797,0.1297,10.622,3.08482,1.54897,0.001
0.0798,0.1298,10.7311,3.12166,1.52115,0.001
0.0799,0.1299,10.862,3.08942,1.39595,0.001
0.08,0.13,11.1848,3.24141,1.3774,0.001
0.0801,0.1301,11.2022,3.43945,1.36349,0.001
0.0802,0.1302,11.3462,3.44405,1.28002,0.001
0.0803,0.1303,11.2807,3.58683,1.18727,0.001
0.0804,0.1304,10.9841,3.79408,1.19191,0.001
0.0805,0.1305,10.5915,3.84474,1.24292,0.001
0.0806,0.1306,10.0288,3.44866,1.27538,0.001
0.0807,0.1307,9.4486,2.41701,1.31712,0.001
0.0808,0.1308,8.97311,2.08541,1.3403,0.001
0.0809,0.1309,8.66776,2.4907,1.28929,0.001
0.081,0.131,8.50199,2.61965,1.28465,0.001
0.0811,0.1311,8.47582,2.47688,1.26147,0.001
0.0812,0.1312,8.5587,2.4124,1.27074,0.001
0.0813,0.1313,8.40603,2.47688,1.32639,0.001
0.0814,0.1314,8.26644,2.52294,1.3774,0.001
0.0815,0.1315,7.85639,2.43543,1.47942,0.001
0.0816,0.1316,7.50741,2.77624,1.58143,0.001
0.0817,0.1317,7.63392,3.5684,1.47942,0.001
0.0818,0.1318,7.86511,4.23622,1.38204,0.001
0.0819,0.1319,7.93927,5.1159,1.34958,0.001
0.082,0.132,7.81277,5.86202,1.38667,0.001
0.0821,0.1321,7.65136,6.30877,1.41913,0.001
0.0822,0.1322,7.69062,6.35944,1.49797,0.001
0.0823,0.1323,7.62083,6.13376,1.63708,0.001
0.0824,0.1324,7.27621,6.17981,1.7762,0.001
0.0825,0.1325,6.78765,6.60354,1.85039,0.001
0.0826,0.1326,6.71785,7.00885,1.83184,0.001
0.0827,0.1327,7.22823,7.07793,1.7762,0.001
0.0828,0.1328,7.47688,7.07333,1.65099,0.001
0.0829,0.1329,7.24568,7.32204,1.58143,0.001
0.083,0.133,6.32089,7.49245,1.71128,0.001
0.0831,0.1331,5.91957,7.78261,2.02661,0.001
0.0832,0.1332,6.37324,8.39979,2.40222,0.001
0.0833,0.1333,6.64806,8.8834,2.65727,0.001
0.0834,0.1334,6.53028,8.8834,2.89376,0.001
0.0835,0.1335,6.46921,8.62547,2.8613,0.001
0.0836,0.1336,6.52592,8.4873,2.56452,0.001
0.0837,0.1337,6.63061,8.87879,2.27701,0.001
0.0838,0.1338,6.78329,9.42228,1.9756,0.001
0.0839,0.1339,6.83563,9.86444,1.80866,0.001
0.084,0.134,6.78765,9.70324,1.72055,0.001
0.0841,0.1341,7.16716,9.70324,1.53506,0.001
0.0842,0.1342,7.45943,10.2191,1.52115,0.001
0.0843,0.1343,7.7168,10.6751,1.67882,0.001
0.0844,0.1344,8.08759,10.6152,1.79938,0.001
0.0845,0.1345,8.65031,10.5599,1.91068,0.001
0.0846,0.1346,9.01674,10.7718,1.90604,0.001
0.0847,0.1347,9.16941,11.1587,1.78083,0.001
0.0848,0.1348,9.24793,11.4857,1.76692,0.001
0.0849,0.1349,9.38316,11.5272,1.97096,0.001
0.085,0.135,9.78013,11.3798,2.16572,0.001
0.0851,0.1351,10.3647,11.26,2.38831,0.001
0.0852,0.1352,10.5304,10.9606,2.81493,0.001
0.0853,0.1353,10.369,10.5507,3.00506,0.001
0.0854,0.1354,10.2774,9.95195,2.98187,0.001
0.0855,0.1355,10.7006,9.44071,2.44859,0.001
0.0856,0.1356,11.1411,9.09066,2.32339,0.001
0.0857,0.1357,11.0277,8.8834,2.59234,0.001
0.0858,0.1358,10.8314,9.06303,2.43468,0.001
0.0859,0.1359,10.8576,9.1229,1.98023,0.001
0.086,0.136,11.0321,9.21502,1.66954,0.001
0.0861,0.1361,11.3244,9.26108,1.43768,0.001
0.0862,0.1362,11.3636,9.05382,1.31712,0.001
0.0863,0.1363,11.0408,8.78207,1.29393,0.001
0.0864,0.1364,10.5392,8.20174,1.72983,0.001
0.0865,0.1365,10.6351,7.85631,2.60626,0.001
0.0866,0.1366,10.5348,7.97606,3.46414,0.001
0.0867,0.1367,10.1727,7.92539,4.31739,0.001
0.0868,0.1368,10.02,7.75958,5.17064,0.001
0.0869,0.1369,9.85428,7.52008,5.81058,0.001
0.087,0.137,9.79757,7.38652,5.80594,0.001
0.0871,0.1371,9.59255,7.31743,5.44887,0.001
0.0872,0.1372,9.64926,7.19308,5.08717,0.001
0.0873,0.1373,10.0549,7.19308,5.23092,0.001
0.0874,0.1374,10.0549,7.34506,5.87086,0.001
0.0875,0.1375,9.76704,7.54311,6.21402,0.001
0.0876,0.1376,9.49222,7.48324,6.28821,0.001
0.0877,0.1377,9.45296,7.48324,6.27894,0.001
0.0878,0.1378,9.38753,7.36809,5.99143,0.001
0.0879,0.1379,9.29156,7.08254,5.41641,0.001
0.088,0.138,9.49658,6.93515,4.70228,0.001
0.0881,0.1381,9.64053,7.03187,3.97423,0.001
0.0882,0.1382,9.67979,7.11017,3.43168,0.001
0.0883,0.1383,9.31773,7.1332,3.32502,0.001
0.0884,0.1384,9.00365,7.26677,3.58471,0.001
0.0885,0.1385,9.20431,7.3727,3.98815,0.001
0.0886,0.1386,9.52275,7.3727,4.33594,0.001
0.0887,0.1387,9.81066,7.41876,4.41013,0.001
0.0888,0.1388,9.62309,7.33585,4.28957,0.001
0.0889,0.1389,9.50094,7.6905,4.22928,0.001
0.089,0.139,9.74523,7.97145,4.22001,0.001
0.0891,0.1391,9.83247,8.15568,4.24319,0.001
0.0892,0.1392,9.82811,8.23398,4.28493,0.001
0.0893,0.1393,9.54457,8.3261,4.33594,0.001
0.0894,0.1394,9.97206,8.38597,4.20146,0.001
0.0895,0.1395,10.4694,8.36294,4.04843,0.001
0.0896,0.1396,10.4999,8.31688,4.09944,0.001
0.0897,0.1397,10.4519,8.28464,4.03452,0.001
0.0898,0.1398,10.1117,8.47809,3.7331,0.001
0.0899,0.1399,10.0986,9.00315,3.2601,0.001
0.09,0.14,10.3385,9.2749,2.699,0.001
0.0901,0.1401,10.4955,9.41307,2.175,0.001
0.0902,0.1402,10.5435,9.56967,1.45623,0.001
0.0903,0.1403,10.5915,10.2467,0.779201,0.001
0.0904,0.1404,10.7267,10.9468,0.296934,0.001
0.0905,0.1405,10.7442,10.7994,0.0418883,0.001
0.0906,0.1406,10.5566,10.3849,0.0465255,0.001
0.0907,0.1407,10.2905,10.0809,0.116084,0.001
0.0908,0.1408,10.1335,9.78614,0.283022,0.001
0.0909,0.1409,10.1335,9.63415,0.389678,0.001
0.091,0.141,9.94589,9.44071,0.398952,0.001
0.0911,0.1411,9.49222,9.13672,0.412864,0.001
0.0912,0.1412,8.8597,8.84195,0.417501,0.001
0.0913,0.1413,8.24899,8.90182,0.477784,0.001
0.0914,0.1414,8.28388,9.03539,0.542705,0.001
0.0915,0.1415,8.35804,8.92025,0.589077,0.001
0.0916,0.1416,8.12684,8.83274,0.635448,0.001
0.0917,0.1417,8.14429,8.92485,0.695731,0.001
0.0918,0.1418,8.42348,9.2749,0.769927,0.001
0.0919,0.1419,8.71138,9.36241,0.79775,0.001
0.092,0.142,8.66776,9.1966,0.788476,0.001
0.0921,0.1421,8.4322,9.06303,0.769927,0.001
0.0922,0.1422,8.3624,9.22884,0.746741,0.001
0.0923,0.1423,8.51944,9.46834,0.691094,0.001
0.0924,0.1424,8.63722,9.47295,0.667908,0.001
0.0925,0.1425,8.63722,9.30714,0.640085,0.001
0.0926,0.1426,8.63722,9.05382,0.626173,0.001
0.0927,0.1427,8.5936,8.59784,0.649359,0.001
0.0928,0.1428,8.65031,7.77801,0.644722,0.001
0.0929,0.1429,8.77245,6.69565,0.667908,0.001
0.093,0.143,9.07781,5.81596,0.742104,0.001
0.0931,0.1431,9.2174,5.17577,0.788476,0.001
0.0932,0.1432,9.1127,4.95009,0.844121,0.001
0.0933,0.1433,9.17378,5.01457,0.885856,0.001
0.0934,0.1434,9.38316,5.02839,0.913679,0.001
0.0935,0.1435,9.62745,4.96391,0.913679,0.001
0.0936,0.1436,9.75831,4.82114,0.927591,0.001
0.0937,0.1437,9.81066,4.63691,0.932228,0.001
0.0938,0.1438,10.2774,4.25925,0.978601,0.001
0.0939,0.1439,10.6177,3.65591,1.02961,0.001
0.094,0.144,10.6962,3.42563,1.14554,0.001
0.0941,0.1441,10.5086,3.34734,1.33103,0.001
0.0942,0.1442,10.1989,3.44866,1.67418,0.001
0.0943,0.1443,9.97643,3.40721,2.23064,0.001
0.0944,0.1444,9.77576,3.02034,2.94941,0.001
0.0945,0.1445,9.58819,2.85454,3.68673,0.001
0.0946,0.1446,9.54457,2.64268,4.35449,0.001
0.0947,0.1447,9.76704,2.39398,4.89704,0.001
0.0948,0.1448,10.0724,2.44004,4.92023,0.001
0.0949,0.1449,10.068,2.4907,4.66518,0.001
0.095,0.145,9.89791,2.42622,4.61417,0.001
0.0951,0.1451,9.74087,2.34793,5.11499,0.001
0.0952,0.1452,10.068,2.21436,5.42105,0.001
0.0953,0.1453,10.26,2.12225,5.15673,0.001
0.0954,0.1454,9.8063,1.86434,4.94805,0.001
0.0955,0.1455,9.09962,1.62486,4.88777,0.001
0.0956,0.1456,8.56743,1.61104,4.78111,0.001
0.0957,0.1457,8.40166,1.82289,4.61417,0.001
0.0958,0.1458,8.17919,1.94264,4.23392,0.001
0.0959,0.1459,7.89129,1.79987,3.68673,0.001
0.096,0.146,7.71244,1.58341,3.26938,0.001
0.0961,0.1461,7.647,1.3301,3.11171,0.001
0.0962,0.1462,7.69499,1.27023,3.07925,0.001
0.0963,0.1463,7.52922,1.31168,3.14417,0.001
0.0964,0.1464,7.27621,1.2426,3.14417,0.001
0.0965,0.1465,7.13226,1.38537,2.72682,0.001
0.0966,0.1466,7.38527,1.79065,2.22601,0.001
0.0967,0.1467,7.70371,2.1637,2.13326,0.001
0.0968,0.1468,7.69499,2.14528,2.37903,0.001
0.0969,0.1469,7.57721,1.89658,2.52742,0.001
0.097,0.147,7.68626,1.7492,2.58307,0.001
0.0971,0.1471,8.0047,1.67091,2.51815,0.001
0.0972,0.1472,8.10503,1.61564,2.41149,0.001
0.0973,0.1473,7.85203,1.51893,2.48105,0.001
0.0974,0.1474,7.66009,1.55577,2.44859,0.001
0.0975,0.1475,7.33292,1.75381,2.11471,0.001
0.0976,0.1476,6.77456,1.96106,1.702,0.001
0.0977,0.1477,5.93702,2.0808,1.35421,0.001
0.0978,0.1478,5.06458,2.26963,1.19191,0.001
0.0979,0.1479,4.58911,2.47228,1.07598,0.001
0.098,0.148,4.66763,2.54136,1.13163,0.001
0.0981,0.1481,4.925,2.62886,1.16873,0.001
0.0982,0.1482,5.27397,2.91441,1.03425,0.001
0.0983,0.1483,5.5008,3.14008,0.86267,0.001
0.0984,0.1484,5.55751,3.30589,0.742104,0.001
0.0985,0.1485,5.40047,3.32891,0.751378,0.001
0.0986,0.1486,5.07331,3.57301,0.788476,0.001
0.0987,0.1487,4.79413,3.66052,0.612263,0.001
0.0988,0.1488,4.71125,3.66052,0.756015,0.001
0.0989,0.1489,4.73306,3.61446,0.973963,0.001
0.099,0.149,4.67635,3.53156,1.27074,0.001
0.0991,0.1491,4.42334,3.46708,1.48405,0.001
0.0992,0.1492,4.16598,3.66052,1.54434,0.001
0.0993,0.1493,4.05692,4.26385,1.64172,0.001
0.0994,0.1494,3.96968,4.92246,1.6649,0.001
0.0995,0.1495,3.75157,5.49357,1.65563,0.001
0.0996,0.1496,3.37206,5.8436,1.9756,0.001
0.0997,0.1497,3.03181,5.72845,2.3744,0.001
0.0998,0.1498,2.76572,5.26328,2.60626,0.001
0.0999,0.1499,2.63486,4.89483,2.71755,0.001
0.1,0.15,2.54761,4.92707,2.76856,0.001
0.1001,0.1501,2.65667,5.00997,2.92622,0.001
0.1002,0.1502,3.0449,4.70139,2.84739,0.001
0.1003,0.1503,3.57272,4.26385,2.60626,0.001
0.1004,0.1504,4.10054,4.00594,2.56452,0.001
0.1005,0.1505,4.61964,3.96909,2.5738,0.001
0.1006,0.1506,5.00788,3.71118,2.70827,0.001
0.1007,0.1507,5.16928,3.21377,2.61089,0.001
0.1008,0.1508,5.16491,2.80848,2.27701,0.001
0.1009,0.1509,5.19545,2.4953,1.96169,0.001
0.101,0.151,5.26961,2.19594,1.69736,0.001
0.1011,0.1511,5.3394,1.8275,1.47942,0.001
0.1012,0.1512,5.44409,1.69854,1.22901,0.001
0.1013,0.1513,5.52261,1.60643,1.22437,0.001
0.1014,0.1514,5.69274,1.30707,1.40058,0.001
0.1015,0.1515,5.95011,0.924817,1.58143,0.001
0.1016,0.1516,6.19439,0.920212,1.62317,0.001
0.1017,0.1517,6.35579,1.18733,1.49797,0.001
0.1018,0.1518,6.56954,1.33931,1.44232,0.001
0.1019,0.1519,6.71785,1.47287,1.38204,0.001
0.102,0.152,6.9316,1.4959,1.29393,0.001
0.1021,0.1521,7.26313,1.41761,1.30784,0.001
0.1022,0.1522,7.53359,1.45906,1.50724,0.001
0.1023,0.1523,7.7168,1.52353,1.82257,0.001
0.1024,0.1524,7.94363,1.46827,2.1379,0.001
0.1025,0.1525,8.15738,1.21496,2.23992,0.001
0.1026,0.1526,8.34495,1.00772,2.30948,0.001
0.1027,0.1527,8.55434,0.975478,2.39294,0.001
0.1028,0.1528,8.71574,1.06298,2.10544,0.001
0.1029,0.1529,8.84225,1.17812,1.87822,0.001
0.103,0.153,8.83352,1.28865,1.93386,0.001
0.1031,0.1531,8.755,1.3301,2.32802,0.001
0.1032,0.1532,8.78118,1.33471,2.81957,0.001
0.1033,0.1533,8.8248,1.29326,2.94477,0.001
0.1034,0.1534,8.70266,1.23799,3.2601,0.001
0.1035,0.1535,8.41475,1.23339,3.64963,0.001
0.1036,0.1536,8.17483,1.34392,3.9325,0.001
0.1037,0.1537,8.20973,1.58801,4.01597,0.001
0.1038,0.1538,8.41039,1.87355,3.95105,0.001
0.1039,0.1539,8.56307,2.04396,3.86294,0.001
0.104,0.154,8.88151,2.0762,3.81657,0.001
0.1041,0.1541,9.58383,2.41701,3.82121,0.001
0.1042,0.1542,10.4345,2.72098,3.90468,0.001
0.1043,0.1543,11.0844,2.88217,4.08089,0.001
0.1044,0.1544,11.3418,2.86375,4.09016,0.001
0.1045,0.1545,11.4378,2.85454,3.7702,0.001
0.1046,0.1546,11.3462,3.04337,3.35285,0.001
0.1047,0.1547,11.1979,3.28746,3.10707,0.001
0.1048,0.1548,11.1411,3.4809,3.20446,0.001
0.1049,0.1549,11.1673,3.78487,3.04679,0.001
0.105,0.155,11.224,4.3007,2.63408,0.001
0.1051,0.1551,11.2197,5.04221,2.22601,0.001
0.1052,0.1552,11.1281,5.54423,2.10544,0.001
0.1053,0.1553,10.923,5.86663,2.19355,0.001
0.1054,0.1554,10.6526,5.96795,2.18891,0.001
0.1055,0.1555,10.3429,5.98177,2.02661,0.001
0.1056,0.1556,9.92408,5.98177,1.91531,0.001
0.1057,0.1557,9.61436,5.85281,1.80402,0.001
0.1058,0.1558,9.38316,5.74688,1.70664,0.001
0.1059,0.1559,9.19995,5.69161,1.60926,0.001
0.106,0.156,9.32645,5.47054,1.69273,0.001
0.1061,0.1561,9.8063,5.33237,1.69273,0.001
0.1062,0.1562,10.0898,5.31394,1.55825,0.001
0.1063,0.1563,9.91099,5.38763,1.35885,0.001
0.1064,0.1564,9.78013,5.57186,1.55361,0.001
0.1065,0.1565,9.99824,5.78833,1.8643,0.001
0.1066,0.1566,9.96334,6.15218,2.03588,0.001
0.1067,0.1567,9.58383,6.4884,2.09153,0.001
0.1068,0.1568,9.15633,6.75553,2.07298,0.001
0.1069,0.1569,8.84661,6.96739,2.14717,0.001
0.107,0.157,8.68957,7.22992,2.25383,0.001
0.1071,0.1571,8.62414,7.55232,2.27701,0.001
0.1072,0.1572,8.67212,7.89776,2.35585,0.001
0.1073,0.1573,8.57179,8.23859,2.46714,0.001
0.1074,0.1574,8.41911,8.39058,2.58307,0.001
0.1075,0.1575,8.33187,8.42282,2.80566,0.001
0.1076,0.1576,8.10067,8.43664,3.0607,0.001
0.1077,0.1577,7.77351,8.28464,3.21837,0.001
0.1078,0.1578,7.58157,7.98987,3.22764,0.001
0.1079,0.1579,7.62955,7.72274,3.11635,0.001
0.108,0.158,7.84766,7.93,3.12562,0.001
0.1081,0.1581,8.12684,8.3261,3.14881,0.001
0.1082,0.1582,8.34495,8.45966,3.12562,0.001
0.1083,0.1583,8.48891,8.35834,3.10707,0.001
0.1084,0.1584,8.65031,8.39979,3.11635,0.001
0.1085,0.1585,8.78118,8.68995,3.16736,0.001
0.1086,0.1586,8.77681,8.98473,3.32039,0.001
0.1087,0.1587,8.73755,9.14133,3.39922,0.001
0.1088,0.1588,8.74628,9.22884,3.40849,0.001
0.1089,0.1589,9.01674,9.39925,3.45487,0.001
0.109,0.159,9.19123,9.54664,3.41313,0.001
0.1091,0.1591,9.06472,9.60652,3.28329,0.001
0.1092,0.1592,8.94258,9.62033,3.15808,0.001
0.1093,0.1593,8.84225,9.55585,3.04215,0.001
0.1094,0.1594,8.86406,9.45913,3.04679,0.001
0.1095,0.1595,9.00365,9.4361,3.13954,0.001
0.1096,0.1596,9.056,9.47295,3.26474,0.001
0.1097,0.1597,9.03855,9.57427,3.61717,0.001
0.1098,0.1598,8.99929,9.46834,4.10871,0.001
0.1099,0.1599,9.18686,9.30253,4.60953,0.001
0.11,0.16,9.22612,9.18738,4.93414,0.001
0.1101,0.1601,9.09526,9.13672,5.0408,0.001
0.1102,0.1602,9.02546,9.10908,5.09181,0.001
0.1103,0.1603,8.89459,9.09066,5.09181,0.001
0.1104,0.1604,8.78554,9.11369,4.91559,0.001
0.1105,0.1605,8.4671,9.10908,4.82285,0.001
0.1106,0.1606,8.05705,9.14133,4.87849,0.001
0.1107,0.1607,7.84766,9.16896,5.03616,0.001
0.1108,0.1608,7.68626,9.36701,5.13818,0.001
0.1109,0.1609,7.56848,9.85063,5.17528,0.001
0.111,0.161,7.62519,10.2882,5.18919,0.001
0.1111,0.1611,7.647,10.4125,5.2402,0.001
0.1112,0.1612,7.65573,10.3112,5.08253,0.001
0.1113,0.1613,7.69935,10.1822,4.79039,0.001
0.1114,0.1614,7.98725,10.173,4.49824,0.001
0.1115,0.1615,8.19228,10.0303,4.30811,0.001
0.1116,0.1616,8.29261,9.68482,4.35912,0.001
0.1117,0.1617,8.31878,9.32095,4.58171,0.001
0.1118,0.1618,8.44529,9.20581,4.79966,0.001
0.1119,0.1619,8.7899,9.29792,5.05935,0.001
0.112,0.162,9.12143,9.41768,5.15209,0.001
0.1121,0.1621,9.43987,9.50058,5.15673,0.001
0.1122,0.1622,9.72778,9.519,5.05471,0.001
0.1123,0.1623,9.94589,9.62494,4.92023,0.001
0.1124,0.1624,10.0593,9.68021,4.76256,0.001
0.1125,0.1625,10.02,9.72166,4.53998,0.001
0.1126,0.1626,10.068,9.70784,4.17827,0.001
0.1127,0.1627,10.2251,9.69403,3.91395,0.001
0.1128,0.1628,10.5348,9.63415,3.84439,0.001
0.1129,0.1629,10.875,9.77693,3.76556,0.001
0.113,0.163,11.0975,9.9888,3.52906,0.001
0.1131,0.1631,11.2546,10.0625,3.28793,0.001
0.1132,0.1632,11.32,10.1362,3.14417,0.001
0.1133,0.1633,11.477,10.1822,3.26938,0.001
0.1134,0.1634,11.6079,10.0441,3.47805,0.001
0.1135,0.1635,11.6079,9.81839,3.64499,0.001
0.1136,0.1636,11.5686,9.7539,3.83512,0.001
0.1137,0.1637,11.6908,9.84602,4.07625,0.001
0.1138,0.1638,11.8784,9.81378,4.27565,0.001
0.1139,0.1639,11.9394,9.58809,4.33594,0.001
0.114,0.164,11.9961,9.39465,4.42404,0.001
0.1141,0.1641,12.0877,9.31635,4.54925,0.001
0.1142,0.1642,12.0529,9.29792,4.693,0.001
0.1143,0.1643,12.0267,9.29792,4.78111,0.001
0.1144,0.1644,11.9569,9.33016,4.87386,0.001
0.1145,0.1645,11.7955,9.35319,5.09181,0.001
0.1146,0.1646,11.4421,9.41768,5.29584,0.001
0.1147,0.1647,10.9841,9.49137,5.26338,0.001
0.1148,0.1648,10.7965,9.44071,5.01297,0.001
0.1149,0.1649,10.7311,9.25647,4.66982,0.001
0.115,0.165,10.6787,9.00776,4.48433,0.001
0.1151,0.1651,10.6482,8.74062,4.3684,0.001
0.1152,0.1652,10.6875,8.47348,4.24319,0.001
0.1153,0.1653,10.6133,8.06817,4.23856,0.001
0.1154,0.1654,10.3254,7.64444,4.36376,0.001
0.1155,0.1655,9.94153,7.46021,4.62345,0.001
0.1156,0.1656,9.63181,7.48784,4.90168,0.001
0.1157,0.1657,9.49658,7.52008,5.04543,0.001
0.1158,0.1658,9.44423,7.52008,5.01761,0.001
0.1159,0.1659,9.21304,7.42336,4.89704,0.001
0.116,0.166,8.88587,7.22532,4.78111,0.001
0.1161,0.1661,8.48018,6.90291,4.52606,0.001
0.1162,0.1662,8.44529,6.47919,4.1319,0.001
0.1163,0.1663,8.54562,6.0094,3.79338,0.001
0.1164,0.1664,8.50636,5.65937,3.54297,0.001
0.1165,0.1665,8.34495,5.5258,3.37603,0.001
0.1166,0.1666,8.15738,5.63634,3.24155,0.001
0.1167,0.1667,8.28388,5.93111,3.22301,0.001
0.1168,0.1668,8.4671,6.24429,3.27401,0.001
0.1169,0.1669,8.58051,6.45616,3.15808,0.001
0.117,0.167,8.74192,6.60354,2.94477,0.001
0.1171,0.1671,8.93822,6.73711,2.69436,0.001
0.1172,0.1672,9.4137,6.72329,2.38367,0.001
0.1173,0.1673,9.82375,6.69565,2.18891,0.001
0.1174,0.1674,9.94589,6.84764,2.20282,0.001
0.1175,0.1675,9.78013,6.99963,2.39294,0.001
0.1176,0.1676,9.48349,7.02266,2.61553,0.001
0.1177,0.1677,9.31337,6.8891,3.05607,0.001
0.1178,0.1678,9.23921,6.74632,3.59862,0.001
0.1179,0.1679,9.1476,6.68184,4.0577,0.001
0.118,0.168,9.06472,6.5713,4.34521,0.001
0.1181,0.1681,9.1127,6.43773,4.3313,0.001
0.1182,0.1682,9.16069,6.35483,4.13654,0.001
0.1183,0.1683,8.91641,6.35483,3.99278,0.001
0.1184,0.1684,8.67212,6.38707,3.94177,0.001
0.1185,0.1685,8.62414,6.58512,4.06698,0.001
0.1186,0.1686,8.80735,6.77395,4.06234,0.001
0.1187,0.1687,8.96439,6.85225,4.06234,0.001
0.1188,0.1688,8.86406,6.93055,4.0948,0.001
0.1189,0.1689,8.68957,7.15623,4.13654,0.001
0.119,0.169,8.69829,7.34967,4.11799,0.001
0.1191,0.1691,8.70702,7.50166,4.00206,0.001
0.1192,0.1692,8.58051,7.46021,3.8583,0.001
0.1193,0.1693,8.37549,7.27598,3.76556,0.001
0.1194,0.1694,8.25771,7.09635,3.73774,0.001
0.1195,0.1695,8.33623,6.95818,3.79338,0.001
0.1196,0.1696,8.37985,6.85225,3.77947,0.001
0.1197,0.1697,8.22281,6.59433,3.86294,0.001
0.1198,0.1698,7.95672,6.23508,3.94641,0.001
0.1199,0.1699,7.75606,5.96795,3.81657,0.001
0.12,0.17,7.76914,5.83439,3.46878,0.001
0.1201,0.1701,7.89565,5.59489,3.05607,0.001
0.1202,0.1702,8.01779,5.22183,2.90304,0.001
0.1203,0.1703,8.06577,4.95009,2.88449,0.001
0.1204,0.1704,8.0745,4.83956,2.87985,0.001
0.1205,0.1705,8.22281,4.72442,2.90304,0.001
0.1206,0.1706,8.30133,4.41123,2.92622,0.001
0.1207,0.1707,8.26644,4.02897,2.88913,0.001
0.1208,0.1708,8.201,3.74802,2.85203,0.001
0.1209,0.1709,8.1094,3.52695,2.8242,0.001
0.121,0.171,7.85639,3.36115,2.83812,0.001
0.1211,0.1711,7.57721,3.13548,2.80102,0.001
0.1212,0.1712,7.30675,3.02955,2.90767,0.001
0.1213,0.1713,7.24568,3.04797,3.09316,0.001
0.1214,0.1714,7.32856,2.99731,3.40386,0.001
0.1215,0.1715,7.56412,2.96968,3.81657,0.001
0.1216,0.1716,7.8782,2.9881,4.26638,0.001
0.1217,0.1717,8.18355,2.98349,4.71155,0.001
0.1218,0.1718,8.30569,2.93283,4.99906,0.001
0.1219,0.1719,8.33623,2.79927,5.19382,0.001
0.122,0.172,8.29697,2.83612,5.18919,0.001
0.1221,0.1721,8.19228,2.79006,5.25411,0.001
0.1222,0.1722,8.05269,2.53675,5.55553,0.001
0.1223,0.1723,8.00034,2.35253,5.93114,0.001
0.1224,0.1724,7.98725,2.25121,6.16764,0.001
0.1225,0.1725,7.89565,2.2466,6.17228,0.001
0.1226,0.1726,7.58157,2.27884,6.26503,0.001
0.1227,0.1727,7.2893,2.53215,6.4737,0.001
0.1228,0.1728,7.10609,2.88217,6.52935,0.001
0.1229,0.1729,6.94469,3.18153,6.56645,0.001
0.123,0.173,6.70477,3.28286,6.49689,0.001
0.1231,0.1731,6.46485,3.13087,6.49689,0.001
0.1232,0.1732,6.29908,2.93283,6.58963,0.001
0.1233,0.1733,6.12896,2.85454,6.75194,0.001
0.1234,0.1734,6.02863,2.99731,6.79831,0.001
0.1235,0.1735,6.07225,3.28286,6.71484,0.001
0.1236,0.1736,6.1813,3.38879,6.76121,0.001
0.1237,0.1737,6.34707,3.45326,6.71948,0.001
0.1238,0.1738,6.50847,3.5638,6.49225,0.001
0.1239,0.1739,6.66114,3.61907,6.28358,0.001
0.124,0.174,6.66987,3.47169,6.16764,0.001
0.1241,0.1741,6.47793,3.15851,6.05635,0.001
0.1242,0.1742,6.21184,2.99731,5.81521,0.001
0.1243,0.1743,6.09406,3.02034,5.51379,0.001
0.1244,0.1744,6.04607,3.11706,5.40714,0.001
0.1245,0.1745,5.91085,3.14469,5.25411,0.001
0.1246,0.1746,5.73636,3.19996,5.05471,0.001
0.1247,0.1747,5.56187,3.36576,4.91095,0.001
0.1248,0.1748,5.47463,3.53156,4.70228,0.001
0.1249,0.1749,5.48772,3.63288,4.37303,0.001
0.125,0.175,5.53134,3.69276,4.03916,0.001
0.1251,0.1751,5.68401,3.75723,3.82121,0.001
0.1252,0.1752,5.87595,3.85395,3.64499,0.001
0.1253,0.1753,6.14641,3.92304,3.44559,0.001
0.1254,0.1754,6.29036,3.92304,3.2601,0.001
0.1255,0.1755,6.31653,3.85395,3.16272,0.001
0.1256,0.1756,6.29908,3.83092,3.27401,0.001
0.1257,0.1757,6.26855,3.88619,3.47341,0.001
0.1258,0.1758,6.24237,3.95988,3.66354,0.001
0.1259,0.1759,6.19439,3.9737,3.70991,0.001
0.126,0.176,6.18567,3.98752,3.75165,0.001
0.1261,0.1761,6.31217,4.15792,3.89076,0.001
0.1262,0.1762,6.41686,4.39281,3.98351,0.001
0.1263,0.1763,6.37324,4.64612,4.2571,0.001
0.1264,0.1764,6.22493,4.97773,4.54461,0.001
0.1265,0.1765,6.0897,5.42909,4.85531,0.001
0.1266,0.1766,5.95447,5.86663,5.25411,0.001
0.1267,0.1767,5.80616,6.1706,5.51379,0.001
0.1268,0.1768,5.59241,6.32259,5.89405,0.001
0.1269,0.1769,5.45282,6.35022,6.20011,0.001
0.127,0.177,5.44846,6.36404,6.33922,0.001
0.1271,0.1771,5.64039,6.52524,6.3856,0.001
0.1272,0.1772,6.01554,6.87528,6.36241,0.001
0.1273,0.1773,6.46048,7.12399,6.42269,0.001
0.1274,0.1774,6.86617,7.14702,6.53862,0.001
0.1275,0.1775,7.34601,7.14702,6.63137,0.001
0.1276,0.1776,7.88256,7.29901,6.72411,0.001
0.1277,0.1777,8.26644,7.42336,6.79831,0.001
0.1278,0.1778,8.37113,7.38652,6.89106,0.001
0.1279,0.1779,8.27952,7.20689,6.79831,0.001
0.128,0.178,8.24026,6.99963,6.75657,0.001
0.1281,0.1781,8.25335,6.82462,6.8586,0.001
0.1282,0.1782,8.30569,6.67723,7.12292,0.001
0.1283,0.1783,8.49763,6.64499,7.35942,0.001
0.1284,0.1784,8.78554,6.64039,7.39652,0.001
0.1285,0.1785,9.01237,6.61736,7.50317,0.001
0.1286,0.1786,9.19559,6.58051,7.62838,0.001
0.1287,0.1787,9.31337,6.35483,7.79996,0.001
0.1288,0.1788,9.36571,6.0048,7.93444,0.001
0.1289,0.1789,9.4137,5.71924,8.05501,0.001
0.129,0.179,9.49222,5.51659,8.26368,0.001
0.1291,0.1791,9.63617,5.37842,8.52337,0.001
0.1292,0.1792,9.91535,5.14814,8.70886,0.001
0.1293,0.1793,10.2731,4.99155,8.76451,0.001
0.1294,0.1794,10.6395,4.94549,8.76915,0.001
0.1295,0.1795,10.9797,4.92707,8.81088,0.001
0.1296,0.1796,11.2589,4.85338,8.95927,0.001
0.1297,0.1797,11.3505,4.7935,9.17259,0.001
0.1298,0.1798,11.2764,4.73823,9.2978,0.001
0.1299,0.1799,11.1411,4.76587,9.13085,0.001
0.13,0.18,11.1411,4.88101,8.97319,0.001
0.1301,0.1801,11.019,4.99155,9.05666,0.001
0.1302,0.1802,10.7747,4.99155,9.17259,0.001
0.1303,0.1803,10.5566,5.06063,9.22824,0.001
0.1304,0.1804,10.4606,5.21262,9.27925,0.001
0.1305,0.1805,10.4606,5.4383,9.48792,0.001
0.1306,0.1806,10.4606,5.75148,9.76616,0.001
0.1307,0.1807,10.3996,6.0048,10.0073,0.001
0.1308,0.1808,10.2905,6.27653,10.1232,0.001
0.1309,0.1809,10.2033,6.49761,10.3041,0.001
0.131,0.181,10.2687,6.69105,10.5174,0.001
0.1311,0.1811,10.3865,6.87988,10.7307,0.001
0.1312,0.1812,10.4824,7.0503,10.995,0.001
0.1313,0.1813,10.6482,7.27137,11.2176,0.001
0.1314,0.1814,10.9579,7.57996,11.3336,0.001
0.1315,0.1815,11.2589,7.97606,11.4959,0.001
0.1316,0.1816,11.3549,8.29385,11.7045,0.001
0.1317,0.1817,11.2764,8.60244,11.8576,0.001
0.1318,0.1818,11.1673,9.09066,11.9921,0.001
0.1319,0.1819,11.067,9.71706,12.261,0.001
0.132,0.182,11.0146,10.3158,12.5439,0.001
0.1321,0.1821,10.9318,10.8133,12.6274,0.001
0.1322,0.1822,10.8489,11.2462,12.5207,0.001
0.1323,0.1823,10.8358,11.6838,12.53,0.001
0.1324,0.1824,10.8881,11.9463,12.5856,0.001
0.1325,0.1825,10.8227,12.0661,12.6181,0.001
0.1326,0.1826,10.6177,12.0338,12.5439,0.001
0.1327,0.1827,10.4781,12.0338,12.4326,0.001
0.1328,0.1828,10.4126,12.1305,12.3213,0.001
0.1329,0.1829,10.3952,12.2872,12.2054,0.001
0.133,0.183,10.4301,12.5359,12.1868,0.001
0.1331,0.1831,10.4345,12.7293,12.3074,0.001
0.1332,0.1832,10.4955,12.9688,12.3584,0.001
0.1333,0.1833,10.5304,13.1531,12.3909,0.001
0.1334,0.1834,10.5959,13.3373,12.4604,0.001
0.1335,0.1835,10.4432,13.4479,12.5393,0.001
0.1336,0.1836,10.0244,13.6413,12.479,0.001
0.1337,0.1837,9.64926,14.0098,12.3399,0.001
0.1338,0.1838,9.39625,14.4197,12.2842,0.001
0.1339,0.1839,9.13888,14.8297,12.3955,0.001
0.134,0.184,8.70702,15.2074,12.5764,0.001
0.1341,0.1841,8.34495,15.5666,12.7526,0.001
0.1342,0.1842,8.25771,15.843,12.9844,0.001
0.1343,0.1843,8.26207,16.0226,13.2163,0.001
0.1344,0.1844,8.24899,16.1194,13.4667,0.001
0.1345,0.1845,8.1661,16.1885,13.7682,0.001
0.1346,0.1846,7.95236,16.2391,14.1391,0.001
0.1347,0.1847,7.74297,16.2161,14.422,0.001
0.1348,0.1848,7.60774,16.0273,14.6771,0.001
0.1349,0.1849,7.55539,15.7601,14.8533,0.001
0.135,0.185,7.46815,15.6173,14.9553,0.001
0.1351,0.1851,7.4856,15.6864,15.0388,0.001
0.1352,0.1852,7.67754,15.7923,15.1362,0.001
0.1353,0.1853,7.91746,15.9213,15.3402,0.001
0.1354,0.1854,8.201,16.0687,15.5906,0.001
0.1355,0.1855,8.4322,16.2576,15.8457,0.001
0.1356,0.1856,8.5936,16.3819,16.0729,0.001
0.1357,0.1857,8.72883,16.4096,16.2816,0.001
0.1358,0.1858,8.85533,16.4326,16.3604,0.001
0.1359,0.1859,9.04291,16.4694,16.3233,0.001
0.136,0.186,9.26102,16.5017,16.2677,0.001
0.1361,0.1861,9.64053,16.5293,16.3094,0.001
0.1362,0.1862,10.0811,16.6214,16.3558,0.001
0.1363,0.1863,10.5348,16.6951,16.4346,0.001
0.1364,0.1864,10.814,16.7228,16.5459,0.001
0.1365,0.1865,10.9667,16.7458,16.7732,0.001
0.1366,0.1866,11.2284,16.7965,17.1673,0.001
0.1367,0.1867,11.5163,16.7688,17.6496,0.001
0.1368,0.1868,11.7824,16.6721,18.118,0.001
0.1369,0.1869,11.9525,16.5708,18.489,0.001
0.137,0.187,12.1226,16.5201,18.7858,0.001
0.1371,0.1871,12.3713,16.4464,18.9342,0.001
0.1372,0.1872,12.6854,16.3957,19.0084,0.001
0.1373,0.1873,12.934,16.2299,19.0037,0.001
0.1374,0.1874,13.0082,16.0871,18.9666,0.001
0.1375,0.1875,13.0649,16.0319,19.0547,0.001
0.1376,0.1876,13.1434,16.0503,19.282,0.001
0.1377,0.1877,13.1172,16.0871,19.6112,0.001
0.1378,0.1878,13.0998,16.1286,19.9451,0.001
0.1379,0.1879,13.03,16.1839,20.2187,0.001
0.138,0.188,12.9776,16.2806,20.432,0.001
0.1381,0.1881,12.9122,16.3313,20.6036,0.001
0.1382,0.1882,12.9079,16.3313,20.7428,0.001
0.1383,0.1883,12.9122,16.2345,20.9375,0.001
0.1384,0.1884,12.8686,16.1194,21.174,0.001
0.1385,0.1885,12.9079,15.9858,21.4755,0.001
0.1386,0.1886,13.0344,15.797,21.9717,0.001
0.1387,0.1887,13.1303,15.6127,22.6348,0.001
0.1388,0.1888,13.0954,15.539,23.3212,0.001
0.1389,0.1889,12.9646,15.6357,23.9565,0.001
0.139,0.189,12.8686,15.9075,24.4249,0.001
0.1391,0.1891,12.8599,16.2023,24.7402,0.001
0.1392,0.1892,12.8032,16.4879,24.8654,0.001
0.1393,0.1893,12.7595,16.6859,24.8793,0.001
0.1394,0.1894,12.7552,16.9162,24.8701,0.001
0.1395,0.1895,12.7595,17.0728,24.8422,0.001
0.1396,0.1896,12.6854,17.1742,24.8747,0.001
0.1397,0.1897,12.5545,17.2525,25.0045,0.001
0.1398,0.1898,12.5109,17.3262,25.3106,0.001
0.1399,0.1899,12.6287,17.4413,25.7605,0.001
0.14,0.19,12.7901,17.5887,26.1778,0.001
0.1401,0.1901,12.8424,17.7592,26.4561,0.001
0.1402,0.1902,12.9166,17.9158,26.623,0.001
0.1403,0.1903,13.0911,18.0816,26.7853,0.001
0.1404,0.1904,13.3005,18.2382,27.0265,0.001
0.1405,0.1905,13.488,18.3672,27.3325,0.001
0.1406,0.1906,13.584,18.4501,27.7082,0.001
0.1407,0.1907,13.6931,18.4916,28.0746,0.001
0.1408,0.1908,13.8196,18.5376,28.3899,0.001
0.1409,0.1909,13.981,18.7127,28.7238,0.001
0.141,0.191,14.1162,18.8785,29.0809,0.001
0.1411,0.1911,14.0726,18.9522,29.2896,0.001
0.1412,0.1912,13.9504,18.9384,29.4519,0.001
0.1413,0.1913,13.8981,18.9614,29.6049,0.001
0.1414,0.1914,13.9417,19.0904,29.7997,0.001
0.1415,0.1915,13.9112,19.224,30.0223,0.001
0.1416,0.1916,13.8065,19.3898,30.2403,0.001
0.1417,0.1917,13.6887,19.5648,30.5463,0.001
0.1418,0.1918,13.5404,19.7352,30.9405,0.001
0.1419,0.1919,13.3833,19.9149,31.3579,0.001
0.142,0.192,13.2437,20.0715,31.7289,0.001
0.1421,0.1921,13.174,20.2143,32.1138,0.001
0.1422,0.1922,13.1696,20.265,32.5405,0.001
0.1423,0.1923,13.0649,20.2926,32.9671,0.001
0.1424,0.1924,12.8773,20.3479,33.3938,0.001
0.1425,0.1925,12.6636,20.3709,33.7601,0.001
0.1426,0.1926,12.4804,20.3755,33.9827,0.001
0.1427,0.1927,12.2666,20.3433,34.1775,0.001
0.1428,0.1928,12.031,20.2742,34.4048,0.001
0.1429,0.1929,11.7693,20.1867,34.6691,0.001
0.143,0.193,11.4901,20.136,34.7989,0.001
0.1431,0.1931,11.3113,20.1314,34.734,0.001
0.1432,0.1932,11.1891,20.0853,34.6088,0.001
0.1433,0.1933,11.1019,20.0531,34.3816,0.001
0.1434,0.1934,10.9667,20.1268,34.1822,0.001
0.1435,0.1935,10.862,20.3525,33.9827,0.001
0.1436,0.1936,10.9143,20.592,33.9735,0.001
0.1437,0.1937,11.0757,20.85,34.2285,0.001
0.1438,0.1938,11.2109,21.1724,34.4697,0.001
0.1439,0.1939,11.2676,21.4304,34.6042,0.001
0.144,0.194,11.3374,21.587,34.6552,0.001
0.1441,0.1941,11.4683,21.5916,34.7155,0.001
0.1442,0.1942,11.5992,21.5685,34.8268,0.001
0.1443,0.1943,11.717,21.6192,35.003,0.001
0.1444,0.1944,11.7911,21.6975,35.2024,0.001
0.1445,0.1945,11.8217,21.8864,35.3091,0.001
0.1446,0.1946,11.8129,22.1628,35.4297,0.001
0.1447,0.1947,11.7519,22.5497,35.5734,0.001
0.1448,0.1948,11.669,22.932,35.6755,0.001
0.1449,0.1949,11.5686,23.1439,35.6383,0.001
0.145,0.195,11.525,23.2867,35.4018,0.001
0.1451,0.1951,11.6035,23.4249,35.1282,0.001
0.1452,0.1952,11.7213,23.7243,34.85,0.001
0.1453,0.1953,11.7955,24.079,34.5717,0.001
0.1454,0.1954,11.8086,24.4936,34.3908,0.001
0.1455,0.1955,11.8086,24.9589,34.3723,0.001
0.1456,0.1956,11.7824,25.4333,34.6134,0.001
0.1457,0.1957,11.6908,25.8387,34.85,0.001
0.1458,0.1958,11.6079,26.1658,34.952,0.001
0.1459,0.1959,11.5425,26.35,34.9103,0.001
0.146,0.196,11.5425,26.4744,34.8268,0.001
0.1461,0.1961,11.5556,26.6817,34.8221,0.001
0.1462,0.1962,11.4988,26.9627,34.8268,0.001
0.1463,0.1963,11.4334,27.2621,34.8268,0.001
0.1464,0.1964,11.4072,27.5616,34.8917,0.001
0.1465,0.1965,11.4552,27.8656,34.9752,0.001
0.1466,0.1966,11.4945,28.1834,35.156,0.001
0.1467,0.1967,11.4378,28.552,35.3555,0.001
0.1468,0.1968,11.3767,28.9666,35.4297,0.001
0.1469,0.1969,11.4029,29.4595,35.3647,0.001
0.147,0.197,11.4683,29.8741,35.272,0.001
0.1471,0.1971,11.4727,30.1228,35.2256,0.001
0.1472,0.1972,11.5381,30.2518,35.2024,0.001
0.1473,0.1973,11.6821,30.3163,35.1468,0.001
0.1474,0.1974,11.8566,30.2933,35.1236,0.001
0.1475,0.1975,11.9438,30.1413,35.1514,0.001
0.1476,0.1976,11.9569,30.0123,35.2488,0.001
0.1477,0.1977,11.9002,29.957,35.2442,0.001
0.1478,0.1978,11.9438,29.9294,35.1978,0.001
0.1479,0.1979,12.0834,29.8603,35.0262,0.001
0.148,0.198,12.2317,29.7451,34.9195,0.001
0.1481,0.1981,12.4542,29.57,34.8685,0.001
0.1482,0.1982,12.8119,29.4503,34.8361,0.001
0.1483,0.1983,13.3397,29.3581,34.7247,0.001
0.1484,0.1984,13.9461,29.3766,34.6134,0.001
0.1485,0.1985,14.535,29.4549,34.6459,0.001
0.1486,0.1986,15.0541,29.4871,34.6784,0.001
0.1487,0.1987,15.4511,29.4411,34.6181,0.001
0.1488,0.1988,15.7346,29.3305,34.5022,0.001
0.1489,0.1989,15.8088,29.3305,34.4094,0.001
0.149,0.199,15.8088,29.4088,34.3769,0.001
0.1491,0.1991,15.8131,29.5378,34.2656,0.001
0.1492,0.1992,15.9091,29.676,34.1451,0.001
0.1493,0.1993,16.1228,29.7036,33.9781,0.001
0.1494,0.1994,16.4369,29.6345,33.8854,0.001
0.1495,0.1995,16.7249,29.5378,33.8251,0.001
0.1496,0.1996,16.9386,29.4272,33.6813,0.001
0.1497,0.1997,17.0564,29.2061,33.5329,0.001
0.1498,0.1998,17.0607,28.9067,33.3752,0.001
0.1499,0.1999,17.0215,28.598,33.2871,0.001
0.15,0.2,17.0215,28.3078,33.2454,0.001
0.1501,0.2001,17.1524,28.036,33.0923,0.001
0.1502,0.2002,17.3705,27.8748,32.9486,0.001
0.1503,0.2003,17.5973,27.8287,32.8326,0.001
0.1504,0.2004,17.75,27.8978,32.8141,0.001
0.1505,0.2005,17.8503,27.9577,32.7955,0.001
0.1506,0.2006,17.8809,27.9762,32.6332,0.001
0.1507,0.2007,17.8547,27.9669,32.4709,0.001
0.1508,0.2008,17.7762,27.9071,32.4013,0.001
0.1509,0.2009,17.6933,27.7919,32.3921,0.001
0.151,0.201,17.6497,27.5846,32.3271,0.001
0.1511,0.2011,17.6584,27.3589,32.2297,0.001
0.1512,0.2012,17.7456,27.2253,32.1138,0.001
0.1513,0.2013,17.9201,27.1378,31.9376,0.001
0.1514,0.2014,18.1993,27.0641,31.817,0.001
0.1515,0.2015,18.5439,26.9489,31.7567,0.001
0.1516,0.2016,18.9322,26.8568,31.7428,0.001
0.1517,0.2017,19.3117,26.7324,31.6547,0.001
0.1518,0.2018,19.6171,26.5804,31.4738,0.001
0.1519,0.2019,19.8134,26.4928,31.2837,0.001
0.152,0.202,19.9181,26.5067,31.0936,0.001
0.1521,0.2021,19.9311,26.5665,30.9266,0.001
0.1522,0.2022,19.8483,26.6172,30.6762,0.001
0.1523,0.2023,19.8134,26.6817,30.3794,0.001
0.1524,0.2024,19.8483,26.737,30.1243,0.001
0.1525,0.2025,19.8963,26.7324,29.8182,0.001
0.1526,0.2026,19.8483,26.737,29.54,0.001
0.1527,0.2027,19.6869,26.737,29.2896,0.001
0.1528,0.2028,19.4338,26.8107,29.0484,0.001
0.1529,0.2029,19.2026,26.9719,28.7934,0.001
0.153,0.203,19.0412,27.2115,28.5383,0.001
0.1531,0.2031,18.954,27.4602,28.3018,0.001
0.1532,0.2032,18.8973,27.6721,28.1534,0.001
0.1533,0.2033,18.8449,27.8886,28.0514,0.001
0.1534,0.2034,18.7359,28.0913,27.8983,0.001
0.1535,0.2035,18.5527,28.2249,27.7685,0.001
0.1536,0.2036,18.304,28.2802,27.5969,0.001
0.1537,0.2037,18.1513,28.2525,27.4067,0.001
0.1538,0.2038,18.099,28.2295,27.1888,0.001
0.1539,0.2039,18.0684,28.2019,26.9384,0.001
0.154,0.204,17.9856,28.1466,26.6508,0.001
0.1541,0.2041,17.7762,28.1282,26.3355,0.001
0.1542,0.2042,17.4621,28.036,26.0573,0.001
0.1543,0.2043,17.1218,27.9163,25.779,0.001
0.1544,0.2044,16.7859,27.7735,25.4497,0.001
0.1545,0.2045,16.3279,27.6122,25.1669,0.001
0.1546,0.2046,15.7651,27.3635,24.9814,0.001
0.1547,0.2047,15.1719,27.0641,24.8747,0.001
0.1548,0.2048,14.6615,26.7923,24.7541,0.001
0.1549,0.2049,14.2645,26.502,24.6475,0.001
0.155,0.205,13.9679,26.1704,24.5686,0.001
0.1551,0.2051,13.837,25.8018,24.4991,0.001
0.1552,0.2052,13.8588,25.484,24.3785,0.001
0.1553,0.2053,13.9504,25.2214,24.2626,0.001
0.1554,0.2054,13.9286,24.922,24.2394,0.001
0.1555,0.2055,13.7716,24.5627,24.1791,0.001
0.1556,0.2056,13.4619,24.1573,24.0724,0.001
0.1557,0.2057,13.1391,23.752,23.7803,0.001
0.1558,0.2058,12.8206,23.3973,23.4742,0.001
0.1559,0.2059,12.6156,23.0103,23.1959,0.001
0.156,0.206,12.5065,22.6372,23.0244,0.001
0.1561,0.2061,12.4891,22.3056,22.7971,0.001
0.1562,0.2062,12.4847,22.0522,22.5189,0.001
0.1563,0.2063,12.3626,21.8634,22.2406,0.001
0.1564,0.2064,12.0965,21.6837,22.0227,0.001
0.1565,0.2065,11.7213,21.481,21.8882,0.001
0.1566,0.2066,11.416,21.2369,21.7583,0.001
0.1567,0.2067,11.2546,20.9881,21.6702,0.001
0.1568,0.2068,11.2022,20.7302,21.6331,0.001
0.1569,0.2069,11.1455,20.4584,21.5868,0.001
0.157,0.207,11.1411,20.1959,21.5311,0.001
0.1571,0.2071,11.2546,19.9517,21.4152,0.001
0.1572,0.2072,11.3549,19.7214,21.2621,0.001
0.1573,0.2073,11.3462,19.4266,21.1555,0.001
0.1574,0.2074,11.2153,19.0765,21.0813,0.001
0.1575,0.2075,10.9754,18.7265,20.9932,0.001
0.1576,0.2076,10.7093,18.3718,20.9422,0.001
0.1577,0.2077,10.3996,18.0632,20.8726,0.001
0.1578,0.2078,10.0986,17.8144,20.817,0.001
0.1579,0.2079,9.81939,17.5657,20.7381,0.001
0.158,0.208,9.62309,17.3446,20.6407,0.001
0.1581,0.2081,9.55765,17.1834,20.5294,0.001
0.1582,0.2082,9.54893,17.0498,20.4552,0.001
0.1583,0.2083,9.50967,16.8932,20.4042,0.001
0.1584,0.2084,9.42242,16.6491,20.33,0.001
0.1585,0.2085,9.33954,16.3957,20.2697,0.001
0.1586,0.2086,9.24793,16.1424,20.2141,0.001
0.1587,0.2087,9.06036,15.8614,20.1909,0.001
0.1588,0.2088,8.81171,15.539,20.1445,0.001
0.1589,0.2089,8.56307,15.1613,20.1167,0.001
0.159,0.209,8.44965,14.7606,19.9915,0.001
0.1591,0.2091,8.4671,14.3645,19.8524,0.001
0.1592,0.2092,8.47582,13.9822,19.6947,0.001
0.1593,0.2093,8.43656,13.5538,19.602,0.001
0.1594,0.2094,8.33623,13.107,19.4721,0.001
0.1595,0.2095,8.22281,12.7063,19.4072,0.001
0.1596,0.2096,8.1094,12.3747,19.3144,0.001
0.1597,0.2097,7.90437,12.0384,19.2959,0.001
0.1598,0.2098,7.67754,11.6607,19.2402,0.001
0.1599,0.2099,7.50741,11.3429,19.1197,0.001
0.16,0.21,7.4507,11.1034,18.9805,0.001
0.1601,0.2101,7.37218,10.8823,18.7719,0.001
0.1602,0.2102,7.24568,10.6336,18.5029,0.001
0.1603,0.2103,7.10609,10.3435,18.2246,0.001
0.1604,0.2104,6.98831,9.94735,17.9418,0.001
0.1605,0.2105,6.96214,9.46834,17.5893,0.001
0.1606,0.2106,6.9316,8.97091,17.2647,0.001
0.1607,0.2107,6.85744,8.54257,16.9818,0.001
0.1608,0.2108,6.85308,8.23398,16.7361,0.001
0.1609,0.2109,6.90107,8.02672,16.4624,0.001
0.161,0.211,7.05374,7.81485,16.1935,0.001
0.1611,0.2111,7.22387,7.50627,15.9106,0.001
0.1612,0.2112,7.38091,7.12399,15.6092,0.001
0.1613,0.2113,7.5205,6.74171,15.2985,0.001
0.1614,0.2114,7.66445,6.46076,14.9414,0.001
0.1615,0.2115,7.83458,6.30877,14.5658,0.001
0.1616,0.2116,7.99162,6.19363,14.2087,0.001
0.1617,0.2117,8.17919,6.12915,13.8238,0.001
0.1618,0.2118,8.35804,6.09231,13.4806,0.001
0.1619,0.2119,8.53253,6.11073,13.156,0.001
0.162,0.212,8.68957,6.12915,12.7665,0.001
0.1621,0.2121,8.78554,6.08309,12.3491,0.001
0.1622,0.2122,8.87278,5.96335,11.89,0.001
0.1623,0.2123,8.98184,5.73306,11.3892,0.001
0.1624,0.2124,9.13888,5.41066,10.8837,0.001
0.1625,0.2125,9.29592,4.99615,10.4571,0.001
0.1626,0.2126,9.3788,4.51256,10.0954,0.001
0.1627,0.2127,9.45296,4.06581,9.79398,0.001
0.1628,0.2128,9.52712,3.67433,9.54357,0.001
0.1629,0.2129,9.61436,3.36115,9.28852,0.001
0.163,0.213,9.68416,3.15851,9.07984,0.001
0.1631,0.2131,9.63181,3.02955,8.83871,0.001
0.1632,0.2132,9.59255,2.91902,8.55583,0.001
0.1633,0.2133,9.54457,2.79927,8.23122,0.001
0.1634,0.2134,9.50967,2.69795,7.89734,0.001
0.1635,0.2135,9.42679,2.55057,7.52636,0.001
0.1636,0.2136,9.27847,2.28345,7.20639,0.001
0.1637,0.2137,9.17378,1.9933,6.86323,0.001
0.1638,0.2138,9.09526,1.76763,6.48762,0.001
0.1639,0.2139,9.04727,1.6617,6.05635,0.001
0.164,0.214,8.90768,1.5788,5.64364,0.001
0.1641,0.2141,8.68521,1.48208,5.19846,0.001
0.1642,0.2142,8.43656,1.4084,4.72083,0.001
0.1643,0.2143,8.22718,1.36234,4.25247,0.001
0.1644,0.2144,8.04833,1.31629,3.84439,0.001
0.1645,0.2145,7.85203,1.20115,3.4966,0.001
0.1646,0.2146,7.60338,1.12746,3.19054,0.001
0.1647,0.2147,7.40272,1.11825,2.94477,0.001
0.1648,0.2148,7.20206,1.13207,2.74074,0.001
0.1649,0.2149,6.99267,1.10904,2.55061,0.001
0.165,0.215,6.8051,1.04456,2.28165,0.001
0.1651,0.2151,6.67423,1.06759,1.95705,0.001
0.1652,0.2152,6.53028,1.08601,1.55825,0.001
0.1653,0.2153,6.29472,1.08601,1.16409,0.001
0.1654,0.2154,6.04607,1.04917,0.76529,0.001
0.1655,0.2155,5.78871,1.03995,0.417501,0.001
0.1656,0.2156,5.55751,1.04917,0.190279,0.001
0.1657,0.2157,5.42228,1.11364,-0.00448237,0.001
0.1658,0.2158,5.3394,1.23339,-0.240979,0.001
0.1659,0.2159,5.26961,1.39918,-0.482112,0.001
0.166,0.216,5.18236,1.58341,-0.718608,0.001
0.1661,0.2161,5.11693,1.79987,-0.574855,0.001
0.1662,0.2162,5.13002,1.9979,-0.018394,0.001
0.1663,0.2163,5.13874,2.1637,0.338669,0.001
0.1664,0.2164,5.15183,2.31108,0.440686,0.001
0.1665,0.2165,5.19545,2.43083,0.422137,0.001
0.1666,0.2166,5.3045,2.54596,0.385041,0.001
0.1667,0.2167,5.41792,2.66571,0.440686,0.001
0.1668,0.2168,5.52697,2.75782,0.44996,0.001
0.1669,0.2169,5.59241,2.77624,0.463872,0.001
0.167,0.217,5.61858,2.744,0.477784,0.001
0.1671,0.2171,5.67093,2.72098,0.487058,0.001
0.1672,0.2172,5.71891,2.70255,0.487058,0.001
0.1673,0.2173,5.7669,2.6565,0.491695,0.001
0.1674,0.2174,5.78434,2.5736,0.496333,0.001
0.1675,0.2175,5.78871,2.50912,0.510244,0.001
0.1676,0.2176,5.75817,2.45846,0.542705,0.001
0.1677,0.2177,5.732,2.43543,0.505607,0.001
0.1678,0.2178,5.75817,2.39398,0.519519,0.001
0.1679,0.2179,5.87159,2.44925,0.510244,0.001
0.168,0.218,6.00245,2.51833,0.547342,0.001
0.1681,0.2181,6.15077,2.59663,0.561254,0.001
0.1682,0.2182,6.286,2.67492,0.551979,0.001
0.1683,0.2183,6.42122,2.70716,0.556616,0.001
0.1684,0.2184,6.55209,2.71637,0.598351,0.001
0.1685,0.2185,6.63061,2.70255,0.612263,0.001
0.1686,0.2186,6.7353,2.68413,0.635448,0.001
0.1687,0.2187,6.81818,2.65189,0.663271,0.001
0.1688,0.2188,6.83563,2.66571,0.700369,0.001
0.1689,0.2189,6.83563,2.64268,0.718918,0.001
0.169,0.219,6.87053,2.52294,0.728192,0.001
0.1691,0.2191,6.97086,2.38477,0.737466,0.001
0.1692,0.2192,7.04938,2.20055,0.751378,0.001
0.1693,0.2193,7.12354,1.92882,0.737466,0.001
0.1694,0.2194,7.17588,1.63867,0.728192,0.001
0.1695,0.2195,7.25877,1.48669,0.732829,0.001
0.1696,0.2196,7.3591,1.413,0.746741,0.001
0.1697,0.2197,7.4507,1.33471,0.760653,0.001
0.1698,0.2198,7.54667,1.29786,0.751378,0.001
0.1699,0.2199,7.73425,1.26562,0.779201,0.001
0.17,0.22,7.93491,1.26562,0.788476,0.001
0.1701,0.2201,8.09195,1.2472,0.811661,0.001
0.1702,0.2202,8.14866,1.20115,0.844121,0.001
0.1703,0.2203,8.17047,1.10443,0.858033,0.001
0.1704,0.2204,8.19664,0.9939,0.885856,0.001
0.1705,0.2205,8.19228,0.915606,0.895131,0.001
0.1706,0.2206,8.14429,0.86034,0.913679,0.001
0.1707,0.2207,8.11812,0.782047,0.918317,0.001
0.1708,0.2208,8.15738,0.763625,0.955414,0.001
0.1709,0.2209,8.24026,0.735992,0.964689,0.001
0.171,0.221,8.34932,0.699148,0.94614,0.001
0.1711,0.2211,8.42784,0.680726,1.00179,0.001
0.1712,0.2212,8.51508,0.657698,1.03888,0.001
0.1713,0.2213,8.60233,0.643882,1.06207,0.001
0.1714,0.2214,8.69393,0.653093,1.08526,0.001
0.1715,0.2215,8.755,0.643882,1.12699,0.001
0.1716,0.2216,8.74628,0.643882,1.15945,0.001
0.1717,0.2217,8.67212,0.666909,1.21973,0.001
0.1718,0.2218,8.62414,0.689937,1.26147,0.001
0.1719,0.2219,8.54998,0.689937,1.32175,0.001
0.172,0.222,8.44529,0.722176,1.36812,0.001
0.1721,0.2221,8.26207,0.754414,1.4145,0.001
0.1722,0.2222,8.10503,0.805074,1.45159,0.001
0.1723,0.2223,7.99598,0.837313,1.45623,0.001
0.1724,0.2224,7.90437,0.892579,1.47942,0.001
0.1725,0.2225,7.79532,0.961661,1.45159,0.001
0.1726,0.2226,7.70807,1.04917,1.44232,0.001
0.1727,0.2227,7.74297,1.15509,1.48869,0.001
0.1728,0.2228,7.83458,1.30247,1.52579,0.001
0.1729,0.2229,7.90437,1.46366,1.55825,0.001
0.173,0.223,7.91746,1.67552,1.58607,0.001
0.1731,0.2231,7.92182,1.92422,1.59535,0.001
0.1732,0.2232,7.9131,2.21897,1.6139,0.001
0.1733,0.2233,7.88256,2.4907,1.65099,0.001
0.1734,0.2234,7.76914,2.69334,1.702,0.001
0.1735,0.2235,7.62519,2.81769,1.74837,0.001
0.1736,0.2236,7.53795,2.92823,1.81329,0.001
0.1737,0.2237,7.53359,3.01573,1.83184,0.001
0.1738,0.2238,7.51177,3.07561,1.84112,0.001
0.1739,0.2239,7.45943,3.14008,1.82721,0.001
0.174,0.224,7.42453,3.16772,1.82257,0.001
0.1741,0.2241,7.31547,3.22298,1.82257,0.001
0.1742,0.2242,7.21078,3.28746,1.84576,0.001
0.1743,0.2243,7.17588,3.398,1.9385,0.001
0.1744,0.2244,7.2544,3.53617,2.00342,0.001
0.1745,0.2245,7.38091,3.67894,2.02197,0.001
0.1746,0.2246,7.56848,3.84935,2.02661,0.001
0.1747,0.2247,7.76042,4.01054,2.08689,0.001
0.1748,0.2248,7.97853,4.15792,2.175,0.001
0.1749,0.2249,8.20536,4.25464,2.28165,0.001
0.175,0.225,8.35804,4.35136,2.32339,0.001
0.1751,0.2251,8.45837,4.41123,2.28629,0.001
0.1752,0.2252,8.48018,4.44808,2.18427,0.001
0.1753,0.2253,8.44529,4.47571,2.09616,0.001
0.1754,0.2254,8.33187,4.50335,2.02197,0.001
0.1755,0.2255,8.17047,4.50335,1.98487,0.001
0.1756,0.2256,8.04396,4.50795,1.96632,0.001
0.1757,0.2257,7.95672,4.5448,2.02661,0.001
0.1758,0.2258,7.88692,4.60007,2.09616,0.001
0.1759,0.2259,7.82585,4.65073,2.1008,0.001
0.176,0.226,7.79532,4.72902,2.05907,0.001
0.1761,0.2261,7.77787,4.83956,1.95241,0.001
0.1762,0.2262,7.7168,5.06063,1.84576,0.001
0.1763,0.2263,7.55976,5.35539,1.7391,0.001
0.1764,0.2264,7.4507,5.61792,1.6649,0.001
0.1765,0.2265,7.40272,5.78833,1.60926,0.001
0.1766,0.2266,7.43325,5.82517,1.5397,0.001
0.1767,0.2267,7.48124,5.82057,1.5026,0.001
0.1768,0.2268,7.4507,5.81136,1.50724,0.001
0.1769,0.2269,7.37654,5.81596,1.52115,0.001
0.177,0.227,7.26749,5.88044,1.52579,0.001
0.1771,0.2271,7.18025,6.08309,1.5397,0.001
0.1772,0.2272,7.09736,6.40549,1.60462,0.001
0.1773,0.2273,7.02321,6.68184,1.69736,0.001
0.1774,0.2274,6.94905,6.85686,1.78547,0.001
0.1775,0.2275,6.86617,6.93515,1.91995,0.001
0.1776,0.2276,6.82255,7.01345,2.09153,0.001
0.1777,0.2277,6.83563,7.00424,2.21673,0.001
0.1778,0.2278,6.90979,6.96739,2.29093,0.001
0.1779,0.2279,7.04502,6.99963,2.35121,0.001
0.178,0.228,7.26749,7.16083,2.50424,0.001
0.1781,0.2281,7.49432,7.43257,2.81493,0.001
0.1782,0.2282,7.69062,7.69971,3.2601,0.001
0.1783,0.2283,7.81277,7.87934,3.67281,0.001
0.1784,0.2284,7.92618,7.98527,3.87685,0.001
0.1785,0.2285,8.05269,7.99908,3.9696,0.001
0.1786,0.2286,8.15738,8.02672,4.04843,0.001
0.1787,0.2287,8.2359,8.04514,4.09016,0.001
0.1788,0.2288,8.30569,8.03133,4.13654,0.001
0.1789,0.2289,8.41039,8.03133,4.17827,0.001
0.179,0.229,8.52381,8.04054,4.22464,0.001
0.1791,0.2291,8.62414,8.04514,4.28029,0.001
0.1792,0.2292,8.72011,8.22477,4.33594,0.001
0.1793,0.2293,8.88587,8.53796,4.39622,0.001
0.1794,0.2294,9.08653,8.87879,4.44723,0.001
0.1795,0.2295,9.29592,9.10448,4.42868,0.001
0.1796,0.2296,9.42679,9.21041,4.28957,0.001
0.1797,0.2297,9.46604,9.29332,4.06698,0.001
0.1798,0.2298,9.51403,9.39465,3.90931,0.001
0.1799,0.2299,9.54893,9.46373,3.88149,0.001
0.18,0.23,9.55765,9.4361,3.89076,0.001
0.1801,0.2301,9.56201,9.31635,3.8583,0.001
0.1802,0.2302,9.55765,9.18278,3.80266,0.001
0.1803,0.2303,9.57946,9.06763,3.71455,0.001
0.1804,0.2304,9.54893,8.98933,3.63108,0.001
0.1805,0.2305,9.51839,8.99854,3.5708,0.001
0.1806,0.2306,9.49222,9.07224,3.54297,0.001
0.1807,0.2307,9.44423,9.1966,3.49196,0.001
0.1808,0.2308,9.40934,9.32556,3.40849,0.001
0.1809,0.2309,9.40497,9.44071,3.33894,0.001
0.181,0.231,9.49222,9.50058,3.24619,0.001
0.1811,0.2311,9.67107,9.48676,3.13026,0.001
0.1812,0.2312,9.84556,9.44531,2.99578,0.001
0.1813,0.2313,9.97643,9.42228,2.82884,0.001
0.1814,0.2314,9.98515,9.4361,2.74537,0.001
0.1815,0.2315,9.94153,9.50519,2.699,0.001
0.1816,0.2316,9.82375,9.56506,2.67118,0.001
0.1817,0.2317,9.75831,9.56967,2.64799,0.001
0.1818,0.2318,9.74523,9.54664,2.62017,0.001
0.1819,0.2319,9.80194,9.49597,2.61553,0.001
0.182,0.232,9.97206,9.39004,2.62944,0.001
0.1821,0.2321,10.1815,9.26108,2.57843,0.001
0.1822,0.2322,10.3298,9.15054,2.51815,0.001
0.1823,0.2323,10.417,9.10448,2.49033,0.001
0.1824,0.2324,10.4955,9.09987,2.44859,0.001
0.1825,0.2325,10.5217,9.16896,2.38831,0.001
0.1826,0.2326,10.5348,9.24726,2.36512,0.001
0.1827,0.2327,10.5915,9.32095,2.36976,0.001
0.1828,0.2328,10.7834,9.37162,2.43004,0.001
0.1829,0.2329,11.0932,9.44992,2.44395,0.001
0.183,0.233,11.4334,9.57427,2.43004,0.001
0.1831,0.2331,11.6602,9.70324,2.40222,0.001
0.1832,0.2332,11.7998,9.84602,2.39294,0.001
0.1833,0.2333,11.8435,9.96577,2.38367,0.001
0.1834,0.2334,11.8522,10.0901,2.34194,0.001
0.1835,0.2335,11.8478,10.15,2.28629,0.001
0.1836,0.2336,11.7344,10.173,2.26774,0.001
0.1837,0.2337,11.5905,10.1822,2.31411,0.001
0.1838,0.2338,11.4378,10.173,2.35585,0.001
0.1839,0.2339,11.3505,10.1546,2.38367,0.001
0.184,0.234,11.4291,10.1224,2.36512,0.001
0.1841,0.2341,11.6384,10.1408,2.42541,0.001
0.1842,0.2342,11.826,10.2053,2.41613,0.001
0.1843,0.2343,11.8609,10.2559,2.41149,0.001
0.1844,0.2344,11.778,10.1592,2.44395,0.001
0.1845,0.2345,11.6472,9.93814,2.4625,0.001
0.1846,0.2346,11.5643,9.671,2.47178,0.001
0.1847,0.2347,11.5207,9.40386,2.50424,0.001
0.1848,0.2348,11.4814,9.25187,2.48105,0.001
0.1849,0.2349,11.4116,9.18278,2.46714,0.001
0.185,0.235,11.3767,9.12751,2.42541,0.001
0.1851,0.2351,11.3767,9.03079,2.36512,0.001
0.1852,0.2352,11.4029,8.94327,2.29556,0.001
0.1853,0.2353,11.3723,8.80971,2.28165,0.001
0.1854,0.2354,11.2895,8.69456,2.31411,0.001
0.1855,0.2355,11.1673,8.53796,2.36976,0.001
0.1856,0.2356,11.0844,8.38137,2.44859,0.001
0.1857,0.2357,11.019,8.22477,2.46714,0.001
0.1858,0.2358,10.971,8.06357,2.49033,0.001
0.1859,0.2359,10.971,7.87012,2.48105,0.001
0.186,0.236,10.9143,7.66747,2.48105,0.001
0.1861,0.2361,10.8401,7.46021,2.55061,0.001
0.1862,0.2362,10.7398,7.29901,2.6619,0.001
0.1863,0.2363,10.6831,7.13781,2.81957,0.001
0.1864,0.2364,10.6569,7.01345,2.93086,0.001
0.1865,0.2365,10.6002,6.90752,2.96332,0.001
0.1866,0.2366,10.4563,6.77395,2.96796,0.001
0.1867,0.2367,10.2687,6.6542,2.92159,0.001
0.1868,0.2368,10.1073,6.52064,2.8242,0.001
0.1869,0.2369,10.02,6.35022,2.64335,0.001
0.187,0.237,9.95461,6.24429,2.48569,0.001
0.1871,0.2371,9.89354,6.19824,2.3373,0.001
0.1872,0.2372,9.84556,6.15678,2.23992,0.001
0.1873,0.2373,9.83247,6.11533,2.17036,0.001
0.1874,0.2374,9.81066,6.09231,2.15181,0.001
0.1875,0.2375,9.77576,6.09231,2.16108,0.001
0.1876,0.2376,9.70597,6.12915,2.1379,0.001
0.1877,0.2377,9.67543,6.166,2.12399,0.001
0.1878,0.2378,9.71905,6.19824,2.11008,0.001
0.1879,0.2379,9.81066,6.19363,2.17963,0.001
0.188,0.238,9.8063,6.19824,2.2631,0.001
0.1881,0.2381,9.73214,6.20284,2.41613,0.001
0.1882,0.2382,9.58819,6.20284,2.56452,0.001
0.1883,0.2383,9.40061,6.12915,2.68973,0.001
0.1884,0.2384,9.16941,6.0048,2.87521,0.001
0.1885,0.2385,8.97311,5.88505,3.03288,0.001
0.1886,0.2386,8.90332,5.80215,3.13954,0.001
0.1887,0.2387,8.91641,5.76991,3.22764,0.001
0.1888,0.2388,8.92077,5.74688,3.2601,0.001
0.1889,0.2389,8.89896,5.71464,3.34357,0.001
0.189,0.239,8.84661,5.66858,3.45023,0.001
0.1891,0.2391,8.72011,5.54883,3.52442,0.001
0.1892,0.2392,8.46274,5.41527,3.56152,0.001
0.1893,0.2393,8.06577,5.27249,3.56616,0.001
0.1894,0.2394,7.64264,5.14814,3.55688,0.001
0.1895,0.2395,7.29803,5.07445,3.53834,0.001
0.1896,0.2396,7.10173,5.06984,3.51515,0.001
0.1897,0.2397,7.04502,5.06984,3.45487,0.001
0.1898,0.2398,6.9665,5.05603,3.45023,0.001
0.1899,0.2399,6.86617,5.06063,3.42704,0.001
0.19,0.24,6.75275,5.05142,3.37603,0.001
0.1901,0.2401,6.6437,4.95931,3.31111,0.001
0.1902,0.2402,6.53028,4.75666,3.28793,0.001
0.1903,0.2403,6.35143,4.50795,3.22764,0.001
0.1904,0.2404,6.10715,4.3053,3.12562,0.001
0.1905,0.2405,5.79307,4.14871,2.98651,0.001
0.1906,0.2406,5.55315,4.03357,2.85203,0.001
0.1907,0.2407,5.34376,3.9737,2.74074,0.001
0.1908,0.2408,5.19545,3.93685,2.6248,0.001
0.1909,0.2409,5.06458,3.91843,2.52279,0.001
0.191,0.241,4.95117,3.86777,2.43932,0.001
0.1911,0.2411,4.85956,3.85395,2.37903,0.001
0.1912,0.2412,4.80285,3.85856,2.32802,0.001
0.1913,0.2413,4.75487,3.83553,2.2631,0.001
0.1914,0.2414,4.70689,3.74342,2.16572,0.001
0.1915,0.2415,4.59783,3.60525,2.08225,0.001
0.1916,0.2416,4.50623,3.49472,2.01733,0.001
0.1917,0.2417,4.43207,3.38418,1.93386,0.001
0.1918,0.2418,4.44079,3.29207,1.95241,0.001
0.1919,0.2419,4.54985,3.15851,1.99415,0.001
0.192,0.242,4.7287,3.00652,2.05443,0.001
0.1921,0.2421,4.87701,2.86835,2.12399,0.001
0.1922,0.2422,4.93808,2.79006,2.16572,0.001
0.1923,0.2423,4.90755,2.73479,2.26774,0.001
0.1924,0.2424,4.93808,2.70255,2.34194,0.001
0.1925,0.2425,5.00351,2.66571,2.42077,0.001
0.1926,0.2426,5.09948,2.66571,2.49496,0.001
0.1927,0.2427,5.19109,2.66571,2.54597,0.001
0.1928,0.2428,5.29142,2.63808,2.61553,0.001
0.1929,0.2429,5.42228,2.61044,2.67118,0.001
0.193,0.243,5.59677,2.54136,2.75465,0.001
0.1931,0.2431,5.74945,2.46767,2.78711,0.001
0.1932,0.2432,5.88904,2.37556,2.76392,0.001
0.1933,0.2433,6.04171,2.38938,2.69436,0.001
0.1934,0.2434,6.17258,2.42622,2.60626,0.001
0.1935,0.2435,6.30344,2.53215,2.5367,0.001
0.1936,0.2436,6.4125,2.61505,2.4996,0.001
0.1937,0.2437,6.50411,2.61965,2.44859,0.001
0.1938,0.2438,6.58263,2.58281,2.36048,0.001
0.1939,0.2439,6.64806,2.47228,2.25847,0.001
0.194,0.244,6.7702,2.28345,2.13326,0.001
0.1941,0.2441,6.87489,2.03475,2.01269,0.001
0.1942,0.2442,7.0014,1.79987,1.9385,0.001
0.1943,0.2443,7.10609,1.61104,1.89676,0.001
0.1944,0.2444,7.17152,1.47287,1.91995,0.001
0.1945,0.2445,7.22387,1.36234,1.96169,0.001
0.1946,0.2446,7.24132,1.2472,1.98023,0.001
0.1947,0.2447,7.24568,1.13207,2.05907,0.001
0.1948,0.2448,7.27185,1.05838,2.16108,0.001
0.1949,0.2449,7.30239,0.998505,2.18891,0.001
0.195,0.245,7.30675,0.95245,2.10544,0.001
0.1951,0.2451,7.30675,0.897184,1.92922,0.001
0.1952,0.2452,7.34165,0.855735,1.79011,0.001
0.1953,0.2453,7.42017,0.851129,1.7391,0.001
0.1954,0.2454,7.50305,0.837313,1.7391,0.001
0.1955,0.2455,7.58593,0.795864,1.79011,0.001
0.1956,0.2456,7.70371,0.772836,1.83184,0.001
0.1957,0.2457,7.79968,0.722176,1.88749,0.001
0.1958,0.2458,7.89565,0.712965,1.92922,0.001
0.1959,0.2459,7.93491,0.703754,1.91995,0.001
0.196,0.246,7.92618,0.726781,1.91995,0.001
0.1961,0.2461,7.92182,0.726781,1.90604,0.001
0.1962,0.2462,7.97417,0.740598,1.80866,0.001
0.1963,0.2463,8.00906,0.745203,1.70664,0.001
0.1964,0.2464,8.06577,0.722176,1.65563,0.001
0.1965,0.2465,8.11376,0.735992,1.67418,0.001
0.1966,0.2466,8.09195,0.745203,1.79011,0.001
0.1967,0.2467,8.06141,0.786652,1.89213,0.001
0.1968,0.2468,8.02215,0.874157,1.97096,0.001
0.1969,0.2469,7.99162,0.957056,2.04979,0.001
0.197,0.247,8.02215,1.03535,2.08689,0.001
0.1971,0.2471,8.09631,1.09522,2.11935,0.001
0.1972,0.2472,8.19664,1.14588,2.11471,0.001
0.1973,0.2473,8.28825,1.21036,2.16108,0.001
0.1974,0.2474,8.31878,1.29326,2.24455,0.001
0.1975,0.2475,8.31442,1.37155,2.34657,0.001
0.1976,0.2476,8.34932,1.47748,2.38367,0.001
0.1977,0.2477,8.3973,1.63867,2.43932,0.001
0.1978,0.2478,8.50636,1.85513,2.42541,0.001
0.1979,0.2479,8.61977,2.14989,2.40222,0.001
0.198,0.248,8.77245,2.44004,2.36048,0.001
0.1981,0.2481,8.96003,2.71637,2.31875,0.001
0.1982,0.2482,9.14324,2.9052,2.36512,0.001
0.1983,0.2483,9.30028,3.02955,2.41149,0.001
0.1984,0.2484,9.42242,3.11706,2.43468,0.001
0.1985,0.2485,9.47477,3.17693,2.45787,0.001
0.1986,0.2486,9.50094,3.20917,2.44395,0.001
0.1987,0.2487,9.47477,3.29207,2.36512,0.001
0.1988,0.2488,9.38316,3.4026,2.28165,0.001
0.1989,0.2489,9.26974,3.54998,2.13326,0.001
0.199,0.249,9.14324,3.68815,1.96632,0.001
0.1991,0.2491,9.03855,3.82171,1.87822,0.001
0.1992,0.2492,8.96003,3.94606,1.87358,0.001
0.1993,0.2493,8.89023,4.02897,1.91995,0.001
0.1994,0.2494,8.83789,4.09805,2.03124,0.001
0.1995,0.2495,8.7899,4.18095,2.11008,0.001
0.1996,0.2496,8.75064,4.3053,2.20282,0.001
0.1997,0.2497,8.68085,4.48492,2.27701,0.001
0.1998,0.2498,8.60669,4.64152,2.29556,0.001
0.1999,0.2499,8.5587,4.79811,2.28165,0.001
0.2,0.25,8.58924,4.92707,2.28165,0.001
0.2001,0.2501,8.68521,5.06063,2.36976,0.001
0.2002,0.2502,8.75064,5.22644,2.5367,0.001
0.2003,0.2503,8.69393,5.38763,2.67581,0.001
0.2004,0.2504,8.51072,5.57647,2.85667,0.001
0.2005,0.2505,8.27516,5.76069,2.99578,0.001
0.2006,0.2506,7.98725,5.91729,3.13026,0.001
0.2007,0.2507,7.71244,6.04164,3.20909,0.001
0.2008,0.2508,7.4856,6.06467,3.27401,0.001
0.2009,0.2509,7.30239,6.08309,3.34357,0.001
0.201,0.251,7.19769,6.12454,3.37603,0.001
0.2011,0.2511,7.14535,6.19363,3.43632,0.001
0.2012,0.2512,7.15844,6.29035,3.41777,0.001
0.2013,0.2513,7.18897,6.41471,3.39922,0.001
0.2014,0.2514,7.22823,6.54367,3.3714,0.001
0.2015,0.2515,7.18897,6.72789,3.40386,0.001
0.2016,0.2516,7.11481,6.8937,3.42704,0.001
0.2017,0.2517,7.03629,7.08254,3.44559,0.001
0.2018,0.2518,7.0014,7.26677,3.4966,0.001
0.2019,0.2519,7.04502,7.43257,3.52442,0.001
0.202,0.252,7.11481,7.55693,3.54297,0.001
0.2021,0.2521,7.13662,7.66747,3.57543,0.001
0.2022,0.2522,7.14971,7.75958,3.60326,0.001
0.2023,0.2523,7.18897,7.8517,3.66818,0.001
0.2024,0.2524,7.24132,7.95303,3.74701,0.001
0.2025,0.2525,7.29366,8.03133,3.86294,0.001
0.2026,0.2526,7.36346,8.15108,4.02061,0.001
0.2027,0.2527,7.47251,8.29846,4.19218,0.001
0.2028,0.2528,7.62519,8.51033,4.38695,0.001
0.2029,0.2529,7.8433,8.7268,4.52143,0.001
0.203,0.253,8.07886,8.92485,4.62345,0.001
0.2031,0.2531,8.25771,9.09987,4.68373,0.001
0.2032,0.2532,8.38422,9.22423,4.72083,0.001
0.2033,0.2533,8.47146,9.31635,4.70228,0.001
0.2034,0.2534,8.51944,9.39004,4.71619,0.001
0.2035,0.2535,8.56307,9.43149,4.77184,0.001
0.2036,0.2536,8.6285,9.45452,4.88777,0.001
0.2037,0.2537,8.68085,9.46834,5.00834,0.001
0.2038,0.2538,8.76373,9.46834,5.07326,0.001
0.2039,0.2539,8.82044,9.49597,5.10108,0.001
0.204,0.254,8.90332,9.48676,5.11499,0.001
0.2041,0.2541,9.0211,9.54664,5.05007,0.001
0.2042,0.2542,9.11707,9.64336,4.97587,0.001
0.2043,0.2543,9.22176,9.77693,4.85994,0.001
0.2044,0.2544,9.309,9.91511,4.81821,0.001
0.2045,0.2545,9.38753,9.99801,4.8414,0.001
0.2046,0.2546,9.48349,10.0349,4.86458,0.001
0.2047,0.2547,9.58819,10.0164,4.90632,0.001
0.2048,0.2548,9.64926,9.99801,4.95733,0.001
0.2049,0.2549,9.68416,9.97498,5.03616,0.001
0.205,0.255,9.68416,10.0072,5.11963,0.001
0.2051,0.2551,9.71469,10.0118,5.14745,0.001
0.2052,0.2552,9.74087,10.021,5.15673,0.001
0.2053,0.2553,9.74959,10.0487,5.15209,0.001
0.2054,0.2554,9.75395,10.0487,5.11036,0.001
0.2055,0.2555,9.80194,10.0072,5.06862,0.001
0.2056,0.2556,9.87173,9.92432,5.02688,0.001
0.2057,0.2557,9.9677,9.89208,4.96196,0.001
0.2058,0.2558,10.0724,9.86905,4.94341,0.001
0.2059,0.2559,10.1815,9.87366,4.92023,0.001
0.206,0.256,10.2949,9.90129,4.87849,0.001
0.2061,0.2561,10.4039,9.93353,4.8414,0.001
0.2062,0.2562,10.513,9.92893,4.81357,0.001
0.2063,0.2563,10.6177,9.93353,4.79966,0.001
0.2064,0.2564,10.6875,9.94735,4.75792,0.001
0.2065,0.2565,10.766,9.92432,4.73938,0.001
0.2066,0.2566,10.8271,9.88747,4.72547,0.001
0.2067,0.2567,10.8925,9.80457,4.73474,0.001
0.2068,0.2568,10.9361,9.74009,4.78111,0.001
0.2069,0.2569,10.9536,9.70784,4.85994,0.001
0.207,0.257,10.9448,9.68942,4.91095,0.001
0.2071,0.2571,10.9012,9.69863,5.03616,0.001
0.2072,0.2572,10.8532,9.70324,5.17991,0.001
0.2073,0.2573,10.8227,9.74009,5.24947,0.001
0.2074,0.2574,10.8445,9.75851,5.30512,0.001
0.2075,0.2575,10.9012,9.76772,5.34222,0.001
0.2076,0.2576,11.0277,9.81839,5.39786,0.001
0.2077,0.2577,11.1673,9.93353,5.46278,0.001
0.2078,0.2578,11.3156,10.0763,5.56944,0.001
0.2079,0.2579,11.4596,10.2513,5.66682,0.001
0.208,0.258,11.5512,10.3435,5.80594,0.001
0.2081,0.2581,11.6079,10.3987,5.87086,0.001
0.2082,0.2582,11.6079,10.4171,5.90796,0.001
0.2083,0.2583,11.573,10.4448,5.92187,0.001
0.2084,0.2584,11.5817,10.4862,5.93578,0.001
0.2085,0.2585,11.5992,10.5001,5.96824,0.001
0.2086,0.2586,11.5992,10.5323,6.01462,0.001
0.2087,0.2587,11.5599,10.5001,6.13055,0.001
0.2088,0.2588,11.4727,10.4632,6.24648,0.001
0.2089,0.2589,11.368,10.4264,6.36241,0.001
0.209,0.259,11.2982,10.3573,6.53399,0.001
0.2091,0.2591,11.2633,10.2559,6.74266,0.001
0.2092,0.2592,11.2415,10.1086,7.02554,0.001
0.2093,0.2593,11.2458,9.95195,7.42434,0.001
0.2094,0.2594,11.2502,9.83681,7.75822,0.001
0.2095,0.2595,11.2371,9.78614,8.19876,0.001
0.2096,0.2596,11.2022,9.74469,8.83407,0.001
0.2097,0.2597,11.163,9.68942,9.36735,0.001
0.2098,0.2598,11.1499,9.63415,9.6595,0.001
0.2099,0.2599,11.1673,9.56506,9.82645,0.001
0.21,0.26,11.1891,9.4361,9.94701,0.001
0.2101,0.2601,11.1891,9.2749,9.98875,0.001
0.2102,0.2602,11.1455,9.13672,9.9702,0.001
0.2103,0.2603,11.0975,9.05382,9.90992,0.001
0.2104,0.2604,11.0103,9.01697,9.79398,0.001
0.2105,0.2605,10.9318,9.04,9.76152,0.001
0.2106,0.2606,10.875,9.09066,9.74761,0.001
0.2107,0.2607,10.8227,9.13211,9.8079,0.001
0.2108,0.2608,10.7965,9.14593,9.83572,0.001
0.2109,0.2609,10.7398,9.09066,9.85891,0.001
0.211,0.261,10.6613,9.01236,9.9331,0.001
0.2111,0.2611,10.5653,8.90643,10.0119,0.001
0.2112,0.2612,10.5043,8.8051,10.0351,0.001
0.2113,0.2613,10.4519,8.65311,10.0769,0.001
0.2114,0.2614,10.3603,8.52875,10.114,0.001
0.2115,0.2615,10.212,8.43203,10.1418,0.001
0.2116,0.2616,10.0462,8.36294,10.165,0.001
0.2117,0.2617,9.85865,8.31228,10.1835,0.001
0.2118,0.2618,9.72778,8.2524,10.1928,0.001
0.2119,0.2619,9.65362,8.18792,10.1557,0.001
0.212,0.262,9.64053,8.14647,10.1232,0.001
0.2121,0.2621,9.66234,8.1695,10.1279,0.001
0.2122,0.2622,9.69288,8.15568,10.1325,0.001
0.2123,0.2623,9.69288,8.12344,10.1418,0.001
0.2124,0.2624,9.63617,8.09581,10.1974,0.001
0.2125,0.2625,9.57074,8.10041,10.3365,0.001
0.2126,0.2626,9.51403,8.12344,10.5638,0.001
0.2127,0.2627,9.41806,8.18792,10.8096,0.001
0.2128,0.2628,9.31337,8.23398,10.9997,0.001
0.2129,0.2629,9.20867,8.28464,11.1713,0.001
0.213,0.263,9.12143,8.28004,11.315,0.001
0.2131,0.2631,9.06036,8.21095,11.4124,0.001
0.2132,0.2632,9.01674,8.19713,11.5237,0.001
0.2133,0.2633,8.95567,8.18332,11.6118,0.001
0.2134,0.2634,8.92077,8.20174,11.7277,0.001
0.2135,0.2635,8.85533,8.23859,11.7927,0.001
0.2136,0.2636,8.78118,8.2524,11.8622,0.001
0.2137,0.2637,8.68521,8.21095,11.9596,0.001
0.2138,0.2638,8.54125,8.17871,12.0338,0.001
0.2139,0.2639,8.3624,8.18792,12.0755,0.001
0.214,0.264,8.17919,8.2478,12.1312,0.001
0.2141,0.2641,8.04396,8.42742,12.1683,0.001
0.2142,0.2642,7.95236,8.74522,12.2425,0.001
0.2143,0.2643,7.90873,9.10448,12.3259,0.001
0.2144,0.2644,7.87384,9.48216,12.4187,0.001
0.2145,0.2645,7.81713,10.021,12.5439,0.001
0.2146,0.2646,7.75169,10.4402,12.6598,0.001
0.2147,0.2647,7.62083,10.6659,12.7201,0.001
0.2148,0.2648,7.47688,10.7396,12.7665,0.001
0.2149,0.2649,7.30675,10.7626,12.7711,0.001
0.215,0.265,7.14535,10.7119,12.7804,0.001
0.2151,0.2651,7.02757,10.652,12.8407,0.001
0.2152,0.2652,6.9316,10.5461,12.9566,0.001
0.2153,0.2653,6.87053,10.4586,13.0957,0.001
0.2154,0.2654,6.8051,10.4171,13.2395,0.001
0.2155,0.2655,6.73966,10.4356,13.3415,0.001
0.2156,0.2656,6.67859,10.5001,13.4157,0.001
0.2157,0.2657,6.61752,10.5507,13.4992,0.001
0.2158,0.2658,6.55645,10.5876,13.5595,0.001
0.2159,0.2659,6.48666,10.6428,13.5641,0.001
0.216,0.266,6.44303,10.7211,13.5734,0.001
0.2161,0.2661,6.42559,10.7856,13.578,0.001
0.2162,0.2662,6.37324,10.8409,13.6337,0.001
0.2163,0.2663,6.32526,10.8593,13.745,0.001
0.2164,0.2664,6.27291,10.7902,13.8655,0.001
0.2165,0.2665,6.286,10.7211,13.9073,0.001
0.2166,0.2666,6.30781,10.6474,13.9536,0.001
0.2167,0.2667,6.36452,10.5784,13.9026,0.001
0.2168,0.2668,6.45176,10.5277,13.9165,0.001
0.2169,0.2669,6.53464,10.4724,13.9722,0.001
0.217,0.267,6.62625,10.4632,14.0418,0.001
0.2171,0.2671,6.70913,10.4125,14.1484,0.001
0.2172,0.2672,6.79637,10.3158,14.2643,0.001
0.2173,0.2673,6.87053,10.2007,14.4406,0.001
0.2174,0.2674,6.98831,10.127,14.6353,0.001
0.2175,0.2675,7.093,10.0809,14.8162,0.001
0.2176,0.2676,7.21514,10.0349,14.9414,0.001
0.2177,0.2677,7.3242,10.0256,15.0202,0.001
0.2178,0.2678,7.44634,10.0487,15.062,0.001
0.2179,0.2679,7.51177,10.0717,15.0712,0.001
0.218,0.268,7.54231,10.0671,15.1362,0.001
0.2181,0.2681,7.58593,10.0579,15.1872,0.001
0.2182,0.2682,7.67318,10.0809,15.2567,0.001
0.2183,0.2683,7.82149,10.0901,15.3634,0.001
0.2184,0.2684,7.96108,10.0947,15.3819,0.001
0.2185,0.2685,8.13557,10.1316,15.4051,0.001
0.2186,0.2686,8.28825,10.1178,15.3773,0.001
0.2187,0.2687,8.48018,10.1039,15.3588,0.001
0.2188,0.2688,8.71138,10.0947,15.419,0.001
0.2189,0.2689,9.02546,10.15,15.5257,0.001
0.219,0.269,9.38316,10.2099,15.6787,0.001
0.2191,0.2691,9.78885,10.2928,15.8503,0.001
0.2192,0.2692,10.164,10.3665,15.957,0.001
0.2193,0.2693,10.6351,10.4494,16.0729,0.001
0.2194,0.2694,11.0888,10.5461,16.1981,0.001
0.2195,0.2695,11.3331,10.6014,16.3187,0.001
0.2196,0.2696,11.3942,10.6567,16.3743,0.001
0.2197,0.2697,11.4727,10.7027,16.3743,0.001
0.2198,0.2698,11.5381,10.7534,16.328,0.001
0.2199,0.2699,11.6384,10.781,16.3048,0.001
0.22,0.27,11.7693,10.8547,16.3372,0.001
0.2201,0.2701,11.8958,10.9468,16.4068,0.001
0.2202,0.2702,12.0572,11.0482,16.4532,0.001
0.2203,0.2703,12.2448,11.1449,16.4485,0.001
0.2204,0.2704,12.4673,11.2278,16.4114,0.001
0.2205,0.2705,12.6854,11.3291,16.3883,0.001
0.2206,0.2706,12.8642,11.4581,16.3743,0.001
0.2207,0.2707,13.0256,11.5824,16.379,0.001
0.2208,0.2708,13.1783,11.6976,16.3512,0.001
0.2209,0.2709,13.3179,11.7943,16.3558,0.001
0.221,0.271,13.44,11.8726,16.3372,0.001
0.2211,0.2711,13.5447,11.9509,16.2862,0.001
0.2212,0.2712,13.6625,12.0522,16.1842,0.001
0.2213,0.2713,13.7367,12.1444,16.1146,0.001
0.2214,0.2714,13.7541,12.2365,16.0358,0.001
0.2215,0.2715,13.6669,12.301,15.9802,0.001
0.2216,0.2716,13.4619,12.3655,16.008,0.001
0.2217,0.2717,13.2481,12.4023,16.0451,0.001
0.2218,0.2718,13.0387,12.4852,16.0729,0.001
0.2219,0.2719,12.7639,12.6188,16.0683,0.001
0.222,0.272,12.5632,12.7938,16.0405,0.001
0.2221,0.2721,12.4673,12.978,15.9987,0.001
0.2222,0.2722,12.4542,13.2268,15.9152,0.001
0.2223,0.2723,12.4716,13.4525,15.8642,0.001
0.2224,0.2724,12.4934,13.6828,15.841,0.001
0.2225,0.2725,12.5327,13.8946,15.841,0.001
0.2226,0.2726,12.5807,14.0697,15.9106,0.001
0.2227,0.2727,12.6112,14.2032,15.9477,0.001
0.2228,0.2728,12.572,14.3414,15.9894,0.001
0.2229,0.2729,12.476,14.4704,16.0358,0.001
0.223,0.273,12.3887,14.6454,16.0451,0.001
0.2231,0.2731,12.2797,14.8619,16.0451,0.001
0.2232,0.2732,12.2055,15.083,16.0497,0.001
0.2233,0.2733,12.1226,15.3179,16.0219,0.001
0.2234,0.2734,12.0354,15.5206,15.9894,0.001
0.2235,0.2735,11.97,15.6864,15.9245,0.001
0.2236,0.2736,11.8871,15.8706,15.906,0.001
0.2237,0.2737,11.8086,16.0963,15.957,0.001
0.2238,0.2738,11.7475,16.2944,15.9755,0.001
0.2239,0.2739,11.6777,16.5201,15.9802,0.001
0.224,0.274,11.6384,16.6997,15.9941,0.001
0.2241,0.2741,11.6864,16.8333,16.0219,0.001
0.2242,0.2742,11.778,16.9623,16.0358,0.001
0.2243,0.2743,11.874,17.0959,16.059,0.001
0.2244,0.2744,11.9394,17.2387,16.1332,0.001
0.2245,0.2745,11.9612,17.4045,16.2074,0.001
0.2246,0.2746,11.97,17.5887,16.3048,0.001
0.2247,0.2747,11.9525,17.7592,16.3836,0.001
0.2248,0.2748,11.9351,17.9987,16.4624,0.001
0.2249,0.2749,11.922,18.2566,16.5042,0.001
0.225,0.275,11.8914,18.4916,16.5506,0.001
0.2251,0.2751,11.8217,18.6712,16.6619,0.001
0.2252,0.2752,11.717,18.7725,16.7453,0.001
0.2253,0.2753,11.5468,18.8693,16.8613,0.001
0.2254,0.2754,11.4029,18.9015,16.9169,0.001
0.2255,0.2755,11.1935,18.9153,16.9957,0.001
0.2256,0.2756,11.0277,18.9291,17.056,0.001
0.2257,0.2757,10.8183,18.9291,17.0746,0.001
0.2258,0.2758,10.6395,18.9337,17.107,0.001
0.2259,0.2759,10.5435,18.9614,17.1581,0.001
0.226,0.276,10.5435,18.989,17.1673,0.001
0.2261,0.2761,10.5566,19.0028,17.2137,0.001
0.2262,0.2762,10.5217,18.9476,17.2369,0.001
0.2263,0.2763,10.4912,18.8324,17.2833,0.001
0.2264,0.2764,10.4345,18.6666,17.3389,0.001
0.2265,0.2765,10.3952,18.5284,17.3667,0.001
0.2266,0.2766,10.4039,18.3902,17.4317,0.001
0.2267,0.2767,10.4214,18.2152,17.5383,0.001
0.2268,0.2768,10.4388,18.1415,17.6589,0.001
0.2269,0.2769,10.465,18.1691,17.798,0.001
0.227,0.277,10.5043,18.2014,17.9603,0.001
0.2271,0.2771,10.5392,18.2336,18.1133,0.001
0.2272,0.2772,10.5653,18.2705,18.2849,0.001
0.2273,0.2773,10.5871,18.2981,18.438,0.001
0.2274,0.2774,10.5915,18.381,18.6003,0.001
0.2275,0.2775,10.5566,18.4225,18.7394,0.001
0.2276,0.2776,10.5348,18.4271,18.8414,0.001
0.2277,0.2777,10.5697,18.4086,18.9481,0.001
0.2278,0.2778,10.622,18.3303,19.0547,0.001
0.2279,0.2779,10.6918,18.2705,19.1428,0.001
0.228,0.278,10.7791,18.1968,19.2449,0.001
0.2281,0.2781,10.875,18.1185,19.3376,0.001
0.2282,0.2782,10.9492,18.0355,19.4304,0.001
0.2283,0.2783,10.9972,17.9572,19.5463,0.001
0.2284,0.2784,11.0626,17.8835,19.602,0.001
0.2285,0.2785,11.1499,17.7868,19.6947,0.001
0.2286,0.2786,11.2415,17.7269,19.7782,0.001
0.2287,0.2787,11.3505,17.6394,19.8663,0.001
0.2288,0.2788,11.5337,17.5703,19.959,0.001
0.2289,0.2789,11.6908,17.5335,20.0518,0.001
0.229,0.279,11.9176,17.5611,20.1399,0.001
0.2291,0.2791,12.2143,17.5841,20.2465,0.001
0.2292,0.2792,12.4934,17.621,20.33,0.001
0.2293,0.2793,12.7334,17.6348,20.4506,0.001
0.2294,0.2794,12.9253,17.6532,20.6315,0.001
0.2295,0.2795,13.0649,17.6348,20.7891,0.001
0.2296,0.2796,13.1914,17.5519,20.9561,0.001
0.2297,0.2797,13.3354,17.4644,21.0998,0.001
0.2298,0.2798,13.4793,17.3124,21.276,0.001
0.2299,0.2799,13.5753,17.1926,21.4105,0.001
0.23,0.28,13.632,17.0728,21.545,0.001
0.2301,0.2801,13.6843,16.9116,21.6053,0.001
0.2302,0.2802,13.7323,16.7458,21.6795,0.001
0.2303,0.2803,13.7716,16.5339,21.7305,0.001
0.2304,0.2804,13.7934,16.3359,21.763,0.001
0.2305,0.2805,13.7934,16.1194,21.8094,0.001
0.2306,0.2806,13.7847,15.9674,21.8047,0.001
0.2307,0.2807,13.7978,15.8706,21.8279,0.001
0.2308,0.2808,13.8501,15.8384,21.7954,0.001
0.2309,0.2809,13.885,15.8062,21.7444,0.001
0.231,0.281,13.8676,15.7371,21.6563,0.001
0.2311,0.2811,13.8239,15.6542,21.5682,0.001
0.2312,0.2812,13.7192,15.5897,21.5218,0.001
0.2313,0.2813,13.5927,15.539,21.5357,0.001
0.2314,0.2814,13.5098,15.4791,21.5033,0.001
0.2315,0.2815,13.4052,15.3916,21.5543,0.001
0.2316,0.2816,13.2743,15.3133,21.6934,0.001
0.2317,0.2817,13.1216,15.2534,21.8743,0.001
0.2318,0.2818,12.9471,15.1475,22.032,0.001
0.2319,0.2819,12.7595,15.0968,22.1618,0.001
0.232,0.282,12.6069,15.0416,22.2592,0.001
0.2321,0.2821,12.4804,15.0093,22.3241,0.001
0.2322,0.2822,12.3408,14.9863,22.3427,0.001
0.2323,0.2823,12.2143,14.9494,22.3056,0.001
0.2324,0.2824,12.0877,14.9448,22.2592,0.001
0.2325,0.2825,12.0049,14.9448,22.1757,0.001
0.2326,0.2826,11.9133,14.9448,22.069,0.001
0.2327,0.2827,11.7693,14.931,21.9856,0.001
0.2328,0.2828,11.6166,14.9126,21.8743,0.001
0.2329,0.2829,11.4509,14.8896,21.7212,0.001
0.233,0.283,11.2415,14.9172,21.545,0.001
0.2331,0.2831,11.0408,14.8942,21.3873,0.001
0.2332,0.2832,10.8707,14.9126,21.2529,0.001
0.2333,0.2833,10.7267,14.9126,21.0813,0.001
0.2334,0.2834,10.6089,14.931,20.9746,0.001
0.2335,0.2835,10.4999,14.9725,20.9653,0.001
0.2336,0.2836,10.4301,15.0692,21.0117,0.001
0.2337,0.2837,10.3734,15.2028,21.1555,0.001
0.2338,0.2838,10.3559,15.4193,21.29,0.001
0.2339,0.2839,10.3385,15.6265,21.3688,0.001
0.234,0.284,10.3341,15.8016,21.4059,0.001
0.2341,0.2841,10.3254,15.9536,21.4152,0.001
0.2342,0.2842,10.3254,16.0687,21.3363,0.001
0.2343,0.2843,10.3036,16.124,21.2158,0.001
0.2344,0.2844,10.2643,16.1516,21.0488,0.001
0.2345,0.2845,10.2294,16.1747,20.8633,0.001
0.2346,0.2846,10.1771,16.2069,20.6407,0.001
0.2347,0.2847,10.1335,16.2806,20.432,0.001
0.2348,0.2848,10.1073,16.3819,20.1492,0.001
0.2349,0.2849,10.0898,16.4602,19.8477,0.001
0.235,0.285,10.0637,16.5247,19.5046,0.001
0.2351,0.2851,10.007,16.5662,19.1985,0.001
0.2352,0.2852,9.9328,16.5984,18.9203,0.001
0.2353,0.2853,9.85428,16.6122,18.6513,0.001
0.2354,0.2854,9.81939,16.6307,18.4843,0.001
0.2355,0.2855,9.76704,16.6214,18.3731,0.001
0.2356,0.2856,9.72778,16.6214,18.3267,0.001
0.2357,0.2857,9.67107,16.603,18.2618,0.001
0.2358,0.2858,9.64926,16.557,18.1783,0.001
0.2359,0.2859,9.59691,16.4971,18.0623,0.001
0.236,0.286,9.54893,16.451,17.9325,0.001
0.2361,0.2861,9.51403,16.4602,17.7934,0.001
0.2362,0.2862,9.50967,16.474,17.6357,0.001
0.2363,0.2863,9.53148,16.5247,17.4363,0.001
0.2364,0.2864,9.61436,16.557,17.223,0.001
0.2365,0.2865,9.69288,16.5524,16.9865,0.001
0.2366,0.2866,9.74523,16.5478,16.7824,0.001
0.2367,0.2867,9.76704,16.5155,16.5413,0.001
0.2368,0.2868,9.81502,16.4833,16.2677,0.001
0.2369,0.2869,9.88046,16.4418,15.9987,0.001
0.237,0.287,9.96334,16.3589,15.7344,0.001
0.2371,0.2871,10.0375,16.2668,15.4654,0.001
0.2372,0.2872,10.1073,16.1793,15.2892,0.001
0.2373,0.2873,10.1422,16.147,15.1686,0.001
0.2374,0.2874,10.1684,16.0871,15.0852,0.001
0.2375,0.2875,10.1858,15.9812,15.0341,0.001
0.2376,0.2876,10.2294,15.8753,14.9878,0.001
0.2377,0.2877,10.2425,15.6634,14.9136,0.001
0.2378,0.2878,10.2818,15.4146,14.844,0.001
0.2379,0.2879,10.3123,15.1383,14.7698,0.001
0.238,0.288,10.3516,14.908,14.7049,0.001
0.2381,0.2881,10.3908,14.6915,14.6353,0.001
0.2382,0.2882,10.4475,14.5072,14.538,0.001
0.2383,0.2883,10.5086,14.3691,14.4823,0.001
0.2384,0.2884,10.561,14.3092,14.4591,0.001
0.2385,0.2885,10.622,14.2862,14.4777,0.001
0.2386,0.2886,10.7136,14.3,14.5194,0.001
0.2387,0.2887,10.8052,14.3,14.524,0.001
0.2388,0.2888,10.8663,14.2447,14.5055,0.001
0.2389,0.2889,10.9274,14.1664,14.4406,0.001
0.239,0.289,10.9841,14.0466,14.3803,0.001
0.2391,0.2891,11.0495,13.9085,14.32,0.001
0.2392,0.2892,11.1237,13.7611,14.269,0.001
0.2393,0.2893,11.2022,13.5999,14.1994,0.001
0.2394,0.2894,11.272,13.4525,14.167,0.001
0.2395,0.2895,11.3811,13.3373,14.1345,0.001
0.2396,0.2896,11.4858,13.2222,14.1299,0.001
0.2397,0.2897,11.573,13.0932,14.102,0.001
0.2398,0.2898,11.669,12.9642,14.0696,0.001
0.2399,0.2899,11.7606,12.8122,14.0047,0.001
0.24,0.29,11.8566,12.6879,13.9397,0.001
0.2401,0.2901,11.9176,12.6004,13.8887,0.001
0.2402,0.2902,11.9743,12.5221,13.8795,0.001
0.2403,0.2903,11.9743,12.4622,13.9073,0.001
0.2404,0.2904,11.97,12.4023,13.949,0.001
0.2405,0.2905,11.9525,12.3655,13.9954,0.001
0.2406,0.2906,11.9525,12.3332,14,0.001
0.2407,0.2907,11.9743,12.2733,13.949,0.001
0.2408,0.2908,12.0223,12.172,13.8841,0.001
0.2409,0.2909,12.0921,12.0891,13.7682,0.001
0.241,0.291,12.1575,11.9924,13.68,0.001
0.2411,0.2911,12.2143,11.8956,13.5224,0.001
0.2412,0.2912,12.2448,11.8127,13.3601,0.001
0.2413,0.2913,12.2448,11.7298,13.2163,0.001
0.2414,0.2914,12.2186,11.6101,13.0772,0.001
0.2415,0.2915,12.1881,11.4857,12.9288,0.001
0.2416,0.2916,12.1532,11.3153,12.8082,0.001
0.2417,0.2917,12.0965,11.1633,12.6506,0.001
0.2418,0.2918,12.018,11.0021,12.4465,0.001
0.2419,0.2919,11.9089,10.8639,12.2471,0.001
0.242,0.292,11.7955,10.7165,12.0709,0.001
0.2421,0.2921,11.73,10.5968,11.9318,0.001
0.2422,0.2922,11.6559,10.5461,11.7973,0.001
0.2423,0.2923,11.5817,10.5277,11.6025,0.001
0.2424,0.2924,11.4901,10.5047,11.3892,0.001
0.2425,0.2925,11.3331,10.4954,11.1573,0.001
0.2426,0.2926,11.176,10.4494,10.8977,0.001
0.2427,0.2927,11.0059,10.3803,10.6704,0.001
0.2428,0.2928,10.8707,10.3204,10.4293,0.001
0.2429,0.2929,10.7747,10.2421,10.2206,0.001
0.243,0.293,10.6918,10.1592,9.99803,0.001
0.2431,0.2931,10.6569,10.0947,9.82645,0.001
0.2432,0.2932,10.6744,9.9842,9.65487,0.001
0.2433,0.2933,10.6962,9.86444,9.47865,0.001
0.2434,0.2934,10.718,9.78614,9.33026,0.001
0.2435,0.2935,10.7136,9.69863,9.1865,0.001
0.2436,0.2936,10.6613,9.61112,9.02883,0.001
0.2437,0.2937,10.6002,9.52822,8.86653,0.001
0.2438,0.2938,10.5217,9.45913,8.7135,0.001
0.2439,0.2939,10.4475,9.42689,8.57438,0.001
0.244,0.294,10.3647,9.4361,8.46309,0.001
0.2441,0.2941,10.2643,9.44531,8.3657,0.001
0.2442,0.2942,10.1858,9.47295,8.21731,0.001
0.2443,0.2943,10.1466,9.46373,8.05964,0.001
0.2444,0.2944,10.1029,9.49137,7.87415,0.001
0.2445,0.2945,10.0419,9.49597,7.68866,0.001
0.2446,0.2946,9.95898,9.48216,7.50317,0.001
0.2447,0.2947,9.88046,9.47755,7.35478,0.001
0.2448,0.2948,9.81939,9.46373,7.1832,0.001
0.2449,0.2949,9.77576,9.4361,7.05336,0.001
0.245,0.295,9.74523,9.40846,6.94206,0.001
0.2451,0.2951,9.74959,9.39004,6.8215,0.001
0.2452,0.2952,9.77576,9.38544,6.71484,0.001
0.2453,0.2953,9.80194,9.42689,6.60818,0.001
0.2454,0.2954,9.80194,9.45452,6.53399,0.001
0.2455,0.2955,9.78885,9.50058,6.41806,0.001
0.2456,0.2956,9.74959,9.47295,6.33922,0.001
0.2457,0.2957,9.64053,9.44071,6.22793,0.001
0.2458,0.2958,9.48349,9.3578,6.20938,0.001
0.2459,0.2959,9.30028,9.26568,6.16301,0.001
0.246,0.296,9.07344,9.13211,6.17692,0.001
0.2461,0.2961,8.85097,8.98473,6.20011,0.001
0.2462,0.2962,8.6634,8.83734,6.21402,0.001
0.2463,0.2963,8.48891,8.75904,6.17228,0.001
0.2464,0.2964,8.33623,8.68995,6.16301,0.001
0.2465,0.2965,8.17483,8.61166,6.16301,0.001
0.2466,0.2966,8.04396,8.48269,6.17692,0.001
0.2467,0.2967,7.94799,8.31688,6.16764,0.001
0.2468,0.2968,7.87384,8.17871,6.15837,0.001
0.2469,0.2969,7.82149,8.03593,6.13055,0.001
0.247,0.297,7.78223,7.92539,6.12591,0.001
0.2471,0.2971,7.75169,7.79643,6.11664,0.001
0.2472,0.2972,7.7168,7.67208,6.13055,0.001
0.2473,0.2973,7.65136,7.52008,6.10272,0.001
0.2474,0.2974,7.53795,7.31743,6.0749,0.001
0.2475,0.2975,7.37218,7.16544,6.05635,0.001
0.2476,0.2976,7.22823,7.00424,6.06099,0.001
0.2477,0.2977,7.07555,6.83843,6.03316,0.001
0.2478,0.2978,6.92724,6.67263,6.03316,0.001
0.2479,0.2979,6.77892,6.49761,6.03316,0.001
0.248,0.298,6.66551,6.33641,6.02853,0.001
0.2481,0.2981,6.55645,6.15218,6.02389,0.001
0.2482,0.2982,6.49102,5.95413,6.01462,0.001
0.2483,0.2983,6.45176,5.74227,5.97288,0.001
0.2484,0.2984,6.39505,5.56726,5.94506,0.001
0.2485,0.2985,6.36452,5.41066,5.94042,0.001
0.2486,0.2986,6.34707,5.26328,5.96361,0.001
0.2487,0.2987,6.39505,5.15735,6.01462,0.001
0.2488,0.2988,6.44303,5.08827,6.04244,0.001
0.2489,0.2989,6.539,5.02839,6.06099,0.001
0.249,0.299,6.63933,4.98694,6.08417,0.001
0.2491,0.2991,6.76148,4.91325,6.10736,0.001
0.2492,0.2992,6.87053,4.83035,6.12127,0.001
0.2493,0.2993,6.94905,4.74284,6.14446,0.001
0.2494,0.2994,6.98831,4.6323,6.13055,0.001
0.2495,0.2995,7.01012,4.53559,6.11664,0.001
0.2496,0.2996,7.01012,4.4619,6.09345,0.001
0.2497,0.2997,7.01448,4.39742,6.0749,0.001
0.2498,0.2998,7.04502,4.35136,6.01925,0.001
0.2499,0.2999,7.093,4.31912,5.95897,0.001
0.25,0.3,7.21514,4.29609,5.88477,0.001
0.2501,0.3001,7.37654,4.3007,5.8384,0.001
0.2502,0.3002,7.51177,4.29149,5.82449,0.001
0.2503,0.3003,7.65136,4.28228,5.80594,0.001
0.2504,0.3004,7.73861,4.25004,5.78275,0.001
0.2505,0.3005,7.81713,4.19477,5.75493,0.001
0.2506,0.3006,7.85203,4.09805,5.72247,0.001
0.2507,0.3007,7.88692,3.96909,5.66682,0.001
0.2508,0.3008,7.9131,3.84014,5.59263,0.001
0.2509,0.3009,7.95236,3.74342,5.53234,0.001
0.251,0.301,8.03524,3.66973,5.49061,0.001
0.2511,0.3011,8.13121,3.60986,5.45815,0.001
0.2512,0.3012,8.20973,3.55919,5.43032,0.001
0.2513,0.3013,8.24899,3.52235,5.41641,0.001
0.2514,0.3014,8.24462,3.52695,5.34222,0.001
0.2515,0.3015,8.21409,3.52695,5.24483,0.001
0.2516,0.3016,8.1661,3.52695,5.166,0.001
0.2517,0.3017,8.13557,3.49472,5.03152,0.001
0.2518,0.3018,8.11376,3.44866,4.93414,0.001
0.2519,0.3019,8.12684,3.40721,4.8043,0.001
0.252,0.302,8.13993,3.33352,4.67446,0.001
0.2521,0.3021,8.13557,3.25062,4.53998,0.001
0.2522,0.3022,8.13121,3.13087,4.39622,0.001
0.2523,0.3023,8.11376,3.00652,4.2571,0.001
0.2524,0.3024,8.09631,2.91902,4.12726,0.001
0.2525,0.3025,8.04833,2.83151,3.97423,0.001
0.2526,0.3026,8.00906,2.78085,3.83975,0.001
0.2527,0.3027,7.95672,2.74861,3.71919,0.001
0.2528,0.3028,7.94799,2.744,3.59398,0.001
0.2529,0.3029,7.95236,2.79006,3.47805,0.001
0.253,0.303,7.99598,2.84072,3.34821,0.001
0.2531,0.3031,8.04396,2.89138,3.23228,0.001
0.2532,0.3032,8.10067,2.92362,3.11635,0.001
0.2533,0.3033,8.15302,2.96968,3.03288,0.001
0.2534,0.3034,8.21845,3.04797,2.94014,0.001
0.2535,0.3035,8.2359,3.15851,2.89376,0.001
0.2536,0.3036,8.2708,3.27365,2.87521,0.001
0.2537,0.3037,8.28388,3.39339,2.87521,0.001
0.2538,0.3038,8.31006,3.49011,2.87521,0.001
0.2539,0.3039,8.31878,3.61907,2.87521,0.001
0.254,0.304,8.31006,3.725,2.89376,0.001
0.2541,0.3041,8.28825,3.79869,2.88913,0.001
0.2542,0.3042,8.26207,3.84474,2.87058,0.001
0.2543,0.3043,8.24462,3.8908,2.87985,0.001
0.2544,0.3044,8.23154,3.90462,2.92159,0.001
0.2545,0.3045,8.20973,3.8908,2.96332,0.001
0.2546,0.3046,8.17919,3.90462,3.01897,0.001
0.2547,0.3047,8.17047,3.93225,3.05143,0.001
0.2548,0.3048,8.17047,3.98752,3.12562,0.001
0.2549,0.3049,8.17047,4.06121,3.15808,0.001
0.255,0.305,8.19228,4.12569,3.19982,0.001
0.2551,0.3051,8.22718,4.20859,3.22301,0.001
0.2552,0.3052,8.2359,4.30991,3.2601,0.001
0.2553,0.3053,8.25771,4.37899,3.28329,0.001
0.2554,0.3054,8.26644,4.45268,3.2601,0.001
0.2555,0.3055,8.2708,4.52177,3.22764,0.001
0.2556,0.3056,8.27952,4.60007,3.17663,0.001
0.2557,0.3057,8.27516,4.68757,3.11635,0.001
0.2558,0.3058,8.26207,4.81193,3.0978,0.001
0.2559,0.3059,8.2359,4.92246,3.08853,0.001
0.256,0.306,8.19664,5.02379,3.05607,0.001
0.2561,0.3061,8.12248,5.08827,3.0607,0.001
0.2562,0.3062,8.0396,5.11129,3.06998,0.001
0.2563,0.3063,7.92182,5.13432,3.07461,0.001
0.2564,0.3064,7.80404,5.13432,3.11171,0.001
0.2565,0.3065,7.72552,5.13893,3.12099,0.001
0.2566,0.3066,7.66009,5.14353,3.13026,0.001
0.2567,0.3067,7.6121,5.15735,3.14881,0.001
0.2568,0.3068,7.59029,5.17577,3.16272,0.001
0.2569,0.3069,7.59029,5.22183,3.12562,0.001
0.257,0.307,7.57721,5.2771,3.00506,0.001
0.2571,0.3071,7.58157,5.33237,2.87521,0.001
0.2572,0.3072,7.59902,5.37842,2.79174,0.001
0.2573,0.3073,7.6121,5.39685,2.7732,0.001
0.2574,0.3074,7.6121,5.39685,2.7361,0.001
0.2575,0.3075,7.62955,5.39224,2.71291,0.001
0.2576,0.3076,7.63392,5.4383,2.74074,0.001
0.2577,0.3077,7.66445,5.50738,2.81957,0.001
0.2578,0.3078,7.73425,5.61331,2.87985,0.001
0.2579,0.3079,7.79968,5.72385,2.88449,0.001
0.258,0.308,7.82149,5.85281,2.90304,0.001
0.2581,0.3081,7.82149,5.9265,2.94941,0.001
0.2582,0.3082,7.8433,6.01861,3.00042,0.001
0.2583,0.3083,7.88256,6.06467,3.08853,0.001
0.2584,0.3084,7.94363,6.12454,3.16736,0.001
0.2585,0.3085,8.00034,6.14757,3.28793,0.001
0.2586,0.3086,8.05269,6.18442,3.4966,0.001
0.2587,0.3087,8.08759,6.25351,3.63572,0.001
0.2588,0.3088,8.13993,6.31798,3.696,0.001
0.2589,0.3089,8.201,6.39628,3.78875,0.001
0.259,0.309,8.29261,6.493,3.87685,0.001
0.2591,0.3091,8.37549,6.53445,3.9325,0.001
0.2592,0.3092,8.4322,6.63117,3.92322,0.001
0.2593,0.3093,8.50636,6.72789,3.91395,0.001
0.2594,0.3094,8.56307,6.82462,3.96032,0.001
0.2595,0.3095,8.6285,6.91212,3.96032,0.001
0.2596,0.3096,8.70266,7.00424,3.92786,0.001
0.2597,0.3097,8.75937,7.10096,3.95569,0.001
0.2598,0.3098,8.79426,7.17926,4.01133,0.001
0.2599,0.3099,8.84661,7.24834,4.08089,0.001
0.26,0.31,8.89896,7.33585,4.12263,0.001
0.2601,0.3101,8.97311,7.41415,4.13654,0.001
0.2602,0.3102,9.07781,7.51087,4.20146,0.001
0.2603,0.3103,9.14324,7.58917,4.25247,0.001
0.2604,0.3104,9.22612,7.65826,4.31739,0.001
0.2605,0.3105,9.30464,7.70431,4.38231,0.001
0.2606,0.3106,9.38316,7.73195,4.41477,0.001
0.2607,0.3107,9.46168,7.73195,4.53534,0.001
0.2608,0.3108,9.5053,7.69971,4.65127,0.001
0.2609,0.3109,9.54457,7.68129,4.7301,0.001
0.261,0.311,9.57074,7.62602,4.74865,0.001
0.2611,0.3111,9.58819,7.55232,4.75329,0.001
0.2612,0.3112,9.61436,7.47863,4.7301,0.001
0.2613,0.3113,9.63617,7.44639,4.74401,0.001
0.2614,0.3114,9.64053,7.4556,4.7301,0.001
0.2615,0.3115,9.64053,7.49705,4.67446,0.001
0.2616,0.3116,9.63617,7.56614,4.65127,0.001
0.2617,0.3117,9.64053,7.67208,4.66518,0.001
0.2618,0.3118,9.65362,7.73655,4.66054,0.001
0.2619,0.3119,9.64926,7.72274,4.59098,0.001
0.262,0.312,9.65798,7.70431,4.54925,0.001
0.2621,0.3121,9.6449,7.69971,4.58635,0.001
0.2622,0.3122,9.66234,7.72734,4.53998,0.001
0.2623,0.3123,9.64053,7.72734,4.52606,0.001
0.2624,0.3124,9.67107,7.71813,4.59562,0.001
0.2625,0.3125,9.68416,7.72734,4.62345,0.001
0.2626,0.3126,9.73214,7.79182,4.65127,0.001
0.2627,0.3127,9.76268,7.83788,4.68373,0.001
0.2628,0.3128,9.80194,7.81485,4.72083,0.001
0.2629,0.3129,9.82811,7.77801,4.78111,0.001
0.263,0.313,9.84992,7.78261,4.84603,0.001
0.2631,0.3131,9.86737,7.81025,4.89241,0.001
0.2632,0.3132,9.86301,7.83788,4.94805,0.001
0.2633,0.3133,9.86737,7.88394,5.00834,0.001
0.2634,0.3134,9.88046,7.96684,5.03152,0.001
0.2635,0.3135,9.86301,8.0912,5.05007,0.001
0.2636,0.3136,9.86301,8.19713,5.07326,0.001
0.2637,0.3137,9.84556,8.27543,5.10572,0.001
0.2638,0.3138,9.78449,8.40439,5.22165,0.001
0.2639,0.3139,9.74087,8.51954,5.34685,0.001
0.264,0.314,9.70161,8.62547,5.38395,0.001
0.2641,0.3141,9.68416,8.66693,5.41177,0.001
0.2642,0.3142,9.65362,8.73141,5.44424,0.001
0.2643,0.3143,9.66234,8.80049,5.49988,0.001
0.2644,0.3144,9.6449,8.84655,5.51843,0.001
0.2645,0.3145,9.61436,8.83274,5.54625,0.001
0.2646,0.3146,9.5751,8.81892,5.53234,0.001
0.2647,0.3147,9.50967,8.84195,5.55553,0.001
0.2648,0.3148,9.47477,8.89722,5.60654,0.001
0.2649,0.3149,9.4486,8.92485,5.68073,0.001
0.265,0.315,9.45296,8.93406,5.76884,0.001
0.2651,0.3151,9.45296,8.98473,5.82913,0.001
0.2652,0.3152,9.42679,9.0446,5.83376,0.001
0.2653,0.3153,9.42679,9.10448,5.82449,0.001
0.2654,0.3154,9.4137,9.14133,5.79203,0.001
0.2655,0.3155,9.39625,9.15514,5.70856,0.001
0.2656,0.3156,9.38753,9.21041,5.62045,0.001
0.2657,0.3157,9.38753,9.27029,5.53698,0.001
0.2658,0.3158,9.37008,9.32556,5.44424,0.001
0.2659,0.3159,9.37444,9.33016,5.38395,0.001
0.266,0.316,9.37008,9.36701,5.30048,0.001
0.2661,0.3161,9.37008,9.33938,5.26338,0.001
0.2662,0.3162,9.38316,9.37622,5.24947,0.001
0.2663,0.3163,9.4486,9.3578,5.2402,0.001
0.2664,0.3164,9.49658,9.26108,5.27266,0.001
0.2665,0.3165,9.56638,9.22423,5.29121,0.001
0.2666,0.3166,9.59255,9.17357,5.28193,0.001
0.2667,0.3167,9.54893,9.11369,5.30512,0.001
0.2668,0.3168,9.47041,9.02618,5.30976,0.001
0.2669,0.3169,9.43115,8.94788,5.29121,0.001
0.267,0.317,9.43115,8.92485,5.30976,0.001
0.2671,0.3171,9.43987,8.91564,5.30048,0.001
0.2672,0.3172,9.42679,8.8834,5.33294,0.001
0.2673,0.3173,9.46168,8.92485,5.38859,0.001
0.2674,0.3174,9.52275,8.93406,5.42569,0.001
0.2675,0.3175,9.58383,8.888,5.49525,0.001
0.2676,0.3176,9.59255,8.82352,5.5648,0.001
0.2677,0.3177,9.58819,8.78207,5.62509,0.001
0.2678,0.3178,9.58819,8.77286,5.69928,0.001
0.2679,0.3179,9.61872,8.76365,5.77812,0.001
0.268,0.318,9.67107,8.77747,5.85231,0.001
0.2681,0.3181,9.69724,8.77747,5.94506,0.001
0.2682,0.3182,9.72778,8.79128,6.04244,0.001
0.2683,0.3183,9.81502,8.77286,6.13518,0.001
0.2684,0.3184,9.91099,8.71759,6.20938,0.001
0.2685,0.3185,9.95461,8.63929,6.28821,0.001
0.2686,0.3186,10.007,8.56099,6.3856,0.001
0.2687,0.3187,10.0593,8.54257,6.45052,0.001
0.2688,0.3188,10.0768,8.52875,6.53862,0.001
0.2689,0.3189,10.0375,8.46888,6.61282,0.001
0.269,0.319,9.98515,8.35834,6.68238,0.001
0.2691,0.3191,9.95898,8.31688,6.76121,0.001
0.2692,0.3192,9.92408,8.26622,6.83541,0.001
0.2693,0.3193,9.86737,8.22937,6.90033,0.001
0.2694,0.3194,9.8063,8.14186,6.96989,0.001
0.2695,0.3195,9.7714,8.02672,7.02554,0.001
0.2696,0.3196,9.74523,7.92539,7.09973,0.001
0.2697,0.3197,9.71033,7.89315,7.1832,0.001
0.2698,0.3198,9.66234,7.88394,7.27131,0.001
0.2699,0.3199,9.62309,7.89776,7.35942,0.001
0.27,0.32,9.58383,7.89315,7.44289,0.001
0.2701,0.3201,9.58819,7.81946,7.531,0.001
0.2702,0.3202,9.59691,7.7688,7.60519,0.001
0.2703,0.3203,9.57946,7.72734,7.66084,0.001
0.2704,0.3204,9.58383,7.63983,7.69794,0.001
0.2705,0.3205,9.59691,7.57996,7.6933,0.001
0.2706,0.3206,9.58819,7.52008,7.73967,0.001
0.2707,0.3207,9.5751,7.47403,7.78141,0.001
0.2708,0.3208,9.53584,7.42797,7.83242,0.001
0.2709,0.3209,9.43551,7.39112,7.85561,0.001
0.271,0.321,9.3788,7.35428,7.90662,0.001
0.2711,0.3211,9.33082,7.33585,7.91125,0.001
0.2712,0.3212,9.19559,7.31743,7.95299,0.001
0.2713,0.3213,9.04727,7.28059,7.98545,0.001
0.2714,0.3214,8.92949,7.23453,8.00863,0.001
0.2715,0.3215,8.83789,7.18386,8.02255,0.001
0.2716,0.3216,8.72883,7.11938,8.03182,0.001
0.2717,0.3217,8.64595,7.06872,8.05964,0.001
0.2718,0.3218,8.6285,7.0503,8.09674,0.001
0.2719,0.3219,8.6634,7.04109,8.15239,0.001
0.272,0.322,8.63286,7.03648,8.19876,0.001
0.2721,0.3221,8.61541,7.09175,8.26832,0.001
0.2722,0.3222,8.61105,7.17005,8.33788,0.001
0.2723,0.3223,8.58051,7.22532,8.37962,0.001
0.2724,0.3224,8.50636,7.30822,8.44918,0.001
0.2725,0.3225,8.44529,7.38191,8.50019,0.001
0.2726,0.3226,8.3973,7.46021,8.57902,0.001
0.2727,0.3227,8.35804,7.55693,8.67176,0.001
0.2728,0.3228,8.36677,7.63062,8.74132,0.001
0.2729,0.3229,8.35804,7.6951,8.81552,0.001
0.273,0.323,8.34495,7.76419,8.85262,0.001
0.2731,0.3231,8.32751,7.83328,8.9129,0.001
0.2732,0.3232,8.29697,7.88394,8.95927,0.001
0.2733,0.3233,8.2359,7.96684,8.99637,0.001
0.2734,0.3234,8.15302,8.0129,9.04738,0.001
0.2735,0.3235,8.13993,8.05435,9.09376,0.001
0.2736,0.3236,8.17483,8.05896,9.09839,0.001
0.2737,0.3237,8.18792,8.07278,9.1494,0.001
0.2738,0.3238,8.1661,8.07278,9.1865,0.001
0.2739,0.3239,8.16174,8.06357,9.20969,0.001
0.274,0.324,8.18792,8.0912,9.24215,0.001
0.2741,0.3241,8.24462,8.14647,9.26534,0.001
0.2742,0.3242,8.2359,8.1695,9.28388,0.001
0.2743,0.3243,8.19664,8.19713,9.31635,0.001
0.2744,0.3244,8.1094,8.19253,9.33953,0.001
0.2745,0.3245,8.09195,8.1741,9.37663,0.001
0.2746,0.3246,8.08759,8.18332,9.423,0.001
0.2747,0.3247,8.10067,8.18332,9.4601,0.001
0.2748,0.3248,8.1094,8.1695,9.48329,0.001
0.2749,0.3249,8.14429,8.14647,9.48792,0.001
0.275,0.325,8.17919,8.18792,9.51575,0.001
0.2751,0.3251,8.16174,8.19253,9.52502,0.001
0.2752,0.3252,8.12684,8.18332,9.54357,0.001
0.2753,0.3253,8.08322,8.14186,9.58067,0.001
0.2754,0.3254,8.06141,8.0912,9.62241,0.001
0.2755,0.3255,8.02215,8.08659,9.62704,0.001
0.2756,0.3256,8.04396,8.06817,9.6595,0.001
0.2757,0.3257,8.08322,8.02211,9.62241,0.001
0.2758,0.3258,8.13993,7.99448,9.58531,0.001
0.2759,0.3259,8.22718,7.97145,9.59458,0.001
0.276,0.326,8.30569,7.94382,9.58994,0.001
0.2761,0.3261,8.32751,7.91157,9.57139,0.001
0.2762,0.3262,8.37113,7.89315,9.5343,0.001
0.2763,0.3263,8.44092,7.89315,9.48329,0.001
0.2764,0.3264,8.50636,7.89315,9.44619,0.001
0.2765,0.3265,8.54125,7.88855,9.423,0.001
0.2766,0.3266,8.58051,7.95303,9.39054,0.001
0.2767,0.3267,8.61541,8.00369,9.41373,0.001
0.2768,0.3268,8.65467,8.05435,9.42764,0.001
0.2769,0.3269,8.71138,8.06357,9.48329,0.001
0.277,0.327,8.77245,8.0912,9.54357,0.001
0.2771,0.3271,8.84661,8.12344,9.60849,0.001
0.2772,0.3272,8.91641,8.15568,9.69197,0.001
0.2773,0.3273,8.96875,8.19713,9.75225,0.001
0.2774,0.3274,9.01237,8.22937,9.79862,0.001
0.2775,0.3275,9.09526,8.2524,9.86354,0.001
0.2776,0.3276,9.17814,8.31688,9.89601,0.001
0.2777,0.3277,9.26538,8.38137,9.91919,0.001
0.2778,0.3278,9.35699,8.42742,9.97948,0.001
0.2779,0.3279,9.45732,8.51493,10.0305,0.001
0.278,0.328,9.54893,8.5656,10.0815,0.001
0.2781,0.3281,9.63617,8.63929,10.1186,0.001
0.2782,0.3282,9.68852,8.71298,10.1279,0.001
0.2783,0.3283,9.72342,8.81431,10.1557,0.001
0.2784,0.3284,9.79321,8.8834,10.1093,0.001
0.2785,0.3285,9.83247,8.97091,10.0908,0.001
0.2786,0.3286,9.88918,9.09987,10.0629,0.001
0.2787,0.3287,9.94589,9.21963,10.0258,0.001
0.2788,0.3288,9.98515,9.31174,10.0444,0.001
0.2789,0.3289,10.0331,9.44992,10.0908,0.001
0.279,0.329,10.0549,9.55125,10.1,0.001
0.2791,0.3291,10.0637,9.62033,10.114,0.001
0.2792,0.3292,10.0462,9.671,10.114,0.001
0.2793,0.3293,10.0462,9.70784,10.1186,0.001
0.2794,0.3294,10.068,9.76311,10.1511,0.001
0.2795,0.3295,10.0419,9.78154,10.1603,0.001
0.2796,0.3296,10.0419,9.81378,10.1974,0.001
0.2797,0.3297,10.0506,9.92432,10.2484,0.001
0.2798,0.3298,10.0549,10.0072,10.3273,0.001
0.2799,0.3299,10.0288,10.0671,10.3968,0.001
0.28,0.33,9.97206,10.1039,10.471,0.001
0.2801,0.3301,9.91099,10.1684,10.5035,0.001
0.2802,0.3302,9.88918,10.2145,10.5684,0.001
0.2803,0.3303,9.89354,10.2559,10.573,0.001
0.2804,0.3304,9.88046,10.3158,10.6055,0.001
0.2805,0.3305,9.88918,10.3987,10.6194,0.001
0.2806,0.3306,9.90663,10.4862,10.6009,0.001
0.2807,0.3307,9.90663,10.5645,10.6101,0.001
0.2808,0.3308,9.93717,10.6382,10.6055,0.001
0.2809,0.3309,9.9328,10.6797,10.6101,0.001
0.281,0.331,9.89354,10.7211,10.6055,0.001
0.2811,0.3311,9.86301,10.781,10.5916,0.001
0.2812,0.3312,9.85865,10.8593,10.5499,0.001
0.2813,0.3313,9.87609,10.8916,10.5545,0.001
0.2814,0.3314,9.91099,10.9238,10.6055,0.001
0.2815,0.3315,9.95025,10.9883,10.6472,0.001
0.2816,0.3316,9.97206,11.0343,10.6936,0.001
0.2817,0.3317,10.0157,11.0942,10.7214,0.001
0.2818,0.3318,10.0462,11.1403,10.7585,0.001
0.2819,0.3319,10.0549,11.1955,10.8003,0.001
0.282,0.332,10.0942,11.2923,10.8096,0.001
0.2821,0.3321,10.1204,11.3521,10.8096,0.001
0.2822,0.3322,10.1596,11.4212,10.791,0.001
0.2823,0.3323,10.1815,11.4995,10.8049,0.001
0.2824,0.3324,10.2425,11.5824,10.8235,0.001
0.2825,0.3325,10.3167,11.67,10.8606,0.001
0.2826,0.3326,10.3821,11.7575,10.8745,0.001
0.2827,0.3327,10.4694,11.8496,10.9208,0.001
0.2828,0.3328,10.5304,11.9417,10.9162,0.001
0.2829,0.3329,10.5871,12.0108,10.944,0.001
0.283,0.333,10.6526,12.0569,10.9579,0.001
0.2831,0.3331,10.718,12.0753,10.9765,0.001
0.2832,0.3332,10.7485,12.1121,10.9765,0.001
0.2833,0.3333,10.7791,12.1029,11.0182,0.001
0.2834,0.3334,10.8096,12.1259,11.0785,0.001
0.2835,0.3335,10.862,12.1259,11.1249,0.001
0.2836,0.3336,10.8925,12.1305,11.1573,0.001
0.2837,0.3337,10.9187,12.1444,11.2176,0.001
0.2838,0.3338,10.9274,12.1398,11.2362,0.001
0.2839,0.3339,10.9361,12.1213,11.2501,0.001
0.284,0.334,10.9448,12.0937,11.2362,0.001
0.2841,0.3341,10.9274,12.0983,11.2733,0.001
0.2842,0.3342,10.9405,12.1121,11.2779,0.001
0.2843,0.3343,10.9361,12.1305,11.2779,0.001
0.2844,0.3344,10.9361,12.1582,11.3243,0.001
0.2845,0.3345,10.9536,12.1904,11.3938,0.001
0.2846,0.3346,10.9797,12.2135,11.4588,0.001
0.2847,0.3347,10.9797,12.2687,11.4866,0.001
0.2848,0.3348,10.9885,12.2733,11.5191,0.001
0.2849,0.3349,10.9928,12.2918,11.5422,0.001
0.285,0.335,10.971,12.3701,11.5747,0.001
0.2851,0.3351,10.9579,12.4115,11.5886,0.001
0.2852,0.3352,10.9274,12.4438,11.6396,0.001
0.2853,0.3353,10.9318,12.5175,11.7741,0.001
0.2854,0.3354,10.9318,12.5497,11.8761,0.001
0.2855,0.3355,10.9274,12.5911,11.9735,0.001
0.2856,0.3356,10.9143,12.6096,12.0802,0.001
0.2857,0.3357,10.9143,12.6234,12.1497,0.001
0.2858,0.3358,10.8969,12.6372,12.2239,0.001
0.2859,0.3359,10.8881,12.6188,12.2935,0.001
0.286,0.336,10.862,12.6004,12.4001,0.001
0.2861,0.3361,10.8401,12.6188,12.4836,0.001
0.2862,0.3362,10.8314,12.6326,12.5485,0.001
0.2863,0.3363,10.8052,12.6694,12.6181,0.001
0.2864,0.3364,10.7878,12.7109,12.6969,0.001
0.2865,0.3365,10.7616,12.7616,12.7804,0.001
0.2866,0.3366,10.7573,12.8122,12.8175,0.001
0.2867,0.3367,10.766,12.8445,12.8963,0.001
0.2868,0.3368,10.7704,12.8813,12.9288,0.001
0.2869,0.3369,10.7704,12.8951,12.952,0.001
0.287,0.337,10.766,12.8859,13.0215,0.001
0.2871,0.3371,10.7616,12.8813,13.0911,0.001
0.2872,0.3372,10.7267,12.9044,13.207,0.001
0.2873,0.3373,10.6918,12.909,13.3183,0.001
0.2874,0.3374,10.6526,12.9412,13.4528,0.001
0.2875,0.3375,10.6308,12.9642,13.5734,0.001
0.2876,0.3376,10.6264,12.9965,13.6708,0.001
0.2877,0.3377,10.6177,12.9827,13.7403,0.001
0.2878,0.3378,10.5741,12.9827,13.8145,0.001
0.2879,0.3379,10.5217,12.9734,13.8748,0.001
0.288,0.338,10.4737,12.932,13.9583,0.001
0.2881,0.3381,10.4126,12.8951,14.0371,0.001
0.2882,0.3382,10.3778,12.8721,14.1067,0.001
0.2883,0.3383,10.3385,12.8767,14.1716,0.001
0.2884,0.3384,10.2818,12.8629,14.2041,0.001
0.2885,0.3385,10.2643,12.8261,14.2365,0.001
0.2886,0.3386,10.2425,12.7754,14.269,0.001
0.2887,0.3387,10.2076,12.7477,14.2736,0.001
0.2888,0.3388,10.1989,12.6925,14.2829,0.001
0.2889,0.3389,10.1858,12.6694,14.32,0.001
0.289,0.339,10.1945,12.6372,14.3478,0.001
0.2891,0.3391,10.1684,12.6096,14.3942,0.001
0.2892,0.3392,10.1902,12.5911,14.4545,0.001
0.2893,0.3393,10.1858,12.5958,14.4962,0.001
0.2894,0.3394,10.1858,12.5635,14.5472,0.001
0.2895,0.3395,10.1945,12.5451,14.5797,0.001
0.2896,0.3396,10.2163,12.499,14.5936,0.001
0.2897,0.3397,10.2207,12.4484,14.6632,0.001
0.2898,0.3398,10.2294,12.3931,14.6817,0.001
0.2899,0.3399,10.2382,12.3286,14.742,0.001
0.29,0.34,10.2425,12.2595,14.8116,0.001
0.2901,0.3401,10.2469,12.2503,14.844,0.001
0.2902,0.3402,10.2469,12.2687,14.8765,0.001
0.2903,0.3403,10.2425,12.2687,14.8997,0.001
0.2904,0.3404,10.2382,12.2825,14.9136,0.001
0.2905,0.3405,10.2425,12.3148,14.9229,0.001
0.2906,0.3406,10.2687,12.3332,14.8718,0.001
0.2907,0.3407,10.2861,12.3286,14.8116,0.001
0.2908,0.3408,10.2643,12.3332,14.8347,0.001
0.2909,0.3409,10.2512,12.3839,14.8672,0.001
0.291,0.341,10.2251,12.4023,14.8997,0.001
0.2911,0.3411,10.2294,12.4438,14.8672,0.001
0.2912,0.3412,10.2251,12.4438,14.9043,0.001
0.2913,0.3413,10.2425,12.4806,14.895,0.001
0.2914,0.3414,10.2556,12.5175,14.9229,0.001
0.2915,0.3415,10.26,12.5221,14.9043,0.001
0.2916,0.3416,10.2643,12.5221,14.9043,0.001
0.2917,0.3417,10.2338,12.476,14.9043,0.001
0.2918,0.3418,10.1902,12.476,14.9136,0.001
0.2919,0.3419,10.1684,12.4852,14.9275,0.001
0.292,0.342,10.1378,12.4852,14.9507,0.001
0.2921,0.3421,10.1117,12.4898,15.0017,0.001
0.2922,0.3422,10.0768,12.4898,15.0249,0.001
0.2923,0.3423,10.0637,12.5221,15.062,0.001
0.2924,0.3424,10.0244,12.5359,15.0898,0.001
0.2925,0.3425,9.98079,12.5221,15.0944,0.001
0.2926,0.3426,9.95461,12.499,15.1176,0.001
0.2927,0.3427,9.92844,12.5036,15.1269,0.001
0.2928,0.3428,9.92408,12.5036,15.1037,0.001
0.2929,0.3429,9.89354,12.5128,15.1269,0.001
0.293,0.343,9.88046,12.5313,15.1501,0.001
0.2931,0.3431,9.86737,12.5359,15.1594,0.001
0.2932,0.3432,9.85865,12.5082,15.1594,0.001
0.2933,0.3433,9.84992,12.4944,15.1269,0.001
0.2934,0.3434,9.85428,12.4852,15.1223,0.001
0.2935,0.3435,9.88482,12.476,15.1037,0.001
0.2936,0.3436,9.88482,12.4668,15.0573,0.001
0.2937,0.3437,9.92408,12.453,15.0388,0.001
0.2938,0.3438,9.92408,12.4622,15.0202,0.001
0.2939,0.3439,9.92844,12.4576,14.9924,0.001
0.294,0.344,9.95025,12.476,14.9739,0.001
0.2941,0.3441,9.97206,12.4852,14.9646,0.001
0.2942,0.3442,10.0244,12.5036,14.9646,0.001
0.2943,0.3443,10.068,12.5128,14.9368,0.001
0.2944,0.3444,10.1247,12.5313,14.9043,0.001
0.2945,0.3445,10.1596,12.5681,14.8765,0.001
0.2946,0.3446,10.1945,12.5589,14.844,0.001
0.2947,0.3447,10.2338,12.5681,14.7837,0.001
0.2948,0.3448,10.2643,12.605,14.7698,0.001
0.2949,0.3449,10.3341,12.6372,14.7281,0.001
0.295,0.345,10.4214,12.6418,14.7095,0.001
0.2951,0.3451,10.5261,12.6556,14.6678,0.001
0.2952,0.3452,10.5871,12.6648,14.6678,0.001
0.2953,0.3453,10.6831,12.6787,14.6539,0.001
0.2954,0.3454,10.7442,12.6833,14.5751,0.001
0.2955,0.3455,10.766,12.6787,14.5472,0.001
0.2956,0.3456,10.766,12.6741,14.5148,0.001
0.2957,0.3457,10.7791,12.6602,14.4823,0.001
0.2958,0.3458,10.7965,12.6648,14.4638,0.001
0.2959,0.3459,10.7878,12.6326,14.4359,0.001
0.296,0.346,10.7704,12.6142,14.3849,0.001
0.2961,0.3461,10.7747,12.5865,14.3339,0.001
0.2962,0.3462,10.7573,12.5497,14.2875,0.001
0.2963,0.3463,10.7136,12.5175,14.2226,0.001
0.2964,0.3464,10.6657,12.476,14.1855,0.001
0.2965,0.3465,10.6046,12.4392,14.1299,0.001
0.2966,0.3466,10.5392,12.4069,14.0881,0.001
0.2967,0.3467,10.4999,12.3977,14.0696,0.001
0.2968,0.3468,10.4694,12.3747,14.0232,0.001
0.2969,0.3469,10.4563,12.3655,13.9722,0.001
0.297,0.347,10.4432,12.3332,13.9351,0.001
0.2971,0.3471,10.4432,12.3056,13.9119,0.001
0.2972,0.3472,10.465,12.2779,13.8516,0.001
0.2973,0.3473,10.4606,12.2687,13.8006,0.001
0.2974,0.3474,10.4257,12.2503,13.7635,0.001
0.2975,0.3475,10.3996,12.2365,13.7218,0.001
0.2976,0.3476,10.3734,12.2319,13.6847,0.001
0.2977,0.3477,10.3647,12.2549,13.6522,0.001
0.2978,0.3478,10.3429,12.2779,13.629,0.001
0.2979,0.3479,10.321,12.2733,13.5919,0.001
0.298,0.348,10.3123,12.2779,13.5409,0.001
0.2981,0.3481,10.2861,12.2825,13.4992,0.001
0.2982,0.3482,10.26,12.2964,13.4714,0.001
0.2983,0.3483,10.2469,12.3424,13.4204,0.001
0.2984,0.3484,10.2207,12.3701,13.3879,0.001
0.2985,0.3485,10.2076,12.3747,13.3554,0.001
0.2986,0.3486,10.2163,12.3839,13.3137,0.001
0.2987,0.3487,10.2076,12.3931,13.2441,0.001
0.2988,0.3488,10.2338,12.4069,13.207,0.001
0.2989,0.3489,10.2905,12.4345,13.156,0.001
0.299,0.349,10.3734,12.4668,13.0772,0.001
0.2991,0.3491,10.4519,12.5359,13.0076,0.001
0.2992,0.3492,10.5304,12.5958,12.952,0.001
0.2993,0.3493,10.6046,12.6418,12.8685,0.001
0.2994,0.3494,10.6613,12.7109,12.8129,0.001
0.2995,0.3495,10.7006,12.757,12.7433,0.001
0.2996,0.3496,10.7442,12.7984,12.7155,0.001
0.2997,0.3497,10.8096,12.8537,12.6784,0.001
0.2998,0.3498,10.8314,12.8951,12.6274,0.001
0.2999,0.3499,10.8838,12.9458,12.5717,0.001
0.3,0.35,10.8838,12.978,12.53,0.001
0.3001,0.3501,10.8707,13.0057,12.5022,0.001
0.3002,0.3502,10.8445,13.0241,12.4604,0.001
0.3003,0.3503,10.8096,13.0057,12.4326,0.001
0.3004,0.3504,10.7878,12.9642,12.3677,0.001
0.3005,0.3505,10.7791,12.932,12.3399,0.001
0.3006,0.3506,10.7747,12.909,12.2657,0.001
0.3007,0.3507,10.7922,12.8813,12.2007,0.001
0.3008,0.3508,10.7573,12.8491,12.1544,0.001
0.3009,0.3509,10.7485,12.8214,12.0987,0.001
0.301,0.351,10.7311,12.7385,12.0152,0.001
0.3011,0.3511,10.7311,12.6694,11.9411,0.001
0.3012,0.3512,10.7093,12.6188,11.8669,0.001
0.3013,0.3513,10.6918,12.5451,11.7927,0.001
0.3014,0.3514,10.6744,12.4668,11.7092,0.001
0.3015,0.3515,10.6482,12.3885,11.6396,0.001
0.3016,0.3516,10.6351,12.3148,11.5747,0.001
0.3017,0.3517,10.622,12.2641,11.5051,0.001
0.3018,0.3518,10.5784,12.1812,11.4588,0.001
0.3019,0.3519,10.5348,12.1167,11.4078,0.001
0.302,0.352,10.5173,12.0615,11.3799,0.001
0.3021,0.3521,10.4955,11.997,11.366,0.001
0.3022,0.3522,10.4475,11.9141,11.3336,0.001
0.3023,0.3523,10.4257,11.8127,11.3104,0.001
0.3024,0.3524,10.4214,11.7252,11.2872,0.001
0.3025,0.3525,10.4345,11.6423,11.2686,0.001
0.3026,0.3526,10.4606,11.5686,11.2315,0.001
0.3027,0.3527,10.4999,11.4949,11.1898,0.001
0.3028,0.3528,10.5304,11.4258,11.1434,0.001
0.3029,0.3529,10.561,11.3706,11.1156,0.001
0.303,0.353,10.5566,11.3107,11.0924,0.001
0.3031,0.3531,10.5653,11.2508,11.0878,0.001
0.3032,0.3532,10.5653,11.1771,11.0507,0.001
0.3033,0.3533,10.5566,11.1357,10.9904,0.001
0.3034,0.3534,10.5522,11.108,10.9487,0.001
0.3035,0.3535,10.5348,11.062,10.8791,0.001
0.3036,0.3536,10.5479,11.0343,10.8513,0.001
0.3037,0.3537,10.5522,11.0297,10.8513,0.001
0.3038,0.3538,10.5741,11.0251,10.8327,0.001
0.3039,0.3539,10.5741,11.0251,10.8559,0.001
0.304,0.354,10.5566,11.0389,10.8559,0.001
0.3041,0.3541,10.5348,11.0343,10.8698,0.001
0.3042,0.3542,10.5086,11.0436,10.8745,0.001
0.3043,0.3543,10.4868,11.0251,10.8791,0.001
0.3044,0.3544,10.4912,11.0067,10.9116,0.001
0.3045,0.3545,10.4868,10.9929,10.9301,0.001
0.3046,0.3546,10.465,10.9791,10.9579,0.001
0.3047,0.3547,10.4563,10.9652,10.9811,0.001
0.3048,0.3548,10.4388,10.9468,11.009,0.001
0.3049,0.3549,10.4126,10.887,11.0043,0.001
0.305,0.355,10.369,10.8455,10.9904,0.001
0.3051,0.3551,10.2949,10.7856,10.9858,0.001
0.3052,0.3552,10.2163,10.7442,10.9394,0.001
0.3053,0.3553,10.1553,10.6889,10.9116,0.001
0.3054,0.3554,10.0942,10.6474,10.8745,0.001
0.3055,0.3555,10.0244,10.6106,10.8327,0.001
0.3056,0.3556,9.95898,10.5599,10.7817,0.001
0.3057,0.3557,9.90227,10.5047,10.7678,0.001
0.3058,0.3558,9.82375,10.454,10.7168,0.001
0.3059,0.3559,9.74087,10.3987,10.7214,0.001
0.306,0.356,9.66234,10.3296,10.6843,0.001
0.3061,0.3561,9.56638,10.2559,10.638,0.001
0.3062,0.3562,9.48349,10.1776,10.6055,0.001
0.3063,0.3563,9.40934,10.0717,10.5684,0.001
0.3064,0.3564,9.34827,10.0026,10.5499,0.001
0.3065,0.3565,9.30464,9.91511,10.5313,0.001
0.3066,0.3566,9.26538,9.82299,10.5174,0.001
0.3067,0.3567,9.22612,9.76311,10.5128,0.001
0.3068,0.3568,9.1825,9.70324,10.5081,0.001
0.3069,0.3569,9.1476,9.65257,10.4525,0.001
0.307,0.357,9.11707,9.62033,10.4061,0.001
0.3071,0.3571,9.09962,9.57427,10.3319,0.001
0.3072,0.3572,9.09962,9.54664,10.2624,0.001
0.3073,0.3573,9.09962,9.52822,10.1882,0.001
0.3074,0.3574,9.09962,9.50519,10.1093,0.001
0.3075,0.3575,9.09526,9.47755,10.0212,0.001
0.3076,0.3576,9.11707,9.47755,9.94238,0.001
0.3077,0.3577,9.12143,9.46373,9.86354,0.001
0.3078,0.3578,9.13015,9.43149,9.78471,0.001
0.3079,0.3579,9.13015,9.37162,9.67342,0.001
0.308,0.358,9.1476,9.31635,9.59922,0.001
0.3081,0.3581,9.13452,9.27029,9.51575,0.001
0.3082,0.3582,9.15633,9.21502,9.4601,0.001
0.3083,0.3583,9.18686,9.16435,9.3859,0.001
0.3084,0.3584,9.19995,9.10908,9.33953,0.001
0.3085,0.3585,9.2174,9.08145,9.32098,0.001
0.3086,0.3586,9.23921,9.03079,9.29316,0.001
0.3087,0.3587,9.27411,8.98933,9.27461,0.001
0.3088,0.3588,9.28283,8.93867,9.25606,0.001
0.3089,0.3589,9.28719,8.87879,9.26534,0.001
0.309,0.359,9.29156,8.81892,9.2236,0.001
0.3091,0.3591,9.29592,8.77747,9.17259,0.001
0.3092,0.3592,9.29156,8.74522,9.14477,0.001
0.3093,0.3593,9.29156,8.71759,9.10303,0.001
0.3094,0.3594,9.28719,8.69456,9.05202,0.001
0.3095,0.3595,9.28283,8.67153,9.04275,0.001
0.3096,0.3596,9.26974,8.6439,8.99174,0.001
0.3097,0.3597,9.26538,8.60705,8.94536,0.001
0.3098,0.3598,9.2523,8.55178,8.85725,0.001
0.3099,0.3599,9.20867,8.50572,8.78306,0.001
0.31,0.36,9.1825,8.43203,8.75523,0.001
0.3101,0.3601,9.1476,8.37215,8.7135,0.001
0.3102,0.3602,9.10398,8.29385,8.69031,0.001
0.3103,0.3603,9.04727,8.22937,8.65785,0.001
0.3104,0.3604,9.01237,8.1741,8.62075,0.001
0.3105,0.3605,8.96439,8.10502,8.6393,0.001
0.3106,0.3606,8.92077,8.05435,8.61612,0.001
0.3107,0.3607,8.87278,7.99908,8.59293,0.001
0.3108,0.3608,8.80735,7.96684,8.57902,0.001
0.3109,0.3609,8.76809,7.91157,8.53728,0.001
0.311,0.361,8.71574,7.86091,8.50946,0.001
0.3111,0.3611,8.68085,7.80104,8.49555,0.001
0.3112,0.3612,8.65467,7.78261,8.46772,0.001
0.3113,0.3613,8.62414,7.73655,8.43526,0.001
0.3114,0.3614,8.61977,7.73655,8.4399,0.001
0.3115,0.3615,8.61105,7.72734,8.40744,0.001
0.3116,0.3616,8.60233,7.73195,8.38889,0.001
0.3117,0.3617,8.60669,7.72734,8.38425,0.001
0.3118,0.3618,8.63286,7.72274,8.32861,0.001
0.3119,0.3619,8.65031,7.71353,8.29151,0.001
0.312,0.362,8.67212,7.70431,8.26832,0.001
0.3121,0.3621,8.70266,7.6951,8.25441,0.001
0.3122,0.3622,8.70702,7.67208,8.24977,0.001
0.3123,0.3623,8.74192,7.68129,8.23122,0.001
0.3124,0.3624,8.755,7.66286,8.23122,0.001
0.3125,0.3625,8.76809,7.65826,8.19876,0.001
0.3126,0.3626,8.78554,7.67668,8.15703,0.001
0.3127,0.3627,8.78554,7.64444,8.11066,0.001
0.3128,0.3628,8.79863,7.62602,8.05037,0.001
0.3129,0.3629,8.79426,7.62602,8.01327,0.001
0.313,0.363,8.78554,7.61681,7.94371,0.001
0.3131,0.3631,8.79426,7.6122,7.89734,0.001
0.3132,0.3632,8.80735,7.62141,7.86952,0.001
0.3133,0.3633,8.82044,7.62602,7.83242,0.001
0.3134,0.3634,8.83789,7.65365,7.78605,0.001
0.3135,0.3635,8.83352,7.65826,7.74895,0.001
0.3136,0.3636,8.83789,7.67668,7.67939,0.001
0.3137,0.3637,8.86406,7.67208,7.6191,0.001
0.3138,0.3638,8.86842,7.68129,7.53563,0.001
0.3139,0.3639,8.87714,7.66286,7.48926,0.001
0.314,0.364,8.88587,7.64444,7.44753,0.001
0.3141,0.3641,8.89896,7.63523,7.41507,0.001
0.3142,0.3642,8.90768,7.61681,7.39652,0.001
0.3143,0.3643,8.90332,7.59838,7.3826,0.001
0.3144,0.3644,8.89023,7.58917,7.35942,0.001
0.3145,0.3645,8.87714,7.57535,7.32232,0.001
0.3146,0.3646,8.86406,7.53851,7.26667,0.001
0.3147,0.3647,8.86406,7.50627,7.20175,0.001
0.3148,0.3648,8.86842,7.44179,7.16002,0.001
0.3149,0.3649,8.86842,7.40033,7.10901,0.001
0.315,0.365,8.86406,7.36349,7.058,0.001
0.3151,0.3651,8.87278,7.32204,7.01626,0.001
0.3152,0.3652,8.86406,7.28519,6.96989,0.001
0.3153,0.3653,8.88151,7.26216,6.90961,0.001
0.3154,0.3654,8.88587,7.23913,6.8586,0.001
0.3155,0.3655,8.92513,7.22071,6.7844,0.001
0.3156,0.3656,8.97748,7.20229,6.69165,0.001
0.3157,0.3657,8.9862,7.19308,6.63137,0.001
0.3158,0.3658,8.99493,7.18847,6.55717,0.001
0.3159,0.3659,9.01674,7.17926,6.5108,0.001
0.316,0.366,9.05163,7.20689,6.45515,0.001
0.3161,0.3661,9.09962,7.22992,6.42269,0.001
0.3162,0.3662,9.14324,7.24374,6.39487,0.001
0.3163,0.3663,9.17814,7.27137,6.3485,0.001
0.3164,0.3664,9.2174,7.2944,6.30213,0.001
0.3165,0.3665,9.24793,7.32204,6.28358,0.001
0.3166,0.3666,9.26538,7.34506,6.25112,0.001
0.3167,0.3667,9.29592,7.35428,6.26503,0.001
0.3168,0.3668,9.30464,7.35888,6.21402,0.001
0.3169,0.3669,9.31337,7.39112,6.22329,0.001
0.317,0.367,9.33082,7.42797,6.22329,0.001
0.3171,0.3671,9.35263,7.48784,6.20938,0.001
0.3172,0.3672,9.35699,7.52008,6.19083,0.001
0.3173,0.3673,9.37444,7.55693,6.19547,0.001
0.3174,0.3674,9.40061,7.57075,6.18156,0.001
0.3175,0.3675,9.38316,7.60299,6.15837,0.001
0.3176,0.3676,9.40061,7.63523,6.15837,0.001
0.3177,0.3677,9.38316,7.66286,6.13982,0.001
0.3178,0.3678,9.35699,7.69971,6.12591,0.001
0.3179,0.3679,9.33082,7.72734,6.13982,0.001
0.318,0.368,9.31773,7.7688,6.13055,0.001
0.3181,0.3681,9.30028,7.81485,6.1491,0.001
0.3182,0.3682,9.27847,7.84249,6.16764,0.001
0.3183,0.3683,9.27847,7.8517,6.18619,0.001
0.3184,0.3684,9.24793,7.87012,6.19547,0.001
0.3185,0.3685,9.23049,7.87473,6.19547,0.001
0.3186,0.3686,9.22176,7.84709,6.21402,0.001
0.3187,0.3687,9.18686,7.83328,6.20938,0.001
0.3188,0.3688,9.13888,7.83328,6.2372,0.001
0.3189,0.3689,9.09526,7.82407,6.26039,0.001
0.319,0.369,9.06472,7.81946,6.25112,0.001
0.3191,0.3691,9.02982,7.80564,6.24648,0.001
0.3192,0.3692,9.00801,7.78722,6.26966,0.001
0.3193,0.3693,8.99056,7.7734,6.26503,0.001
0.3194,0.3694,8.99056,7.78261,6.2743,0.001
0.3195,0.3695,8.98184,7.7688,6.26039,0.001
0.3196,0.3696,8.9513,7.72274,6.2372,0.001
0.3197,0.3697,8.94258,7.72734,6.2372,0.001
0.3198,0.3698,8.92949,7.74577,6.20011,0.001
0.3199,0.3699,8.90768,7.75958,6.20474,0.001
0.32,0.37,8.91204,7.76419,6.19083,0.001
0.3201,0.3701,8.91641,7.7688,6.18619,0.001
0.3202,0.3702,8.92077,7.7734,6.1491,0.001
0.3203,0.3703,8.93822,7.77801,6.13055,0.001
0.3204,0.3704,8.96003,7.75498,6.10736,0.001
0.3205,0.3705,8.95567,7.75498,6.09345,0.001
0.3206,0.3706,8.96439,7.75037,6.09345,0.001
0.3207,0.3707,8.96875,7.74116,6.10272,0.001
0.3208,0.3708,9.01237,7.74116,6.08417,0.001
0.3209,0.3709,9.00801,7.7688,6.09809,0.001
0.321,0.371,9.03419,7.76419,6.09345,0.001
0.3211,0.3711,9.05163,7.78261,6.12591,0.001
0.3212,0.3712,9.08653,7.78722,6.13055,0.001
0.3213,0.3713,9.11707,7.80564,6.15373,0.001
0.3214,0.3714,9.13888,7.83328,6.17692,0.001
0.3215,0.3715,9.16941,7.84709,6.18619,0.001
0.3216,0.3716,9.17814,7.87934,6.21865,0.001
0.3217,0.3717,9.20431,7.91157,6.25575,0.001
0.3218,0.3718,9.23049,7.95303,6.29285,0.001
0.3219,0.3719,9.23921,7.99448,6.34386,0.001
0.322,0.372,9.26102,8.03133,6.36705,0.001
0.3221,0.3721,9.29592,8.05896,6.39487,0.001
0.3222,0.3722,9.31773,8.06817,6.42269,0.001
0.3223,0.3723,9.32645,8.08659,6.43661,0.001
0.3224,0.3724,9.35699,8.11883,6.46443,0.001
0.3225,0.3725,9.35263,8.10041,6.46443,0.001
0.3226,0.3726,9.35263,8.08659,6.48298,0.001
0.3227,0.3727,9.33082,8.07278,6.51544,0.001
0.3228,0.3728,9.33082,8.04514,6.5479,0.001
0.3229,0.3729,9.3439,8.02211,6.585,0.001
0.323,0.373,9.31337,7.99448,6.59427,0.001
0.3231,0.3731,9.30028,7.98066,6.59427,0.001
0.3232,0.3732,9.28719,7.95303,6.59891,0.001
0.3233,0.3733,9.2523,7.94382,6.6221,0.001
0.3234,0.3734,9.22176,7.93,6.62673,0.001
0.3235,0.3735,9.16941,7.91157,6.65456,0.001
0.3236,0.3736,9.13452,7.87934,6.65456,0.001
0.3237,0.3737,9.10834,7.85631,6.65919,0.001
0.3238,0.3738,9.08217,7.83788,6.68702,0.001
0.3239,0.3739,9.07781,7.82867,6.69629,0.001
0.324,0.374,9.06908,7.83328,6.70093,0.001
0.3241,0.3741,9.07781,7.82407,6.70557,0.001
0.3242,0.3742,9.07344,7.81485,6.69165,0.001
0.3243,0.3743,9.04727,7.82407,6.69629,0.001
0.3244,0.3744,9.056,7.84249,6.70093,0.001
0.3245,0.3745,9.04727,7.82867,6.72411,0.001
0.3246,0.3746,9.02982,7.83328,6.76585,0.001
0.3247,0.3747,9.03855,7.83328,6.77512,0.001
0.3248,0.3748,9.04727,7.84249,6.76121,0.001
0.3249,0.3749,9.03855,7.84709,6.81686,0.001
0.325,0.375,9.03419,7.84709,6.82613,0.001
0.3251,0.3751,9.02982,7.84709,6.84468,0.001
0.3252,0.3752,8.99929,7.87012,6.87251,0.001
0.3253,0.3753,8.98184,7.87934,6.89106,0.001
0.3254,0.3754,8.97311,7.87934,6.89106,0.001
0.3255,0.3755,8.96439,7.87473,6.89569,0.001
0.3256,0.3756,8.98184,7.90236,6.91424,0.001
0.3257,0.3757,9.00801,7.93921,6.93743,0.001
0.3258,0.3758,9.056,7.94382,6.96525,0.001
0.3259,0.3759,9.08653,7.96684,6.97453,0.001
0.326,0.376,9.1476,7.98987,6.97916,0.001
0.3261,0.3761,9.18686,8.02672,7.00235,0.001
0.3262,0.3762,9.22612,8.06817,7.03017,0.001
0.3263,0.3763,9.27411,8.10962,7.058,0.001
0.3264,0.3764,9.30028,8.13726,7.08118,0.001
0.3265,0.3765,9.3439,8.18332,7.11828,0.001
0.3266,0.3766,9.37008,8.22016,7.1461,0.001
0.3267,0.3767,9.38316,8.23859,7.16465,0.001
0.3268,0.3768,9.39625,8.26622,7.19711,0.001
0.3269,0.3769,9.41806,8.29385,7.21103,0.001
0.327,0.377,9.42242,8.30767,7.23421,0.001
0.3271,0.3771,9.4137,8.33531,7.2574,0.001
0.3272,0.3772,9.39189,8.33531,7.27595,0.001
0.3273,0.3773,9.36571,8.3261,7.28059,0.001
0.3274,0.3774,9.33954,8.3261,7.28986,0.001
0.3275,0.3775,9.31337,8.30767,7.28059,0.001
0.3276,0.3776,9.29592,8.28464,7.27131,0.001
0.3277,0.3777,9.28719,8.28464,7.27131,0.001
0.3278,0.3778,9.30464,8.2524,7.25276,0.001
0.3279,0.3779,9.28719,8.2524,7.24812,0.001
0.328,0.378,9.27411,8.22477,7.26667,0.001
0.3281,0.3781,9.26974,8.19713,7.26204,0.001
0.3282,0.3782,9.2523,8.1695,7.2574,0.001
0.3283,0.3783,9.24357,8.15568,7.27131,0.001
0.3284,0.3784,9.21304,8.10502,7.27131,0.001
0.3285,0.3785,9.20431,8.0912,7.23421,0.001
0.3286,0.3786,9.18686,8.08199,7.25276,0.001
0.3287,0.3787,9.15633,8.07278,7.28059,0.001
0.3288,0.3788,9.12579,8.07738,7.29913,0.001
0.3289,0.3789,9.09089,8.06357,7.34087,0.001
0.329,0.379,9.06472,8.05435,7.35014,0.001
0.3291,0.3791,9.03419,8.04514,7.38724,0.001
0.3292,0.3792,9.00801,8.04514,7.40115,0.001
0.3293,0.3793,8.99493,8.04975,7.45216,0.001
0.3294,0.3794,8.97311,8.05896,7.46144,0.001
0.3295,0.3795,8.94694,8.05896,7.49854,0.001
0.3296,0.3796,8.94258,8.08199,7.50317,0.001
0.3297,0.3797,8.94258,8.07738,7.54955,0.001
0.3298,0.3798,8.94258,8.10041,7.59592,0.001
0.3299,0.3799,8.94258,8.11883,7.60983,0.001
0.33,0.38,8.93822,8.14647,7.62838,0.001
0.3301,0.3801,8.92949,8.1695,7.63765,0.001
0.3302,0.3802,8.92077,8.19713,7.63302,0.001
0.3303,0.3803,8.93822,8.22016,7.64693,0.001
0.3304,0.3804,8.94258,8.25701,7.64693,0.001
0.3305,0.3805,8.9513,8.30767,7.65157,0.001
0.3306,0.3806,8.96875,8.35373,7.66548,0.001
0.3307,0.3807,8.99929,8.39058,7.67475,0.001
0.3308,0.3808,9.00801,8.45045,7.70721,0.001
0.3309,0.3809,9.04291,8.51493,7.72576,0.001
0.331,0.381,9.07344,8.56099,7.74895,0.001
0.3311,0.3811,9.09962,8.60244,7.78605,0.001
0.3312,0.3812,9.13015,8.63008,7.81851,0.001
0.3313,0.3813,9.17378,8.66693,7.85097,0.001
0.3314,0.3814,9.22612,8.67614,7.8927,0.001
0.3315,0.3815,9.28283,8.69456,7.90662,0.001
0.3316,0.3816,9.32645,8.69456,7.93908,0.001
0.3317,0.3817,9.35263,8.70838,7.97617,0.001
0.3318,0.3818,9.40061,8.7268,7.99472,0.001
0.3319,0.3819,9.44423,8.7268,8.04573,0.001
0.332,0.382,9.46168,8.73141,8.03182,0.001
0.3321,0.3821,9.47913,8.70377,8.05964,0.001
0.3322,0.3822,9.49658,8.70377,8.04573,0.001
0.3323,0.3823,9.51403,8.68535,8.05501,0.001
0.3324,0.3824,9.54893,8.68535,8.08747,0.001
0.3325,0.3825,9.56638,8.68995,8.08747,0.001
0.3326,0.3826,9.57074,8.69456,8.11066,0.001
0.3327,0.3827,9.56201,8.71759,8.11993,0.001
0.3328,0.3828,9.57074,8.70838,8.11993,0.001
0.3329,0.3829,9.55765,8.68995,8.16166,0.001
0.333,0.383,9.53148,8.68535,8.17094,0.001
0.3331,0.3831,9.52275,8.65311,8.18021,0.001
0.3332,0.3832,9.5053,8.6439,8.17558,0.001
0.3333,0.3833,9.49658,8.63008,8.19876,0.001
0.3334,0.3834,9.48786,8.61626,8.22195,0.001
0.3335,0.3835,9.47041,8.60705,8.26368,0.001
0.3336,0.3836,9.46168,8.59784,8.29615,0.001
0.3337,0.3837,9.4486,8.58863,8.32861,0.001
0.3338,0.3838,9.42679,8.57481,8.37034,0.001
0.3339,0.3839,9.4137,8.59784,8.40744,0.001
0.334,0.384,9.39625,8.58863,8.43526,0.001
0.3341,0.3841,9.36571,8.60705,8.43063,0.001
0.3342,0.3842,9.35699,8.61626,8.46309,0.001
0.3343,0.3843,9.35699,8.62547,8.477,0.001
0.3344,0.3844,9.3439,8.67153,8.50019,0.001
0.3345,0.3845,9.33954,8.69917,8.52801,0.001
0.3346,0.3846,9.3439,8.74522,8.55583,0.001
0.3347,0.3847,9.34827,8.75904,8.57438,0.001
0.3348,0.3848,9.3439,8.79589,8.58366,0.001
0.3349,0.3849,9.35263,8.80971,8.6022,0.001
0.335,0.385,9.35699,8.8051,8.62075,0.001
0.3351,0.3851,9.36571,8.81892,8.6393,0.001
0.3352,0.3852,9.37444,8.82352,8.66713,0.001
0.3353,0.3853,9.40934,8.82352,8.70886,0.001
0.3354,0.3854,9.43115,8.83734,8.75987,0.001
0.3355,0.3855,9.43987,8.86037,8.80624,0.001
0.3356,0.3856,9.45732,8.8834,8.87117,0.001
0.3357,0.3857,9.47477,8.92485,8.95464,0.001
0.3358,0.3858,9.5053,8.92485,8.99174,0.001
0.3359,0.3859,9.53148,8.94788,9.03811,0.001
0.336,0.386,9.54893,8.98473,9.06593,0.001
0.3361,0.3861,9.57074,9.02618,9.12158,0.001
0.3362,0.3862,9.59691,9.05382,9.17259,0.001
0.3363,0.3863,9.61,9.1229,9.19578,0.001
0.3364,0.3864,9.63181,9.16435,9.24679,0.001
0.3365,0.3865,9.67107,9.2012,9.2978,0.001
0.3366,0.3866,9.67107,9.24265,9.33953,0.001
0.3367,0.3867,9.68416,9.28871,9.33953,0.001
0.3368,0.3868,9.69724,9.31635,9.36272,0.001
0.3369,0.3869,9.70161,9.33016,9.36735,0.001
0.337,0.387,9.68416,9.35319,9.3859,0.001
0.3371,0.3871,9.67107,9.37162,9.41837,0.001
0.3372,0.3872,9.64926,9.39004,9.43228,0.001
0.3373,0.3873,9.61872,9.4361,9.48792,0.001
0.3374,0.3874,9.59255,9.45452,9.52038,0.001
0.3375,0.3875,9.57074,9.47295,9.54821,0.001
0.3376,0.3876,9.53584,9.47755,9.60386,0.001
0.3377,0.3877,9.49658,9.50979,9.60386,0.001
0.3378,0.3878,9.46168,9.52361,9.60849,0.001
0.3379,0.3879,9.42242,9.53743,9.63632,0.001
0.338,0.388,9.38753,9.54664,9.66878,0.001
0.3381,0.3881,9.35699,9.55585,9.70588,0.001
0.3382,0.3882,9.31773,9.5973,9.7337,0.001
0.3383,0.3883,9.30464,9.62494,9.75689,0.001
0.3384,0.3884,9.28283,9.66179,9.78007,0.001
0.3385,0.3885,9.26974,9.68942,9.79862,0.001
0.3386,0.3886,9.26538,9.73548,9.80326,0.001
0.3387,0.3887,9.26538,9.7493,9.83572,0.001
0.3388,0.3888,9.28283,9.79075,9.83108,0.001
0.3389,0.3889,9.309,9.81378,9.82645,0.001
0.339,0.389,9.32209,9.8276,9.83572,0.001
0.3391,0.3891,9.34827,9.85523,9.86818,0.001
0.3392,0.3892,9.37444,9.87826,9.90992,0.001
0.3393,0.3893,9.40061,9.9059,9.94238,0.001
0.3394,0.3894,9.43551,9.92893,9.94238,0.001
0.3395,0.3895,9.46604,9.94735,9.98411,0.001
0.3396,0.3896,9.47913,9.96117,9.97484,0.001
0.3397,0.3897,9.48786,9.97498,10.0166,0.001
0.3398,0.3898,9.52712,9.97038,10.0212,0.001
0.3399,0.3899,9.55765,9.9842,10.0166,0.001
0.34,0.39,9.56201,9.99341,10.0629,0.001
0.3401,0.3901,9.57946,10.0256,10.0954,0.001
0.3402,0.3902,9.61436,10.021,10.1325,0.001
0.3403,0.3903,9.64053,10.0441,10.1464,0.001
0.3404,0.3904,9.67107,10.0625,10.1464,0.001
0.3405,0.3905,9.71033,10.1039,10.165,0.001
0.3406,0.3906,9.74087,10.1178,10.1742,0.001
0.3407,0.3907,9.77576,10.1408,10.2021,0.001
0.3408,0.3908,9.79321,10.1546,10.2392,0.001
0.3409,0.3909,9.82811,10.1592,10.2531,0.001
0.341,0.391,9.85428,10.1776,10.2809,0.001
0.3411,0.3911,9.87173,10.2191,10.3273,0.001
0.3412,0.3912,9.89791,10.2467,10.3736,0.001
0.3413,0.3913,9.91099,10.2836,10.4015,0.001
0.3414,0.3914,9.92408,10.302,10.4386,0.001
0.3415,0.3915,9.93717,10.325,10.4618,0.001
0.3416,0.3916,9.9328,10.3388,10.4989,0.001
0.3417,0.3917,9.92844,10.3481,10.536,0.001
0.3418,0.3918,9.93717,10.3527,10.5591,0.001
0.3419,0.3919,9.92844,10.3573,10.6148,0.001
0.342,0.392,9.91099,10.3711,10.6658,0.001
0.3421,0.3921,9.91535,10.3619,10.7075,0.001
0.3422,0.3922,9.90663,10.3757,10.7539,0.001
0.3423,0.3923,9.89354,10.3803,10.7864,0.001
0.3424,0.3924,9.88918,10.3987,10.8049,0.001
0.3425,0.3925,9.89354,10.4218,10.8327,0.001
0.3426,0.3926,9.90227,10.4356,10.8513,0.001
0.3427,0.3927,9.91972,10.4678,10.8837,0.001
0.3428,0.3928,9.91535,10.4816,10.9301,0.001
0.3429,0.3929,9.91535,10.5139,10.9626,0.001
0.343,0.393,9.92408,10.5369,11.0182,0.001
0.3431,0.3931,9.92844,10.583,11.0785,0.001
0.3432,0.3932,9.94589,10.6198,11.1063,0.001
0.3433,0.3933,9.95461,10.629,11.1573,0.001
0.3434,0.3934,9.95025,10.6613,11.1852,0.001
0.3435,0.3935,9.9677,10.6889,11.2269,0.001
0.3436,0.3936,9.98079,10.6981,11.264,0.001
0.3437,0.3937,9.98951,10.7165,11.2826,0.001
0.3438,0.3938,10.0026,10.7303,11.315,0.001
0.3439,0.3939,10.0026,10.7442,11.3336,0.001
0.344,0.394,10.0157,10.7672,11.366,0.001
0.3441,0.3941,10.0331,10.7948,11.3753,0.001
0.3442,0.3942,10.0549,10.7994,11.3707,0.001
0.3443,0.3943,10.0593,10.8086,11.3938,0.001
0.3444,0.3944,10.0768,10.8225,11.4217,0.001
0.3445,0.3945,10.0942,10.8225,11.3985,0.001
0.3446,0.3946,10.0986,10.8547,11.4217,0.001
0.3447,0.3947,10.1073,10.8731,11.4263,0.001
0.3448,0.3948,10.116,10.9054,11.4449,0.001
0.3449,0.3949,10.1291,10.9284,11.4634,0.001
0.345,0.395,10.1291,10.9652,11.4773,0.001
0.3451,0.3951,10.1291,10.9975,11.5191,0.001
0.3452,0.3952,10.1422,11.0297,11.5283,0.001
0.3453,0.3953,10.1378,11.0436,11.5422,0.001
0.3454,0.3954,10.1378,11.0389,11.584,0.001
0.3455,0.3955,10.1335,11.0528,11.6025,0.001
0.3456,0.3956,10.1117,11.0804,11.6257,0.001
0.3457,0.3957,10.0986,11.0988,11.6443,0.001
0.3458,0.3958,10.0986,11.1172,11.6675,0.001
0.3459,0.3959,10.0986,11.1126,11.7092,0.001
0.346,0.396,10.0986,11.1265,11.737,0.001
0.3461,0.3961,10.0986,11.1403,11.7602,0.001
0.3462,0.3962,10.0811,11.1541,11.7834,0.001
0.3463,0.3963,10.0811,11.1587,11.7973,0.001
0.3464,0.3964,10.0811,11.1817,11.8066,0.001
0.3465,0.3965,10.0768,11.2002,11.8205,0.001
0.3466,0.3966,10.0637,11.214,11.8158,0.001
0.3467,0.3967,10.0549,11.237,11.8158,0.001
0.3468,0.3968,10.0593,11.2692,11.8298,0.001
0.3469,0.3969,10.0506,11.2692,11.8298,0.001
0.347,0.397,10.0593,11.3015,11.8344,0.001
0.3471,0.3971,10.0724,11.3153,11.8437,0.001
0.3472,0.3972,10.0855,11.3337,11.839,0.001
0.3473,0.3973,10.116,11.3521,11.8529,0.001
0.3474,0.3974,10.1117,11.3521,11.8437,0.001
0.3475,0.3975,10.116,11.3798,11.8483,0.001
0.3476,0.3976,10.1378,11.3982,11.8622,0.001
0.3477,0.3977,10.1422,11.4212,11.8715,0.001
0.3478,0.3978,10.1509,11.4258,11.8947,0.001
0.3479,0.3979,10.1815,11.4489,11.9086,0.001
0.348,0.398,10.2076,11.4719,11.9271,0.001
0.3481,0.3981,10.2163,11.4765,11.955,0.001
0.3482,0.3982,10.2425,11.4903,11.9642,0.001
0.3483,0.3983,10.2469,11.4949,11.9967,0.001
0.3484,0.3984,10.2469,11.5318,11.9921,0.001
0.3485,0.3985,10.2469,11.5502,12.0292,0.001
0.3486,0.3986,10.2425,11.564,12.0245,0.001
0.3487,0.3987,10.2338,11.5732,12.057,0.001
0.3488,0.3988,10.2556,11.5917,12.0663,0.001
0.3489,0.3989,10.2731,11.6055,12.0755,0.001
0.349,0.399,10.2905,11.6331,12.0802,0.001
0.3491,0.3991,10.3123,11.6469,12.0894,0.001
0.3492,0.3992,10.3298,11.6515,12.0894,0.001
0.3493,0.3993,10.3385,11.6654,12.0941,0.001
0.3494,0.3994,10.3472,11.6654,12.1173,0.001
0.3495,0.3995,10.3472,11.6746,12.1451,0.001
0.3496,0.3996,10.3516,11.6884,12.1405,0.001
0.3497,0.3997,10.3385,11.7022,12.159,0.001
0.3498,0.3998,10.3298,11.7068,12.1868,0.001
0.3499,0.3999,10.3254,11.7206,12.21,0.001
0.35,0.4,10.3123,11.716,12.2425,0.001
0.3501,0.4001,10.2774,11.7022,12.2425,0.001
0.3502,0.4002,10.2469,11.693,12.2749,0.001
0.3503,0.4003,10.2163,11.6838,12.3028,0.001
0.3504,0.4004,10.1858,11.693,12.3306,0.001
0.3505,0.4005,10.1422,11.6746,12.363,0.001
0.3506,0.4006,10.1117,11.6838,12.3862,0.001
0.3507,0.4007,10.0811,11.6515,12.3909,0.001
0.3508,0.4008,10.0768,11.6469,12.4187,0.001
0.3509,0.4009,10.0593,11.6423,12.428,0.001
0.351,0.401,10.0549,11.6285,12.4326,0.001
0.3511,0.4011,10.0637,11.6331,12.4419,0.001
0.3512,0.4012,10.0549,11.6331,12.4558,0.001
0.3513,0.4013,10.0593,11.6193,12.4604,0.001
0.3514,0.4014,10.0506,11.6193,12.4883,0.001
0.3515,0.4015,10.0462,11.6147,12.4929,0.001
0.3516,0.4016,10.068,11.6009,12.5207,0.001
0.3517,0.4017,10.0768,11.6147,12.5207,0.001
0.3518,0.4018,10.0724,11.6193,12.5393,0.001
0.3519,0.4019,10.0811,11.6285,12.5625,0.001
0.352,0.402,10.0855,11.6147,12.5856,0.001
0.3521,0.4021,10.0942,11.6331,12.5903,0.001
0.3522,0.4022,10.0986,11.6147,12.6135,0.001
0.3523,0.4023,10.0986,11.6331,12.632,0.001
0.3524,0.4024,10.1073,11.6147,12.6552,0.001
0.3525,0.4025,10.1204,11.6147,12.6459,0.001
0.3526,0.4026,10.1466,11.6331,12.6598,0.001
0.3527,0.4027,10.1858,11.6331,12.6366,0.001
0.3528,0.4028,10.2033,11.6377,12.6506,0.001
0.3529,0.4029,10.2338,11.6561,12.6135,0.001
0.353,0.403,10.2556,11.67,12.6274,0.001
0.3531,0.4031,10.2861,11.6838,12.5995,0.001
0.3532,0.4032,10.308,11.6746,12.6088,0.001
0.3533,0.4033,10.321,11.67,12.5949,0.001
0.3534,0.4034,10.3429,11.6654,12.5625,0.001
0.3535,0.4035,10.3559,11.6607,12.5764,0.001
0.3536,0.4036,10.369,11.6746,12.5532,0.001
0.3537,0.4037,10.3603,11.6884,12.5578,0.001
0.3538,0.4038,10.3603,11.6976,12.5346,0.001
0.3539,0.4039,10.3429,11.6976,12.5207,0.001
0.354,0.404,10.3298,11.6792,12.5393,0.001
0.3541,0.4041,10.3123,11.6838,12.5393,0.001
0.3542,0.4042,10.2905,11.6838,12.5254,0.001
0.3543,0.4043,10.2687,11.6607,12.5161,0.001
0.3544,0.4044,10.26,11.6377,12.5254,0.001
0.3545,0.4045,10.2512,11.6285,12.4975,0.001
0.3546,0.4046,10.2425,11.6147,12.4743,0.001
0.3547,0.4047,10.2512,11.5963,12.4558,0.001
0.3548,0.4048,10.2512,11.5824,12.4141,0.001
0.3549,0.4049,10.2556,11.5502,12.4141,0.001
0.355,0.405,10.2207,11.5502,12.3816,0.001
0.3551,0.4051,10.2076,11.5226,12.3677,0.001
0.3552,0.4052,10.2033,11.518,12.3352,0.001
0.3553,0.4053,10.1858,11.4949,12.3074,0.001
0.3554,0.4054,10.1684,11.4857,12.3074,0.001
0.3555,0.4055,10.164,11.4857,12.2842,0.001
0.3556,0.4056,10.1466,11.4581,12.2842,0.001
0.3557,0.4057,10.1291,11.4765,12.2703,0.001
0.3558,0.4058,10.116,11.4627,12.2657,0.001
0.3559,0.4059,10.0855,11.4673,12.2749,0.001
0.356,0.406,10.0811,11.4581,12.2703,0.001
0.3561,0.4061,10.0637,11.4535,12.2703,0.001
0.3562,0.4062,10.0549,11.4581,12.2889,0.001
0.3563,0.4063,10.0549,11.4443,12.2564,0.001
0.3564,0.4064,10.0549,11.4489,12.261,0.001
0.3565,0.4065,10.0593,11.4627,12.2564,0.001
0.3566,0.4066,10.0768,11.4443,12.261,0.001
0.3567,0.4067,10.0855,11.4581,12.261,0.001
0.3568,0.4068,10.0811,11.4719,12.2425,0.001
0.3569,0.4069,10.1029,11.4489,12.2239,0.001
0.357,0.407,10.1029,11.4627,12.1961,0.001
0.3571,0.4071,10.1073,11.4673,12.1683,0.001
0.3572,0.4072,10.1204,11.4581,12.1497,0.001
0.3573,0.4073,10.116,11.4719,12.1265,0.001
0.3574,0.4074,10.1291,11.4673,12.0987,0.001
0.3575,0.4075,10.1596,11.4581,12.0755,0.001
0.3576,0.4076,10.1771,11.4765,12.057,0.001
0.3577,0.4077,10.1858,11.4949,12.0523,0.001
0.3578,0.4078,10.2033,11.4673,12.0523,0.001
0.3579,0.4079,10.1989,11.4765,12.0338,0.001
0.358,0.408,10.1989,11.4765,12.0292,0.001
0.3581,0.4081,10.1945,11.4627,12.0106,0.001
0.3582,0.4082,10.1989,11.4397,12.006,0.001
0.3583,0.4083,10.2076,11.4397,11.9921,0.001
0.3584,0.4084,10.2251,11.4304,11.9874,0.001
0.3585,0.4085,10.2338,11.4074,11.9874,0.001
0.3586,0.4086,10.2163,11.3798,12.0013,0.001
0.3587,0.4087,10.2033,11.366,11.9828,0.001
0.3588,0.4088,10.1945,11.3429,11.9735,0.001
0.3589,0.4089,10.1858,11.3061,11.9735,0.001
0.359,0.409,10.1771,11.2831,11.9457,0.001
0.3591,0.4091,10.164,11.26,11.9132,0.001
0.3592,0.4092,10.1553,11.2324,11.8993,0.001
0.3593,0.4093,10.1466,11.2232,11.8669,0.001
0.3594,0.4094,10.1466,11.2002,11.8298,0.001
0.3595,0.4095,10.1247,11.1771,11.7973,0.001
0.3596,0.4096,10.1204,11.1449,11.7834,0.001
0.3597,0.4097,10.116,11.1265,11.7416,0.001
0.3598,0.4098,10.1073,11.0896,11.7277,0.001
0.3599,0.4099,10.0898,11.062,11.6814,0.001
0.36,0.41,10.0898,11.0021,11.6767,0.001
0.3601,0.4101,10.0637,10.9745,11.6443,0.001
0.3602,0.4102,10.0593,10.933,11.6164,0.001
0.3603,0.4103,10.0462,10.9008,11.5979,0.001
0.3604,0.4104,10.0288,10.8916,11.5979,0.001
0.3605,0.4105,10.02,10.8731,11.6072,0.001
0.3606,0.4106,10.0113,10.8501,11.584,0.001
0.3607,0.4107,9.99824,10.8225,11.5793,0.001
0.3608,0.4108,9.9677,10.7994,11.5608,0.001
0.3609,0.4109,9.95461,10.7994,11.5515,0.001
0.361,0.411,9.94589,10.781,11.5098,0.001
0.3611,0.4111,9.9328,10.7672,11.468,0.001
0.3612,0.4112,9.93717,10.781,11.4588,0.001
0.3613,0.4113,9.9328,10.7626,11.4356,0.001
0.3614,0.4114,9.93717,10.7902,11.4031,0.001
0.3615,0.4115,9.91972,10.7856,11.3707,0.001
0.3616,0.4116,9.91535,10.781,11.3243,0.001
0.3617,0.4117,9.92844,10.7718,11.3011,0.001
0.3618,0.4118,9.93717,10.7718,11.264,0.001
0.3619,0.4119,9.94153,10.7626,11.2223,0.001
0.362,0.412,9.95025,10.7488,11.1898,0.001
0.3621,0.4121,9.95461,10.7442,11.1573,0.001
0.3622,0.4122,9.94589,10.7211,11.162,0.001
0.3623,0.4123,9.95461,10.7303,11.1342,0.001
0.3624,0.4124,9.9677,10.7211,11.1342,0.001
0.3625,0.4125,9.97206,10.7165,11.111,0.001
0.3626,0.4126,9.97643,10.7073,11.111,0.001
0.3627,0.4127,9.98079,10.7027,11.0924,0.001
0.3628,0.4128,9.98515,10.6797,11.0739,0.001
0.3629,0.4129,9.97206,10.6751,11.0553,0.001
0.363,0.413,9.9677,10.6889,11.0414,0.001
0.3631,0.4131,9.98079,10.6659,11.0182,0.001
0.3632,0.4132,9.97643,10.6843,11.0182,0.001
0.3633,0.4133,9.97643,10.6613,10.9811,0.001
0.3634,0.4134,9.98079,10.6474,10.9394,0.001
0.3635,0.4135,9.97206,10.6336,10.9162,0.001
0.3636,0.4136,9.95461,10.6198,10.8791,0.001
0.3637,0.4137,9.94589,10.606,10.842,0.001
0.3638,0.4138,9.94153,10.5876,10.8049,0.001
0.3639,0.4139,9.92408,10.5737,10.7585,0.001
0.364,0.414,9.89791,10.5323,10.7354,0.001
0.3641,0.4141,9.88482,10.5093,10.6843,0.001
0.3642,0.4142,9.84992,10.4908,10.6843,0.001
0.3643,0.4143,9.82811,10.4632,10.6519,0.001
0.3644,0.4144,9.80194,10.4356,10.6333,0.001
0.3645,0.4145,9.78449,10.4033,10.6055,0.001
0.3646,0.4146,9.78013,10.3757,10.5823,0.001
0.3647,0.4147,9.75395,10.3573,10.5452,0.001
0.3648,0.4148,9.74959,10.3296,10.4896,0.001
0.3649,0.4149,9.72778,10.2928,10.4849,0.001
0.365,0.415,9.71469,10.279,10.4293,0.001
0.3651,0.4151,9.71469,10.2421,10.4293,0.001
0.3652,0.4152,9.71905,10.2283,10.3876,0.001
0.3653,0.4153,9.71905,10.2099,10.3365,0.001
0.3654,0.4154,9.71905,10.1961,10.3226,0.001
0.3655,0.4155,9.73214,10.173,10.2855,0.001
0.3656,0.4156,9.72778,10.1592,10.2392,0.001
0.3657,0.4157,9.72778,10.1316,10.216,0.001
0.3658,0.4158,9.72778,10.1086,10.1742,0.001
0.3659,0.4159,9.7365,10.0901,10.1603,0.001
0.366,0.416,9.72778,10.0671,10.1511,0.001
0.3661,0.4161,9.72778,10.0441,10.1186,0.001
0.3662,0.4162,9.73214,10.0256,10.1186,0.001
0.3663,0.4163,9.71469,10.0072,10.1,0.001
0.3664,0.4164,9.71033,9.97038,10.0769,0.001
0.3665,0.4165,9.69724,9.93353,10.0629,0.001
0.3666,0.4166,9.67107,9.9105,10.0351,0.001
0.3667,0.4167,9.67107,9.87826,10.0166,0.001
0.3668,0.4168,9.67107,9.83681,9.98411,0.001
0.3669,0.4169,9.66671,9.81378,9.96093,0.001
0.367,0.417,9.67107,9.78614,9.95629,0.001
0.3671,0.4171,9.65362,9.77693,9.92847,0.001
0.3672,0.4172,9.6449,9.77233,9.90528,0.001
0.3673,0.4173,9.65798,9.76311,9.87282,0.001
0.3674,0.4174,9.66234,9.74469,9.83572,0.001
0.3675,0.4175,9.67543,9.74009,9.81717,0.001
0.3676,0.4176,9.67543,9.71706,9.78935,0.001
0.3677,0.4177,9.67979,9.69403,9.76152,0.001
0.3678,0.4178,9.68852,9.68021,9.76152,0.001
0.3679,0.4179,9.68852,9.671,9.72442,0.001
0.368,0.418,9.69288,9.66179,9.72442,0.001
0.3681,0.4181,9.67107,9.64797,9.69197,0.001
0.3682,0.4182,9.67979,9.62955,9.67805,0.001
0.3683,0.4183,9.65798,9.60652,9.65487,0.001
0.3684,0.4184,9.65798,9.5927,9.64559,0.001
0.3685,0.4185,9.63617,9.55585,9.64559,0.001
0.3686,0.4186,9.62745,9.52361,9.61313,0.001
0.3687,0.4187,9.60564,9.5144,9.59458,0.001
0.3688,0.4188,9.59255,9.47295,9.56676,0.001
0.3689,0.4189,9.59691,9.44531,9.55285,0.001
0.369,0.419,9.5751,9.44071,9.51111,0.001
0.3691,0.4191,9.56201,9.42228,9.48792,0.001
0.3692,0.4192,9.55329,9.40846,9.48329,0.001
0.3693,0.4193,9.5402,9.39465,9.45083,0.001
0.3694,0.4194,9.5402,9.39004,9.43228,0.001
0.3695,0.4195,9.5402,9.37162,9.39982,0.001
0.3696,0.4196,9.54893,9.36241,9.37663,0.001
0.3697,0.4197,9.5402,9.37162,9.36272,0.001
0.3698,0.4198,9.54457,9.3578,9.32562,0.001
0.3699,0.4199,9.54457,9.34398,9.2978,0.001
0.37,0.42,9.53584,9.34859,9.28388,0.001
0.3701,0.4201,9.55765,9.32556,9.26997,0.001
0.3702,0.4202,9.55765,9.31174,9.23751,0.001
0.3703,0.4203,9.55329,9.29332,9.20969,0.001
0.3704,0.4204,9.54893,9.27029,9.17259,0.001
0.3705,0.4205,9.5402,9.26108,9.1494,0.001
0.3706,0.4206,9.53148,9.23805,9.11694,0.001
0.3707,0.4207,9.53148,9.21041,9.09376,0.001
0.3708,0.4208,9.53148,9.1966,9.04738,0.001
0.3709,0.4209,9.5053,9.17817,9.03811,0.001
0.371,0.421,9.49658,9.14133,9.01028,0.001
0.3711,0.4211,9.49222,9.12751,8.99174,0.001
0.3712,0.4212,9.47913,9.10908,8.96391,0.001
0.3713,0.4213,9.46168,9.08605,8.91754,0.001
0.3714,0.4214,9.4486,9.06763,8.87117,0.001
0.3715,0.4215,9.43115,9.0446,8.83871,0.001
0.3716,0.4216,9.42679,9.03079,8.81088,0.001
0.3717,0.4217,9.40934,9.02618,8.79697,0.001
0.3718,0.4218,9.40497,9.01236,8.77378,0.001
0.3719,0.4219,9.40061,8.98473,8.76451,0.001
0.372,0.422,9.40497,8.98473,8.74596,0.001
0.3721,0.4221,9.40497,8.9663,8.72277,0.001
0.3722,0.4222,9.40934,8.95249,8.69959,0.001
0.3723,0.4223,9.40497,8.92946,8.68104,0.001
0.3724,0.4224,9.39625,8.91103,8.65785,0.001
0.3725,0.4225,9.39189,8.89261,8.64394,0.001
0.3726,0.4226,9.40061,8.8834,8.63003,0.001
0.3727,0.4227,9.39189,8.86498,8.63003,0.001
0.3728,0.4228,9.38753,8.84655,8.62539,0.001
0.3729,0.4229,9.39625,8.81431,8.61612,0.001
0.373,0.423,9.39625,8.80971,8.61148,0.001
0.3731,0.4231,9.4137,8.8051,8.57438,0.001
0.3732,0.4232,9.40497,8.80049,8.54656,0.001
0.3733,0.4233,9.39625,8.77747,8.53265,0.001
0.3734,0.4234,9.39189,8.76365,8.50019,0.001
0.3735,0.4235,9.38316,8.74522,8.49091,0.001
0.3736,0.4236,9.39625,8.74062,8.46772,0.001
0.3737,0.4237,9.3788,8.73601,8.45845,0.001
0.3738,0.4238,9.39625,8.7222,8.43063,0.001
0.3739,0.4239,9.39625,8.70838,8.41671,0.001
0.374,0.424,9.38753,8.70377,8.39816,0.001
0.3741,0.4241,9.39189,8.69456,8.38889,0.001
0.3742,0.4242,9.39625,8.67153,8.3657,0.001
0.3743,0.4243,9.38753,8.67153,8.36107,0.001
0.3744,0.4244,9.37444,8.66693,8.36107,0.001
0.3745,0.4245,9.36135,8.67614,8.33788,0.001
0.3746,0.4246,9.35263,8.68074,8.33324,0.001
0.3747,0.4247,9.33518,8.66693,8.32861,0.001
0.3748,0.4248,9.33082,8.66693,8.31933,0.001
0.3749,0.4249,9.32645,8.66693,8.30542,0.001
0.375,0.425,9.31773,8.65311,8.29151,0.001
0.3751,0.4251,9.31337,8.66232,8.2776,0.001
0.3752,0.4252,9.29592,8.65311,8.27296,0.001
0.3753,0.4253,9.28719,8.6485,8.25441,0.001
0.3754,0.4254,9.27847,8.63469,8.24514,0.001
0.3755,0.4255,9.26102,8.63008,8.22195,0.001
0.3756,0.4256,9.26102,8.62547,8.20804,0.001
0.3757,0.4257,9.24357,8.61626,8.19413,0.001
0.3758,0.4258,9.24793,8.61166,8.18021,0.001
0.3759,0.4259,9.2523,8.59323,8.1663,0.001
0.376,0.426,9.2523,8.58402,8.1292,0.001
0.3761,0.4261,9.24357,8.58863,8.11993,0.001
0.3762,0.4262,9.22176,8.5702,8.11529,0.001
0.3763,0.4263,9.2174,8.5656,8.10602,0.001
0.3764,0.4264,9.19123,8.55639,8.08283,0.001
0.3765,0.4265,9.16941,8.54257,8.08283,0.001
0.3766,0.4266,9.16069,8.55178,8.08747,0.001
0.3767,0.4267,9.13015,8.52415,8.06892,0.001
0.3768,0.4268,9.13015,8.53796,8.04573,0.001
0.3769,0.4269,9.12579,8.50112,8.05501,0.001
0.377,0.427,9.11707,8.49651,8.06428,0.001
0.3771,0.4271,9.10398,8.47348,8.03646,0.001
0.3772,0.4272,9.09962,8.48269,8.05501,0.001
0.3773,0.4273,9.10834,8.45506,8.03646,0.001
0.3774,0.4274,9.11707,8.45966,8.01327,0.001
0.3775,0.4275,9.12143,8.45506,8.02255,0.001
0.3776,0.4276,9.14324,8.43664,7.99009,0.001
0.3777,0.4277,9.15197,8.44124,7.9669,0.001
0.3778,0.4278,9.17814,8.44124,7.93444,0.001
0.3779,0.4279,9.20867,8.43664,7.90662,0.001
0.378,0.428,9.23049,8.43664,7.87415,0.001
0.3781,0.4281,9.25666,8.43664,7.87879,0.001
0.3782,0.4282,9.26974,8.409,7.83706,0.001
0.3783,0.4283,9.28719,8.41821,7.83706,0.001
0.3784,0.4284,9.29592,8.43664,7.81387,0.001
0.3785,0.4285,9.31337,8.42742,7.79068,0.001
0.3786,0.4286,9.32645,8.43203,7.78141,0.001
0.3787,0.4287,9.31773,8.43664,7.7675,0.001
0.3788,0.4288,9.33954,8.44124,7.74895,0.001
0.3789,0.4289,9.33954,8.44124,7.74431,0.001
0.379,0.429,9.35263,8.44124,7.75822,0.001
0.3791,0.4291,9.3439,8.42282,7.76286,0.001
0.3792,0.4292,9.36571,8.41821,7.75822,0.001
0.3793,0.4293,9.35263,8.409,7.75358,0.001
0.3794,0.4294,9.35699,8.40439,7.75358,0.001
0.3795,0.4295,9.37008,8.41821,7.75358,0.001
0.3796,0.4296,9.39189,8.39979,7.75358,0.001
0.3797,0.4297,9.39625,8.40439,7.76286,0.001
0.3798,0.4298,9.40934,8.409,7.74431,0.001
0.3799,0.4299,9.40061,8.39979,7.75822,0.001
0.38,0.43,9.4137,8.41821,7.74895,0.001
0.3801,0.4301,9.40061,8.41821,7.7304,0.001
0.3802,0.4302,9.40061,8.41361,7.74431,0.001
0.3803,0.4303,9.39189,8.42282,7.75358,0.001
0.3804,0.4304,9.39189,8.41361,7.73504,0.001
0.3805,0.4305,9.3788,8.41821,7.72112,0.001
0.3806,0.4306,9.36135,8.40439,7.71649,0.001
0.3807,0.4307,9.35263,8.409,7.70258,0.001
0.3808,0.4308,9.33954,8.40439,7.71185,0.001
0.3809,0.4309,9.32209,8.37676,7.71649,0.001
0.381,0.431,9.30464,8.36755,7.70721,0.001
0.3811,0.4311,9.27847,8.34912,7.69794,0.001
0.3812,0.4312,9.26538,8.35373,7.6933,0.001
0.3813,0.4313,9.26538,8.32149,7.69794,0.001
0.3814,0.4314,9.2523,8.30767,7.70258,0.001
0.3815,0.4315,9.24793,8.31228,7.71185,0.001
0.3816,0.4316,9.24793,8.28925,7.70721,0.001
0.3817,0.4317,9.2523,8.29385,7.71185,0.001
0.3818,0.4318,9.24357,8.28464,7.70721,0.001
0.3819,0.4319,9.24357,8.29385,7.71185,0.001
0.382,0.432,9.23921,8.29385,7.71185,0.001
0.3821,0.4321,9.23485,8.31228,7.73504,0.001
0.3822,0.4322,9.24357,8.32149,7.71185,0.001
0.3823,0.4323,9.23921,8.3307,7.6933,0.001
0.3824,0.4324,9.24357,8.35834,7.69794,0.001
0.3825,0.4325,9.24793,8.35834,7.72112,0.001
0.3826,0.4326,9.24793,8.35834,7.72576,0.001
0.3827,0.4327,9.27847,8.37215,7.7304,0.001
0.3828,0.4328,9.27847,8.37676,7.7304,0.001
0.3829,0.4329,9.27847,8.39979,7.73967,0.001
0.383,0.433,9.28719,8.40439,7.73967,0.001
0.3831,0.4331,9.30028,8.41361,7.74895,0.001
0.3832,0.4332,9.31773,8.42742,7.76286,0.001
0.3833,0.4333,9.32645,8.44124,7.77213,0.001
0.3834,0.4334,9.33518,8.44124,7.76286,0.001
0.3835,0.4335,9.33954,8.45966,7.77213,0.001
0.3836,0.4336,9.33082,8.47348,7.79068,0.001
0.3837,0.4337,9.35263,8.4919,7.78605,0.001
0.3838,0.4338,9.34827,8.50112,7.76286,0.001
0.3839,0.4339,9.33518,8.52415,7.75822,0.001
0.384,0.434,9.3439,8.53796,7.77213,0.001
0.3841,0.4341,9.33954,8.55178,7.76286,0.001
0.3842,0.4342,9.33518,8.55639,7.7675,0.001
0.3843,0.4343,9.31337,8.56099,7.75358,0.001
0.3844,0.4344,9.32209,8.57942,7.75358,0.001
0.3845,0.4345,9.31773,8.59323,7.74895,0.001
0.3846,0.4346,9.309,8.60705,7.75358,0.001
0.3847,0.4347,9.30464,8.62087,7.76286,0.001
0.3848,0.4348,9.30028,8.61626,7.77213,0.001
0.3849,0.4349,9.30464,8.62547,7.7675,0.001
0.385,0.435,9.30028,8.62087,7.76286,0.001
0.3851,0.4351,9.28283,8.61626,7.79996,0.001
0.3852,0.4352,9.30464,8.60244,7.79068,0.001
0.3853,0.4353,9.30464,8.59323,7.79532,0.001
0.3854,0.4354,9.30464,8.58863,7.80459,0.001
0.3855,0.4355,9.31337,8.56099,7.79532,0.001
0.3856,0.4356,9.30028,8.56099,7.78605,0.001
0.3857,0.4357,9.29156,8.54257,7.78141,0.001
0.3858,0.4358,9.28283,8.54257,7.78141,0.001
0.3859,0.4359,9.29156,8.52875,7.79068,0.001
0.386,0.436,9.28719,8.51954,7.77213,0.001
0.3861,0.4361,9.30464,8.52875,7.74895,0.001
0.3862,0.4362,9.31337,8.52415,7.75358,0.001
0.3863,0.4363,9.32209,8.51954,7.73967,0.001
0.3864,0.4364,9.32209,8.53796,7.73967,0.001
0.3865,0.4365,9.33082,8.51493,7.75822,0.001
0.3866,0.4366,9.32645,8.52415,7.75822,0.001
0.3867,0.4367,9.31773,8.52875,7.7675,0.001
0.3868,0.4368,9.33518,8.53796,7.7675,0.001
0.3869,0.4369,9.32209,8.53796,7.7675,0.001
0.387,0.437,9.33082,8.54717,7.78605,0.001
0.3871,0.4371,9.33518,8.54717,7.79996,0.001
0.3872,0.4372,9.35263,8.55178,7.84169,0.001
0.3873,0.4373,9.33954,8.5656,7.87415,0.001
0.3874,0.4374,9.33954,8.5702,7.88807,0.001
0.3875,0.4375,9.33954,8.58863,7.90662,0.001
0.3876,0.4376,9.33518,8.61166,7.9298,0.001
0.3877,0.4377,9.3439,8.63469,7.95762,0.001
0.3878,0.4378,9.33518,8.66232,7.98081,0.001
0.3879,0.4379,9.33082,8.68995,7.99009,0.001
0.388,0.438,9.33954,8.69456,7.99472,0.001
0.3881,0.4381,9.36135,8.7222,7.99472,0.001
0.3882,0.4382,9.37008,8.73601,8.02255,0.001
0.3883,0.4383,9.38316,8.74522,8.03182,0.001
0.3884,0.4384,9.3788,8.76365,8.04573,0.001
0.3885,0.4385,9.36571,8.78668,8.06892,0.001
0.3886,0.4386,9.38753,8.80049,8.07356,0.001
0.3887,0.4387,9.38753,8.78668,8.06892,0.001
0.3888,0.4388,9.38753,8.81892,8.08747,0.001
0.3889,0.4389,9.39189,8.80049,8.11066,0.001
0.389,0.439,9.38753,8.79589,8.1292,0.001
0.3891,0.4391,9.38753,8.8051,8.15703,0.001
0.3892,0.4392,9.3788,8.79128,8.18021,0.001
0.3893,0.4393,9.39189,8.79589,8.19413,0.001
0.3894,0.4394,9.39625,8.78668,8.24514,0.001
0.3895,0.4395,9.40061,8.78207,8.26368,0.001
0.3896,0.4396,9.39625,8.76825,8.2776,0.001
0.3897,0.4397,9.38316,8.76365,8.30078,0.001
0.3898,0.4398,9.39625,8.75904,8.31469,0.001
0.3899,0.4399,9.37444,8.76825,8.31469,0.001
0.39,0.44,9.37444,8.79128,8.33788,0.001
0.3901,0.4401,9.38316,8.79128,8.37498,0.001
0.3902,0.4402,9.37444,8.78668,8.37498,0.001
0.3903,0.4403,9.38753,8.79589,8.37962,0.001
0.3904,0.4404,9.39189,8.79128,8.38425,0.001
0.3905,0.4405,9.39189,8.77747,8.38889,0.001
0.3906,0.4406,9.38753,8.78207,8.39816,0.001
0.3907,0.4407,9.40061,8.78668,8.38425,0.001
0.3908,0.4408,9.39189,8.78668,8.38889,0.001
0.3909,0.4409,9.40061,8.78668,8.41208,0.001
0.391,0.441,9.41806,8.80049,8.41671,0.001
0.3911,0.4411,9.43115,8.8051,8.42135,0.001
0.3912,0.4412,9.42242,8.79128,8.42599,0.001
0.3913,0.4413,9.4137,8.80971,8.45845,0.001
0.3914,0.4414,9.41806,8.79589,8.44918,0.001
0.3915,0.4415,9.41806,8.81431,8.46772,0.001
0.3916,0.4416,9.43551,8.8051,8.49555,0.001
0.3917,0.4417,9.44423,8.83274,8.49555,0.001
0.3918,0.4418,9.43551,8.82813,8.49091,0.001
0.3919,0.4419,9.43115,8.84655,8.51873,0.001
0.392,0.442,9.43987,8.86958,8.54656,0.001
0.3921,0.4421,9.43987,8.8834,8.56047,0.001
0.3922,0.4422,9.4486,8.92946,8.57438,0.001
0.3923,0.4423,9.45296,8.95249,8.59293,0.001
0.3924,0.4424,9.46168,8.95709,8.61612,0.001
0.3925,0.4425,9.47041,8.9617,8.63003,0.001
0.3926,0.4426,9.49222,8.98933,8.66249,0.001
0.3927,0.4427,9.50094,9.00776,8.66249,0.001
0.3928,0.4428,9.51403,9.02157,8.69959,0.001
0.3929,0.4429,9.51403,9.04,8.70423,0.001
0.393,0.443,9.51403,9.06303,8.72277,0.001
0.3931,0.4431,9.52275,9.08145,8.73205,0.001
0.3932,0.4432,9.52275,9.08605,8.76915,0.001
0.3933,0.4433,9.52712,9.08605,8.77842,0.001
0.3934,0.4434,9.53148,9.09527,8.78306,0.001
0.3935,0.4435,9.51403,9.08605,8.81088,0.001
0.3936,0.4436,9.52712,9.07684,8.81088,0.001
0.3937,0.4437,9.53148,9.07684,8.81088,0.001
0.3938,0.4438,9.52275,9.06763,8.84334,0.001
0.3939,0.4439,9.51403,9.08605,8.84334,0.001
0.394,0.444,9.50094,9.09987,8.85262,0.001
0.3941,0.4441,9.5053,9.1229,8.88044,0.001
0.3942,0.4442,9.50094,9.13211,8.88972,0.001
0.3943,0.4443,9.51403,9.13672,8.92681,0.001
0.3944,0.4444,9.50094,9.14133,8.92681,0.001
0.3945,0.4445,9.5053,9.15975,8.93609,0.001
0.3946,0.4446,9.5053,9.18278,8.96855,0.001
0.3947,0.4447,9.49658,9.18278,8.9871,0.001
0.3948,0.4448,9.5053,9.1966,9.01028,0.001
0.3949,0.4449,9.49222,9.20581,9.0242,0.001
0.395,0.445,9.48786,9.23805,9.04738,0.001
0.3951,0.4451,9.49222,9.24726,9.09376,0.001
0.3952,0.4452,9.50094,9.26568,9.10303,0.001
0.3953,0.4453,9.47913,9.28411,9.11694,0.001
0.3954,0.4454,9.47913,9.30253,9.13549,0.001
0.3955,0.4455,9.48786,9.29792,9.12622,0.001
0.3956,0.4456,9.47913,9.31174,9.16331,0.001
0.3957,0.4457,9.49222,9.33016,9.16795,0.001
0.3958,0.4458,9.49222,9.33016,9.19114,0.001
0.3959,0.4459,9.50094,9.36241,9.21896,0.001
0.396,0.446,9.49222,9.37162,9.21896,0.001
0.3961,0.4461,9.49222,9.38544,9.23287,0.001
0.3962,0.4462,9.50967,9.40386,9.2607,0.001
0.3963,0.4463,9.52712,9.43149,9.2607,0.001
0.3964,0.4464,9.53148,9.44531,9.2607,0.001
0.3965,0.4465,9.55329,9.47295,9.28388,0.001
0.3966,0.4466,9.56638,9.49597,9.31171,0.001
0.3967,0.4467,9.58819,9.50979,9.32562,0.001
0.3968,0.4468,9.59255,9.52361,9.35344,0.001
0.3969,0.4469,9.61436,9.55125,9.37199,0.001
0.397,0.447,9.61436,9.55585,9.40445,0.001
0.3971,0.4471,9.62309,9.58349,9.423,0.001
0.3972,0.4472,9.63617,9.58809,9.46474,0.001
0.3973,0.4473,9.63617,9.61112,9.48792,0.001
0.3974,0.4474,9.62745,9.62955,9.50647,0.001
0.3975,0.4475,9.62745,9.62955,9.53893,0.001
0.3976,0.4476,9.61872,9.62955,9.57139,0.001
0.3977,0.4477,9.61872,9.64797,9.57139,0.001
0.3978,0.4478,9.61872,9.63415,9.62241,0.001
0.3979,0.4479,9.63181,9.64797,9.64095,0.001
0.398,0.448,9.61436,9.65718,9.64095,0.001
0.3981,0.4481,9.60127,9.64797,9.65487,0.001
0.3982,0.4482,9.59255,9.66179,9.66878,0.001
0.3983,0.4483,9.58819,9.66639,9.68733,0.001
0.3984,0.4484,9.60127,9.66639,9.69197,0.001
0.3985,0.4485,9.58819,9.671,9.68733,0.001
0.3986,0.4486,9.60127,9.68021,9.71515,0.001
0.3987,0.4487,9.60127,9.671,9.71979,0.001
0.3988,0.4488,9.60564,9.6756,9.73834,0.001
0.3989,0.4489,9.60564,9.6756,9.78935,0.001
0.399,0.449,9.61,9.69863,9.79398,0.001
0.3991,0.4491,9.61872,9.69863,9.82645,0.001
0.3992,0.4492,9.62745,9.71706,9.845,0.001
0.3993,0.4493,9.62309,9.73548,9.85427,0.001
0.3994,0.4494,9.63181,9.74009,9.87746,0.001
0.3995,0.4495,9.62309,9.74009,9.91455,0.001
0.3996,0.4496,9.63181,9.77233,9.9331,0.001
0.3997,0.4497,9.63617,9.77693,9.97484,0.001
0.3998,0.4498,9.64926,9.79536,9.98875,0.001
0.3999,0.4499,9.65798,9.81839,10.0212,0.001
0.4,0.45,9.66671,9.84602,10.0583,0.001
0.4001,0.4501,9.67107,9.85523,10.0629,0.001
0.4002,0.4502,9.67979,9.88287,10.0629,0.001
0.4003,0.4503,9.67543,9.90129,10.1093,0.001
0.4004,0.4504,9.70161,9.91511,10.0954,0.001
0.4005,0.4505,9.70161,9.94274,10.1232,0.001
0.4006,0.4506,9.71905,9.96577,10.1418,0.001
0.4007,0.4507,9.74523,9.9888,10.1557,0.001
0.4008,0.4508,9.75395,10.0164,10.1742,0.001
0.4009,0.4509,9.77576,10.0395,10.165,0.001
0.401,0.451,9.78885,10.0579,10.1789,0.001
0.4011,0.4511,9.81502,10.0901,10.1974,0.001
0.4012,0.4512,9.83247,10.1086,10.2113,0.001
0.4013,0.4513,9.83683,10.1408,10.2345,0.001
0.4014,0.4514,9.85865,10.1684,10.2438,0.001
0.4015,0.4515,9.85428,10.1684,10.2577,0.001
0.4016,0.4516,9.86737,10.1915,10.3087,0.001
0.4017,0.4517,9.88482,10.2191,10.318,0.001
0.4018,0.4518,9.89354,10.2237,10.3273,0.001
0.4019,0.4519,9.89791,10.2513,10.3551,0.001
0.402,0.452,9.88918,10.2605,10.3644,0.001
0.4021,0.4521,9.89354,10.2744,10.3783,0.001
0.4022,0.4522,9.87609,10.2605,10.4154,0.001
0.4023,0.4523,9.88482,10.2744,10.4432,0.001
0.4024,0.4524,9.88046,10.279,10.4571,0.001
0.4025,0.4525,9.88482,10.2744,10.4803,0.001
0.4026,0.4526,9.86737,10.2928,10.4849,0.001
0.4027,0.4527,9.86301,10.302,10.5267,0.001
0.4028,0.4528,9.86737,10.2928,10.5128,0.001
0.4029,0.4529,9.85428,10.2928,10.536,0.001
0.403,0.453,9.85428,10.3066,10.5406,0.001
0.4031,0.4531,9.84556,10.302,10.573,0.001
0.4032,0.4532,9.84992,10.3204,10.5777,0.001
0.4033,0.4533,9.82811,10.3388,10.5962,0.001
0.4034,0.4534,9.81939,10.325,10.6055,0.001
0.4035,0.4535,9.81502,10.3388,10.6194,0.001
0.4036,0.4536,9.79321,10.3481,10.6333,0.001
0.4037,0.4537,9.8063,10.3573,10.6472,0.001
0.4038,0.4538,9.81502,10.3711,10.6704,0.001
0.4039,0.4539,9.81939,10.3757,10.689,0.001
0.404,0.454,9.81502,10.3987,10.7122,0.001
0.4041,0.4541,9.8063,10.3987,10.7261,0.001
0.4042,0.4542,9.81066,10.4171,10.7446,0.001
0.4043,0.4543,9.81502,10.4218,10.7678,0.001
0.4044,0.4544,9.82811,10.4402,10.7817,0.001
0.4045,0.4545,9.8412,10.4678,10.7771,0.001
0.4046,0.4546,9.85428,10.477,10.7864,0.001
0.4047,0.4547,9.86301,10.5001,10.8142,0.001
0.4048,0.4548,9.90227,10.5185,10.8142,0.001
0.4049,0.4549,9.92408,10.5507,10.842,0.001
0.405,0.455,9.93717,10.5737,10.8327,0.001
0.4051,0.4551,9.95025,10.5876,10.8466,0.001
0.4052,0.4552,9.95898,10.5968,10.8606,0.001
0.4053,0.4553,9.9677,10.6244,10.8698,0.001
0.4054,0.4554,9.98079,10.6428,10.9069,0.001
0.4055,0.4555,10.0026,10.6567,10.9162,0.001
0.4056,0.4556,10.0113,10.6751,10.9255,0.001
0.4057,0.4557,10.007,10.6843,10.9579,0.001
0.4058,0.4558,10.0244,10.7027,10.9858,0.001
0.4059,0.4559,10.0375,10.7119,10.9858,0.001
0.406,0.456,10.0419,10.7257,11.009,0.001
0.4061,0.4561,10.0331,10.7165,11.0461,0.001
0.4062,0.4562,10.0462,10.7257,11.0785,0.001
0.4063,0.4563,10.0462,10.7534,11.0832,0.001
0.4064,0.4564,10.0593,10.7672,11.0971,0.001
0.4065,0.4565,10.068,10.781,11.0971,0.001
0.4066,0.4566,10.0593,10.781,11.1017,0.001
0.4067,0.4567,10.0724,10.781,11.1156,0.001
0.4068,0.4568,10.068,10.7718,11.1388,0.001
0.4069,0.4569,10.0768,10.7902,11.1434,0.001
0.407,0.457,10.068,10.8133,11.1573,0.001
0.4071,0.4571,10.0419,10.8179,11.1434,0.001
0.4072,0.4572,10.0375,10.8225,11.1481,0.001
0.4073,0.4573,10.0288,10.8317,11.1852,0.001
0.4074,0.4574,10.0026,10.8363,11.1852,0.001
0.4075,0.4575,9.98951,10.8271,11.2037,0.001
0.4076,0.4576,9.97206,10.8455,11.2223,0.001
0.4077,0.4577,9.95025,10.8501,11.2315,0.001
0.4078,0.4578,9.9328,10.8455,11.2408,0.001
0.4079,0.4579,9.91535,10.8363,11.2733,0.001
0.408,0.458,9.90663,10.8501,11.2826,0.001
0.4081,0.4581,9.88482,10.8317,11.3057,0.001
0.4082,0.4582,9.88046,10.8363,11.3104,0.001
0.4083,0.4583,9.86737,10.8455,11.3336,0.001
0.4084,0.4584,9.87173,10.8455,11.3521,0.001
0.4085,0.4585,9.86301,10.8639,11.3568,0.001
0.4086,0.4586,9.87609,10.8685,11.3521,0.001
0.4087,0.4587,9.89791,10.8823,11.3568,0.001
0.4088,0.4588,9.90663,10.8916,11.3428,0.001
0.4089,0.4589,9.92844,10.9146,11.3614,0.001
0.409,0.459,9.94589,10.9238,11.3568,0.001
0.4091,0.4591,9.95025,10.9238,11.3568,0.001
0.4092,0.4592,9.97206,10.9422,11.3475,0.001
0.4093,0.4593,9.99388,10.9514,11.3614,0.001
0.4094,0.4594,10.0113,10.9699,11.3614,0.001
0.4095,0.4595,10.0244,10.9975,11.3707,0.001
0.4096,0.4596,10.068,10.9929,11.3614,0.001
0.4097,0.4597,10.068,11.0251,11.3799,0.001
0.4098,0.4598,10.0811,11.0297,11.3799,0.001
0.4099,0.4599,10.0942,11.0389,11.3938,0.001
0.41,0.46,10.1073,11.0436,11.4124,0.001
0.4101,0.4601,10.1247,11.0528,11.4263,0.001
0.4102,0.4602,10.1378,11.0482,11.4217,0.001
0.4103,0.4603,10.164,11.0528,11.4495,0.001
0.4104,0.4604,10.1596,11.0666,11.4495,0.001
0.4105,0.4605,10.1596,11.0528,11.4727,0.001
0.4106,0.4606,10.1815,11.0666,11.4588,0.001
0.4107,0.4607,10.1815,11.0758,11.468,0.001
0.4108,0.4608,10.164,11.0804,11.4634,0.001
0.4109,0.4609,10.1596,11.0758,11.4588,0.001
0.411,0.461,10.1771,11.0804,11.4866,0.001
0.4111,0.4611,10.1684,11.085,11.4866,0.001
0.4112,0.4612,10.1553,11.0758,11.4773,0.001
0.4113,0.4613,10.1466,11.0758,11.4727,0.001
0.4114,0.4614,10.1378,11.062,11.482,0.001
0.4115,0.4615,10.1247,11.062,11.482,0.001
0.4116,0.4616,10.1117,11.0712,11.5098,0.001
0.4117,0.4617,10.1029,11.062,11.4912,0.001
0.4118,0.4618,10.0942,11.0712,11.5051,0.001
0.4119,0.4619,10.0768,11.0436,11.5098,0.001
0.412,0.462,10.068,11.0436,11.5237,0.001
0.4121,0.4621,10.0637,11.0297,11.5469,0.001
0.4122,0.4622,10.0506,11.0205,11.5376,0.001
0.4123,0.4623,10.0419,11.0113,11.5469,0.001
0.4124,0.4624,10.0244,10.9975,11.5608,0.001
0.4125,0.4625,10.0113,11.0021,11.5562,0.001
0.4126,0.4626,9.99388,10.9929,11.5701,0.001
0.4127,0.4627,9.99388,10.9929,11.5654,0.001
0.4128,0.4628,9.98951,10.9929,11.5422,0.001
0.4129,0.4629,9.98079,10.9837,11.5515,0.001
0.413,0.463,9.98079,10.9745,11.5515,0.001
0.4131,0.4631,9.98951,10.9745,11.5562,0.001
0.4132,0.4632,9.97643,11.0021,11.5608,0.001
0.4133,0.4633,9.97643,10.9975,11.5515,0.001
0.4134,0.4634,9.99824,10.9975,11.5608,0.001
0.4135,0.4635,9.98951,11.0113,11.5654,0.001
0.4136,0.4636,10.0113,11.0159,11.5562,0.001
0.4137,0.4637,10.02,11.0251,11.5515,0.001
0.4138,0.4638,10.0288,11.0205,11.5376,0.001
0.4139,0.4639,10.0288,11.0343,11.5422,0.001
0.414,0.464,10.0593,11.0251,11.5562,0.001
0.4141,0.4641,10.0724,11.0251,11.5562,0.001
0.4142,0.4642,10.0724,11.0251,11.5469,0.001
0.4143,0.4643,10.0898,11.0205,11.5654,0.001
0.4144,0.4644,10.1073,11.0436,11.5608,0.001
0.4145,0.4645,10.1117,11.0436,11.5515,0.001
0.4146,0.4646,10.1073,11.0482,11.5376,0.001
0.4147,0.4647,10.1204,11.0482,11.5237,0.001
0.4148,0.4648,10.116,11.0758,11.5422,0.001
0.4149,0.4649,10.116,11.0482,11.5191,0.001
0.415,0.465,10.1204,11.0574,11.5005,0.001
0.4151,0.4651,10.1247,11.0712,11.4959,0.001
0.4152,0.4652,10.1073,11.0758,11.4959,0.001
0.4153,0.4653,10.1029,11.062,11.5005,0.001
0.4154,0.4654,10.0986,11.062,11.5005,0.001
0.4155,0.4655,10.0942,11.062,11.5005,0.001
0.4156,0.4656,10.0811,11.0297,11.482,0.001
0.4157,0.4657,10.068,11.0251,11.468,0.001
0.4158,0.4658,10.068,11.0205,11.468,0.001
0.4159,0.4659,10.0506,11.0021,11.4634,0.001
0.416,0.466,10.0331,10.9837,11.4588,0.001
0.4161,0.4661,10.0288,10.9652,11.4634,0.001
0.4162,0.4662,10.0244,10.9514,11.4727,0.001
0.4163,0.4663,10.007,10.9468,11.4727,0.001
0.4164,0.4664,9.99388,10.9376,11.4727,0.001
0.4165,0.4665,9.99388,10.9238,11.4541,0.001
0.4166,0.4666,9.97643,10.9284,11.4541,0.001
0.4167,0.4667,9.95461,10.91,11.4356,0.001
0.4168,0.4668,9.95461,10.9192,11.417,0.001
0.4169,0.4669,9.95898,10.8962,11.4217,0.001
0.417,0.467,9.95025,10.8962,11.4124,0.001
0.4171,0.4671,9.95025,10.8777,11.3799,0.001
0.4172,0.4672,9.95461,10.8731,11.366,0.001
0.4173,0.4673,9.9677,10.8777,11.366,0.001
0.4174,0.4674,9.97206,10.8639,11.3475,0.001
0.4175,0.4675,9.9677,10.8501,11.3197,0.001
0.4176,0.4676,9.97643,10.8455,11.2918,0.001
0.4177,0.4677,9.97206,10.8271,11.2686,0.001
0.4178,0.4678,9.98515,10.8225,11.2733,0.001
0.4179,0.4679,9.98951,10.8271,11.2779,0.001
0.418,0.468,9.99824,10.804,11.2408,0.001
0.4181,0.4681,9.99388,10.7902,11.2362,0.001
0.4182,0.4682,10.0026,10.7994,11.2408,0.001
0.4183,0.4683,10.007,10.7718,11.2176,0.001
0.4184,0.4684,9.99824,10.7718,11.2269,0.001
0.4185,0.4685,9.98951,10.7856,11.2084,0.001
0.4186,0.4686,9.99824,10.7718,11.1991,0.001
0.4187,0.4687,10.007,10.7626,11.1759,0.001
0.4188,0.4688,10.007,10.781,11.1805,0.001
0.4189,0.4689,9.99824,10.7718,11.1805,0.001
0.419,0.469,10.0113,10.781,11.1527,0.001
0.4191,0.4691,10.0157,10.7764,11.1434,0.001
0.4192,0.4692,10.02,10.7718,11.1156,0.001
0.4193,0.4693,10.02,10.7534,11.111,0.001
0.4194,0.4694,10.0244,10.7488,11.1203,0.001
0.4195,0.4695,10.0244,10.735,11.1017,0.001
0.4196,0.4696,10.0331,10.7303,11.1017,0.001
0.4197,0.4697,10.0288,10.7303,11.0832,0.001
0.4198,0.4698,10.02,10.7257,11.0739,0.001
0.4199,0.4699,10.02,10.7027,11.0739,0.001
0.42,0.47,10.0157,10.6889,11.0692,0.001
0.4201,0.4701,9.98951,10.6751,11.0692,0.001
0.4202,0.4702,9.97643,10.6613,11.0507,0.001
0.4203,0.4703,9.95898,10.6474,11.0414,0.001
0.4204,0.4704,9.94153,10.6244,11.0507,0.001
0.4205,0.4705,9.92408,10.606,11.0414,0.001
0.4206,0.4706,9.90227,10.5922,11.0275,0.001
0.4207,0.4707,9.88046,10.5784,11.0136,0.001
0.4208,0.4708,9.84992,10.5507,10.995,0.001
0.4209,0.4709,9.83247,10.5599,10.9811,0.001
0.421,0.471,9.82811,10.5507,10.9765,0.001
0.4211,0.4711,9.82811,10.5277,10.9533,0.001
0.4212,0.4712,9.82375,10.5277,10.944,0.001
0.4213,0.4713,9.83247,10.5093,10.9255,0.001
0.4214,0.4714,9.8412,10.5001,10.9255,0.001
0.4215,0.4715,9.82811,10.4724,10.893,0.001
0.4216,0.4716,9.83247,10.4724,10.893,0.001
0.4217,0.4717,9.83683,10.4724,10.8745,0.001
0.4218,0.4718,9.84556,10.4494,10.842,0.001
0.4219,0.4719,9.83247,10.454,10.8327,0.001
0.422,0.472,9.83683,10.4494,10.8235,0.001
0.4221,0.4721,9.84992,10.431,10.791,0.001
0.4222,0.4722,9.82811,10.431,10.7817,0.001
0.4223,0.4723,9.8412,10.4218,10.7539,0.001
0.4224,0.4724,9.83683,10.4033,10.7354,0.001
0.4225,0.4725,9.8412,10.4125,10.7075,0.001
0.4226,0.4726,9.8412,10.3757,10.689,0.001
0.4227,0.4727,9.84556,10.3803,10.6751,0.001
0.4228,0.4728,9.85865,10.3711,10.6426,0.001
0.4229,0.4729,9.8412,10.3711,10.6194,0.001
0.423,0.473,9.8412,10.3573,10.587,0.001
0.4231,0.4731,9.85865,10.3619,10.6009,0.001
0.4232,0.4732,9.86737,10.3435,10.5545,0.001
0.4233,0.4733,9.88046,10.3388,10.536,0.001
0.4234,0.4734,9.87173,10.3296,10.4989,0.001
0.4235,0.4735,9.88482,10.3204,10.4989,0.001
0.4236,0.4736,9.88482,10.3112,10.4757,0.001
0.4237,0.4737,9.88482,10.2974,10.4618,0.001
0.4238,0.4738,9.87609,10.2928,10.4478,0.001
0.4239,0.4739,9.87173,10.2652,10.4247,0.001
0.424,0.474,9.86301,10.2605,10.42,0.001
0.4241,0.4741,9.86301,10.2283,10.3922,0.001
0.4242,0.4742,9.86301,10.2283,10.3644,0.001
0.4243,0.4743,9.84556,10.2145,10.3505,0.001
0.4244,0.4744,9.83683,10.1961,10.3319,0.001
0.4245,0.4745,9.82375,10.1776,10.3041,0.001
0.4246,0.4746,9.81939,10.1546,10.2855,0.001
0.4247,0.4747,9.79757,10.1454,10.2763,0.001
0.4248,0.4748,9.79757,10.1224,10.2624,0.001
0.4249,0.4749,9.79757,10.1132,10.2392,0.001
0.425,0.475,9.7714,10.0901,10.216,0.001
0.4251,0.4751,9.76704,10.0809,10.1974,0.001
0.4252,0.4752,9.7714,10.0533,10.165,0.001
0.4253,0.4753,9.75831,10.0487,10.1511,0.001
0.4254,0.4754,9.74523,10.0256,10.1464,0.001
0.4255,0.4755,9.74959,10.0026,10.1232,0.001
0.4256,0.4756,9.74523,9.9888,10.114,0.001
0.4257,0.4757,9.74523,9.97959,10.1,0.001
0.4258,0.4758,9.7365,9.96577,10.0815,0.001
0.4259,0.4759,9.72342,9.96577,10.0769,0.001
0.426,0.476,9.71469,9.97498,10.0537,0.001
0.4261,0.4761,9.71469,9.93814,10.0351,0.001
0.4262,0.4762,9.70161,9.94735,10.0351,0.001
0.4263,0.4763,9.69724,9.93353,10.0351,0.001
0.4264,0.4764,9.69724,9.91511,10.0212,0.001
0.4265,0.4765,9.70161,9.9105,9.99339,0.001
0.4266,0.4766,9.69288,9.89208,9.96556,0.001
0.4267,0.4767,9.70597,9.92432,9.93774,0.001
0.4268,0.4768,9.70597,9.91511,9.94238,0.001
0.4269,0.4769,9.71033,9.9059,9.92383,0.001
0.427,0.477,9.72342,9.88747,9.89601,0.001
0.4271,0.4771,9.70161,9.86905,9.88673,0.001
0.4272,0.4772,9.71905,9.85063,9.845,0.001
0.4273,0.4773,9.71033,9.85523,9.82181,0.001
0.4274,0.4774,9.72342,9.83681,9.8079,0.001
0.4275,0.4775,9.73214,9.8322,9.79862,0.001
0.4276,0.4776,9.72778,9.81839,9.7708,0.001
0.4277,0.4777,9.73214,9.81839,9.76616,0.001
0.4278,0.4778,9.72778,9.80917,9.75689,0.001
0.4279,0.4779,9.72342,9.78614,9.72442,0.001
0.428,0.478,9.71905,9.78154,9.69197,0.001
0.4281,0.4781,9.72342,9.76772,9.68733,0.001
0.4282,0.4782,9.72342,9.74009,9.67342,0.001
0.4283,0.4783,9.71905,9.73087,9.65023,0.001
0.4284,0.4784,9.71033,9.71706,9.65487,0.001
0.4285,0.4785,9.70597,9.68482,9.63632,0.001
0.4286,0.4786,9.68416,9.671,9.63168,0.001
0.4287,0.4787,9.67979,9.64797,9.60386,0.001
0.4288,0.4788,9.67979,9.64336,9.58994,0.001
0.4289,0.4789,9.67107,9.61112,9.58531,0.001
0.429,0.479,9.65362,9.61112,9.57139,0.001
0.4291,0.4791,9.65798,9.5927,9.54821,0.001
0.4292,0.4792,9.62309,9.56967,9.53893,0.001
0.4293,0.4793,9.62745,9.55585,9.52038,0.001
0.4294,0.4794,9.62745,9.52361,9.4972,0.001
0.4295,0.4795,9.61436,9.519,9.48329,0.001
0.4296,0.4796,9.61,9.50058,9.44619,0.001
0.4297,0.4797,9.61,9.48216,9.44155,0.001
0.4298,0.4798,9.61436,9.46834,9.42764,0.001
0.4299,0.4799,9.58819,9.45452,9.39982,0.001
0.43,0.48,9.57946,9.44071,9.39054,0.001
0.4301,0.4801,9.5751,9.44071,9.35344,0.001
0.4302,0.4802,9.56201,9.43149,9.33489,0.001
0.4303,0.4803,9.56201,9.42689,9.31635,0.001
0.4304,0.4804,9.55329,9.40386,9.29316,0.001
0.4305,0.4805,9.55329,9.40386,9.30243,0.001
0.4306,0.4806,9.53584,9.40386,9.28852,0.001
0.4307,0.4807,9.5402,9.37622,9.26997,0.001
0.4308,0.4808,9.53584,9.37622,9.27461,0.001
0.4309,0.4809,9.53148,9.3578,9.24679,0.001
0.431,0.481,9.53584,9.34859,9.25142,0.001
0.4311,0.4811,9.51839,9.34398,9.24215,0.001
0.4312,0.4812,9.52275,9.34859,9.20505,0.001
0.4313,0.4813,9.52712,9.33938,9.20505,0.001
0.4314,0.4814,9.52275,9.32556,9.16331,0.001
0.4315,0.4815,9.54457,9.34398,9.14477,0.001
0.4316,0.4816,9.55329,9.31174,9.14477,0.001
0.4317,0.4817,9.56201,9.31635,9.12622,0.001
0.4318,0.4818,9.55765,9.30714,9.09839,0.001
0.4319,0.4819,9.57074,9.30253,9.06593,0.001
0.432,0.482,9.56201,9.28871,9.04738,0.001
0.4321,0.4821,9.56638,9.31174,9.03347,0.001
0.4322,0.4822,9.56201,9.28871,9.01028,0.001
0.4323,0.4823,9.56638,9.2749,8.99637,0.001
0.4324,0.4824,9.55765,9.2795,9.00101,0.001
0.4325,0.4825,9.56201,9.24726,8.98246,0.001
0.4326,0.4826,9.56638,9.24726,8.96855,0.001
0.4327,0.4827,9.54457,9.23344,8.95,0.001
0.4328,0.4828,9.54457,9.21502,8.95927,0.001
0.4329,0.4829,9.5402,9.2012,8.94073,0.001
0.433,0.483,9.54457,9.19199,8.93145,0.001
0.4331,0.4831,9.52712,9.17817,8.92681,0.001
0.4332,0.4832,9.52275,9.17357,8.92218,0.001
0.4333,0.4833,9.50967,9.16435,8.9129,0.001
0.4334,0.4834,9.50094,9.15975,8.88972,0.001
0.4335,0.4835,9.50094,9.13672,8.89435,0.001
0.4336,0.4836,9.50094,9.12751,8.86653,0.001
0.4337,0.4837,9.49658,9.1183,8.85725,0.001
0.4338,0.4838,9.48349,9.11369,8.84334,0.001
0.4339,0.4839,9.48349,9.10908,8.83407,0.001
0.434,0.484,9.45732,9.09066,8.82016,0.001
0.4341,0.4841,9.43987,9.07684,8.79697,0.001
0.4342,0.4842,9.42679,9.07224,8.78306,0.001
0.4343,0.4843,9.41806,9.06763,8.78306,0.001
0.4344,0.4844,9.40934,9.06303,8.77378,0.001
0.4345,0.4845,9.40934,9.06763,8.7506,0.001
0.4346,0.4846,9.39189,9.04921,8.75987,0.001
0.4347,0.4847,9.38753,9.03079,8.73205,0.001
0.4348,0.4848,9.3788,9.02618,8.73669,0.001
0.4349,0.4849,9.37008,8.99394,8.74132,0.001
0.435,0.485,9.36135,8.98473,8.70886,0.001
0.4351,0.4851,9.3788,8.98933,8.72277,0.001
0.4352,0.4852,9.38316,8.98933,8.69495,0.001
0.4353,0.4853,9.38753,8.9663,8.68104,0.001
0.4354,0.4854,9.38753,8.98473,8.6764,0.001
0.4355,0.4855,9.38316,8.95249,8.65321,0.001
0.4356,0.4856,9.39189,8.95249,8.64394,0.001
0.4357,0.4857,9.38753,8.94327,8.63467,0.001
0.4358,0.4858,9.40061,8.94327,8.62075,0.001
0.4359,0.4859,9.40934,8.93867,8.62075,0.001
0.436,0.486,9.42242,8.93406,8.6022,0.001
0.4361,0.4861,9.4137,8.94327,8.57902,0.001
0.4362,0.4862,9.42242,8.92946,8.57902,0.001
0.4363,0.4863,9.42679,8.92025,8.56511,0.001
0.4364,0.4864,9.42242,8.93406,8.57438,0.001
0.4365,0.4865,9.42679,8.91564,8.55583,0.001
0.4366,0.4866,9.44423,8.92025,8.55583,0.001
0.4367,0.4867,9.43987,8.91564,8.56047,0.001
0.4368,0.4868,9.44423,8.90643,8.54192,0.001
0.4369,0.4869,9.44423,8.8834,8.53265,0.001
0.437,0.487,9.45296,8.87879,8.54656,0.001
0.4371,0.4871,9.4486,8.86498,8.51873,0.001
0.4372,0.4872,9.4486,8.86498,8.5141,0.001
0.4373,0.4873,9.45296,8.85576,8.49555,0.001
0.4374,0.4874,9.45732,8.85576,8.48627,0.001
0.4375,0.4875,9.45296,8.84655,8.48164,0.001
0.4376,0.4876,9.4486,8.84655,8.48164,0.001
0.4377,0.4877,9.45296,8.82352,8.47236,0.001
0.4378,0.4878,9.45296,8.82352,8.47236,0.001
0.4379,0.4879,9.43987,8.84195,8.45381,0.001
0.438,0.488,9.43115,8.83274,8.45381,0.001
0.4381,0.4881,9.43987,8.82813,8.43526,0.001
0.4382,0.4882,9.43115,8.82352,8.42599,0.001
0.4383,0.4883,9.4137,8.83274,8.42599,0.001
0.4384,0.4884,9.40934,8.82813,8.41671,0.001
0.4385,0.4885,9.40061,8.83274,8.42599,0.001
0.4386,0.4886,9.39625,8.80971,8.42135,0.001
0.4387,0.4887,9.39189,8.82813,8.41671,0.001
0.4388,0.4888,9.39189,8.80971,8.40744,0.001
0.4389,0.4889,9.39189,8.79589,8.42599,0.001
0.439,0.489,9.3788,8.77747,8.40744,0.001
0.4391,0.4891,9.3788,8.79128,8.39816,0.001
0.4392,0.4892,9.37008,8.78207,8.38425,0.001
0.4393,0.4893,9.36571,8.77286,8.39816,0.001
0.4394,0.4894,9.36571,8.76825,8.40744,0.001
0.4395,0.4895,9.36135,8.79128,8.39816,0.001
0.4396,0.4896,9.36571,8.77747,8.37034,0.001
0.4397,0.4897,9.36135,8.77286,8.36107,0.001
0.4398,0.4898,9.36135,8.79589,8.37498,0.001
0.4399,0.4899,9.37444,8.78207,8.33788,0.001
0.44,0.49,9.36135,8.79128,8.34252,0.001
0.4401,0.4901,9.37444,8.79589,8.33788,0.001
0.4402,0.4902,9.37008,8.79128,8.33324,0.001
0.4403,0.4903,9.37444,8.78668,8.33324,0.001
0.4404,0.4904,9.37444,8.79128,8.31469,0.001
0.4405,0.4905,9.38753,8.78668,8.32397,0.001
0.4406,0.4906,9.39625,8.78668,8.31933,0.001
0.4407,0.4907,9.39189,8.79128,8.31469,0.001
0.4408,0.4908,9.40934,8.79128,8.31933,0.001
0.4409,0.4909,9.40061,8.79128,8.30542,0.001
0.441,0.491,9.40497,8.77286,8.31006,0.001
0.4411,0.4911,9.4137,8.78207,8.31469,0.001
0.4412,0.4912,9.43115,8.78207,8.31469,0.001
0.4413,0.4913,9.42679,8.78207,8.32861,0.001
0.4414,0.4914,9.41806,8.78668,8.31469,0.001
0.4415,0.4915,9.43551,8.79128,8.32397,0.001
0.4416,0.4916,9.42242,8.80049,8.31469,0.001
0.4417,0.4917,9.43115,8.80049,8.31469,0.001
0.4418,0.4918,9.43115,8.79589,8.30542,0.001
0.4419,0.4919,9.42679,8.8051,8.29615,0.001
0.442,0.492,9.43115,8.79128,8.29615,0.001
0.4421,0.4921,9.43551,8.79128,8.31933,0.001
0.4422,0.4922,9.44423,8.80049,8.31469,0.001
0.4423,0.4923,9.43551,8.80049,8.29615,0.001
0.4424,0.4924,9.43987,8.80971,8.29151,0.001
0.4425,0.4925,9.42679,8.80049,8.29615,0.001
0.4426,0.4926,9.43115,8.79128,8.29615,0.001
0.4427,0.4927,9.44423,8.78668,8.28687,0.001
0.4428,0.4928,9.43987,8.80049,8.29151,0.001
0.4429,0.4929,9.45296,8.80049,8.30542,0.001
0.443,0.493,9.4486,8.78668,8.29615,0.001
0.4431,0.4931,9.42242,8.79128,8.30078,0.001
0.4432,0.4932,9.42242,8.79589,8.32861,0.001
0.4433,0.4933,9.41806,8.78668,8.31933,0.001
0.4434,0.4934,9.41806,8.79128,8.30078,0.001
0.4435,0.4935,9.40497,8.79589,8.32861,0.001
0.4436,0.4936,9.4137,8.79589,8.32861,0.001
0.4437,0.4937,9.39625,8.80971,8.31469,0.001
0.4438,0.4938,9.40497,8.80971,8.32397,0.001
0.4439,0.4939,9.40497,8.81892,8.31006,0.001
0.444,0.494,9.40934,8.8051,8.32861,0.001
0.4441,0.4941,9.39625,8.81431,8.33788,0.001
0.4442,0.4942,9.39189,8.82813,8.34715,0.001
0.4443,0.4943,9.40061,8.82813,8.34252,0.001
0.4444,0.4944,9.40497,8.84195,8.35179,0.001
0.4445,0.4945,9.39625,8.83734,8.36107,0.001
0.4446,0.4946,9.39189,8.83734,8.35643,0.001
0.4447,0.4947,9.40061,8.84195,8.35643,0.001
0.4448,0.4948,9.4137,8.84195,8.37962,0.001
0.4449,0.4949,9.40934,8.83734,8.38425,0.001
0.445,0.495,9.42242,8.84195,8.37034,0.001
0.4451,0.4951,9.41806,8.85116,8.39353,0.001
0.4452,0.4952,9.4137,8.85116,8.39353,0.001
0.4453,0.4953,9.41806,8.84655,8.38889,0.001
0.4454,0.4954,9.42242,8.87419,8.39816,0.001
0.4455,0.4955,9.42242,8.87419,8.39353,0.001
0.4456,0.4956,9.42679,8.86037,8.40744,0.001
0.4457,0.4957,9.42242,8.87419,8.40744,0.001
0.4458,0.4958,9.42679,8.89261,8.40744,0.001
0.4459,0.4959,9.42679,8.90643,8.43063,0.001
0.446,0.496,9.42679,8.89722,8.4399,0.001
0.4461,0.4961,9.44423,8.90643,8.43063,0.001
0.4462,0.4962,9.4486,8.91103,8.4399,0.001
0.4463,0.4963,9.45732,8.92025,8.44918,0.001
0.4464,0.4964,9.46604,8.93867,8.44918,0.001
0.4465,0.4965,9.4486,8.95709,8.45381,0.001
0.4466,0.4966,9.45296,8.94788,8.44918,0.001
0.4467,0.4967,9.47041,8.9617,8.46772,0.001
0.4468,0.4968,9.47477,8.9663,8.46772,0.001
0.4469,0.4969,9.47041,8.9617,8.48164,0.001
0.447,0.497,9.46168,8.97552,8.50482,0.001
0.4471,0.4971,9.46168,8.97552,8.50482,0.001
0.4472,0.4972,9.45732,8.98012,8.52337,0.001
0.4473,0.4973,9.46168,8.97091,8.52801,0.001
0.4474,0.4974,9.47041,8.98012,8.52337,0.001
0.4475,0.4975,9.46604,8.98933,8.52337,0.001
0.4476,0.4976,9.46168,8.99394,8.53265,0.001
0.4477,0.4977,9.46168,8.99854,8.54192,0.001
0.4478,0.4978,9.46168,9.00776,8.54656,0.001
0.4479,0.4979,9.46168,9.01236,8.56974,0.001
0.448,0.498,9.47477,9.00776,8.56047,0.001
0.4481,0.4981,9.47913,9.01697,8.57902,0.001
0.4482,0.4982,9.48786,9.03079,8.56974,0.001
0.4483,0.4983,9.48349,9.02157,8.58829,0.001
0.4484,0.4984,9.48349,9.02618,8.58829,0.001
0.4485,0.4985,9.50094,9.04,8.58829,0.001
0.4486,0.4986,9.49658,9.04921,8.61148,0.001
0.4487,0.4987,9.50094,9.0446,8.61148,0.001
0.4488,0.4988,9.49658,9.05842,8.61148,0.001
0.4489,0.4989,9.49658,9.0446,8.62539,0.001
0.449,0.499,9.49658,9.05842,8.64394,0.001
0.4491,0.4991,9.5053,9.06303,8.65321,0.001
0.4492,0.4992,9.49222,9.06303,8.64394,0.001
0.4493,0.4993,9.49658,9.05842,8.66249,0.001
0.4494,0.4994,9.49658,9.06303,8.6764,0.001
0.4495,0.4995,9.50094,9.06303,8.6764,0.001
0.4496,0.4996,9.5053,9.08605,8.69959,0.001
0.4497,0.4997,9.49658,9.08145,8.69959,0.001
0.4498,0.4998,9.50967,9.08605,8.69959,0.001
0.4499,0.4999,9.50094,9.09987,8.73205,0.001
0.45,0.5,9.50094,9.10448,8.74596,0.001
0.4501,0.5001,9.53148,9.10908,8.73669,0.001
0.4502,0.5002,9.52275,9.09527,8.7506,0.001
0.4503,0.5003,9.52275,9.12751,8.77378,0.001
0.4504,0.5004,9.52712,9.11369,8.78306,0.001
0.4505,0.5005,9.53584,9.1183,8.79697,0.001
0.4506,0.5006,9.53148,9.14133,8.81552,0.001
0.4507,0.5007,9.54893,9.15054,8.83871,0.001
0.4508,0.5008,9.53148,9.16435,8.83871,0.001
0.4509,0.5009,9.53148,9.18738,8.83407,0.001
0.451,0.501,9.52712,9.1966,8.87117,0.001
0.4511,0.5011,9.5402,9.2012,8.86189,0.001
0.4512,0.5012,9.54893,9.22423,8.88508,0.001
0.4513,0.5013,9.53584,9.18738,8.9129,0.001
0.4514,0.5014,9.5402,9.1966,8.91754,0.001
0.4515,0.5015,9.54893,9.21041,8.92681,0.001
0.4516,0.5016,9.53584,9.22884,8.95,0.001
0.4517,0.5017,9.54893,9.22884,8.95464,0.001
0.4518,0.5018,9.55329,9.23805,8.96855,0.001
0.4519,0.5019,9.55329,9.24265,8.9871,0.001
0.452,0.502,9.55329,9.25187,8.98246,0.001
0.4521,0.5021,9.54457,9.26108,9.00565,0.001
0.4522,0.5022,9.55329,9.26568,9.02883,0.001
0.4523,0.5023,9.55765,9.28411,9.02883,0.001
0.4524,0.5024,9.54893,9.2749,9.03811,0.001
0.4525,0.5025,9.55329,9.29332,9.05666,0.001
0.4526,0.5026,9.56638,9.30714,9.08448,0.001
0.4527,0.5027,9.56638,9.30714,9.09376,0.001
0.4528,0.5028,9.56638,9.31635,9.09839,0.001
0.4529,0.5029,9.56638,9.33938,9.10767,0.001
0.453,0.503,9.57946,9.33938,9.11231,0.001
0.4531,0.5031,9.56201,9.33938,9.14013,0.001
0.4532,0.5032,9.58383,9.36241,9.1494,0.001
0.4533,0.5033,9.5751,9.3578,9.15404,0.001
0.4534,0.5034,9.57074,9.34859,9.17723,0.001
0.4535,0.5035,9.56638,9.36701,9.19578,0.001
0.4536,0.5036,9.57074,9.37622,9.20969,0.001
0.4537,0.5037,9.56638,9.40386,9.22824,0.001
0.4538,0.5038,9.5751,9.38544,9.23751,0.001
0.4539,0.5039,9.58819,9.39925,9.23751,0.001
0.454,0.504,9.58819,9.41307,9.25606,0.001
0.4541,0.5041,9.58383,9.41307,9.26534,0.001
0.4542,0.5042,9.59255,9.41768,9.28388,0.001
0.4543,0.5043,9.58819,9.42689,9.28852,0.001
0.4544,0.5044,9.59691,9.43149,9.29316,0.001
0.4545,0.5045,9.60127,9.43149,9.31171,0.001
0.4546,0.5046,9.60564,9.44531,9.33026,0.001
0.4547,0.5047,9.60127,9.47295,9.33489,0.001
0.4548,0.5048,9.60564,9.47755,9.34881,0.001
0.4549,0.5049,9.60564,9.48216,9.36735,0.001
0.455,0.505,9.61436,9.49597,9.37199,0.001
0.4551,0.5051,9.62309,9.50979,9.39054,0.001
0.4552,0.5052,9.63181,9.50519,9.39518,0.001
0.4553,0.5053,9.62309,9.5144,9.40445,0.001
0.4554,0.5054,9.62745,9.52822,9.43691,0.001
0.4555,0.5055,9.62745,9.53282,9.44155,0.001
0.4556,0.5056,9.64053,9.55125,9.47401,0.001
0.4557,0.5057,9.64926,9.55125,9.48329,0.001
0.4558,0.5058,9.65362,9.55585,9.4972,0.001
0.4559,0.5059,9.64053,9.56967,9.51111,0.001
0.456,0.506,9.65798,9.56046,9.50184,0.001
0.4561,0.5061,9.64926,9.5927,9.52966,0.001
0.4562,0.5062,9.65798,9.5973,9.54357,0.001
0.4563,0.5063,9.66671,9.61112,9.55285,0.001
0.4564,0.5064,9.67107,9.5927,9.57139,0.001
0.4565,0.5065,9.66671,9.62033,9.58067,0.001
0.4566,0.5066,9.67107,9.62033,9.59458,0.001
0.4567,0.5067,9.66671,9.63876,9.60849,0.001
0.4568,0.5068,9.66671,9.64797,9.62704,0.001
0.4569,0.5069,9.67979,9.66179,9.63632,0.001
0.457,0.507,9.67107,9.671,9.65023,0.001
0.4571,0.5071,9.67543,9.69403,9.65023,0.001
0.4572,0.5072,9.67979,9.69403,9.68269,0.001
0.4573,0.5073,9.68416,9.69403,9.70588,0.001
0.4574,0.5074,9.67979,9.71706,9.7337,0.001
0.4575,0.5075,9.67543,9.72166,9.74297,0.001
0.4576,0.5076,9.67107,9.72627,9.7708,0.001
0.4577,0.5077,9.66234,9.73087,9.78007,0.001
0.4578,0.5078,9.66234,9.73548,9.8079,0.001
0.4579,0.5079,9.66671,9.7493,9.82645,0.001
0.458,0.508,9.67107,9.76772,9.82181,0.001
0.4581,0.5081,9.65798,9.79075,9.845,0.001
0.4582,0.5082,9.65798,9.78154,9.85891,0.001
0.4583,0.5083,9.65362,9.79996,9.88673,0.001
0.4584,0.5084,9.67107,9.80917,9.89601,0.001
0.4585,0.5085,9.68416,9.82299,9.90064,0.001
0.4586,0.5086,9.68416,9.82299,9.92847,0.001
0.4587,0.5087,9.68852,9.85063,9.91919,0.001
0.4588,0.5088,9.70161,9.85523,9.9331,0.001
0.4589,0.5089,9.68852,9.86444,9.94701,0.001
0.459,0.509,9.69288,9.89668,9.95629,0.001
0.4591,0.5091,9.70161,9.88747,9.96556,0.001
0.4592,0.5092,9.70161,9.89668,9.99803,0.001
0.4593,0.5093,9.71469,9.89668,9.98875,0.001
0.4594,0.5094,9.71905,9.9059,10.0258,0.001
0.4595,0.5095,9.71905,9.91511,10.049,0.001
0.4596,0.5096,9.71905,9.92893,10.0583,0.001
0.4597,0.5097,9.72778,9.94735,10.0908,0.001
0.4598,0.5098,9.74087,9.95656,10.0954,0.001
0.4599,0.5099,9.74087,9.95656,10.0954,0.001
0.46,0.51,9.74087,9.96117,10.1232,0.001
0.4601,0.5101,9.74959,9.9842,10.1186,0.001
0.4602,0.5102,9.74523,9.97038,10.1418,0.001
0.4603,0.5103,9.75831,9.9842,10.165,0.001
0.4604,0.5104,9.75395,10.0072,10.165,0.001
0.4605,0.5105,9.7714,10.0118,10.1835,0.001
0.4606,0.5106,9.78013,10.021,10.1789,0.001
0.4607,0.5107,9.77576,10.0303,10.1696,0.001
0.4608,0.5108,9.77576,10.0441,10.1835,0.001
0.4609,0.5109,9.78885,10.0441,10.2021,0.001
0.461,0.511,9.78013,10.0625,10.2113,0.001
0.4611,0.5111,9.78013,10.0809,10.2392,0.001
0.4612,0.5112,9.78449,10.0993,10.2345,0.001
0.4613,0.5113,9.78449,10.0993,10.2438,0.001
0.4614,0.5114,9.78013,10.1039,10.267,0.001
0.4615,0.5115,9.79757,10.1224,10.2855,0.001
0.4616,0.5116,9.80194,10.1178,10.2994,0.001
0.4617,0.5117,9.79321,10.1362,10.3134,0.001
0.4618,0.5118,9.80194,10.1316,10.3365,0.001
0.4619,0.5119,9.79321,10.15,10.3551,0.001
0.462,0.512,9.79757,10.1638,10.3458,0.001
0.4621,0.5121,9.80194,10.1776,10.3551,0.001
0.4622,0.5122,9.8063,10.1822,10.3783,0.001
0.4623,0.5123,9.81939,10.1961,10.3876,0.001
0.4624,0.5124,9.81939,10.2053,10.42,0.001
0.4625,0.5125,9.83247,10.2053,10.4107,0.001
0.4626,0.5126,9.83683,10.2007,10.4154,0.001
0.4627,0.5127,9.83247,10.2237,10.4339,0.001
0.4628,0.5128,9.8412,10.2237,10.4478,0.001
0.4629,0.5129,9.84992,10.2421,10.4525,0.001
0.463,0.513,9.85428,10.2467,10.4525,0.001
0.4631,0.5131,9.84992,10.2652,10.4757,0.001
0.4632,0.5132,9.86301,10.279,10.4989,0.001
0.4633,0.5133,9.87609,10.2836,10.5035,0.001
0.4634,0.5134,9.86301,10.2882,10.5081,0.001
0.4635,0.5135,9.88482,10.2928,10.5174,0.001
0.4636,0.5136,9.87609,10.3066,10.5499,0.001
0.4637,0.5137,9.87609,10.2928,10.5591,0.001
0.4638,0.5138,9.88482,10.3158,10.5638,0.001
0.4639,0.5139,9.88918,10.3158,10.573,0.001
0.464,0.514,9.88918,10.3296,10.6009,0.001
0.4641,0.5141,9.88918,10.325,10.5962,0.001
0.4642,0.5142,9.89354,10.3481,10.6055,0.001
0.4643,0.5143,9.88918,10.3757,10.6287,0.001
0.4644,0.5144,9.89354,10.3849,10.6241,0.001
0.4645,0.5145,9.89354,10.3941,10.6241,0.001
0.4646,0.5146,9.89791,10.3941,10.638,0.001
0.4647,0.5147,9.89791,10.4033,10.6426,0.001
0.4648,0.5148,9.90663,10.4218,10.6565,0.001
0.4649,0.5149,9.90663,10.4264,10.6658,0.001
0.465,0.515,9.91535,10.454,10.6658,0.001
0.4651,0.5151,9.91099,10.4678,10.6843,0.001
0.4652,0.5152,9.89791,10.4724,10.6936,0.001
0.4653,0.5153,9.91972,10.4862,10.7122,0.001
0.4654,0.5154,9.91972,10.4954,10.7307,0.001
0.4655,0.5155,9.91099,10.4862,10.7354,0.001
0.4656,0.5156,9.92844,10.4816,10.74,0.001
0.4657,0.5157,9.92844,10.4908,10.7539,0.001
0.4658,0.5158,9.91535,10.4908,10.7585,0.001
0.4659,0.5159,9.91972,10.4954,10.7725,0.001
0.466,0.516,9.92844,10.5093,10.7817,0.001
0.4661,0.5161,9.91535,10.5139,10.7864,0.001
0.4662,0.5162,9.91099,10.5185,10.7956,0.001
0.4663,0.5163,9.91099,10.5277,10.8003,0.001
0.4664,0.5164,9.9328,10.5369,10.8049,0.001
0.4665,0.5165,9.92408,10.5507,10.8142,0.001
0.4666,0.5166,9.91972,10.5507,10.8281,0.001
0.4667,0.5167,9.92408,10.5553,10.8235,0.001
0.4668,0.5168,9.9328,10.5599,10.8235,0.001
0.4669,0.5169,9.9328,10.5645,10.842,0.001
0.467,0.517,9.94589,10.5737,10.8513,0.001
0.4671,0.5171,9.95461,10.5876,10.8559,0.001
0.4672,0.5172,9.95025,10.5784,10.8466,0.001
0.4673,0.5173,9.94153,10.6014,10.8698,0.001
0.4674,0.5174,9.95025,10.6014,10.8698,0.001
0.4675,0.5175,9.96334,10.5737,10.8745,0.001
0.4676,0.5176,9.96334,10.5968,10.8837,0.001
0.4677,0.5177,9.95461,10.583,10.8884,0.001
0.4678,0.5178,9.9677,10.6014,10.893,0.001
0.4679,0.5179,9.9677,10.5968,10.9208,0.001
0.468,0.518,9.95461,10.606,10.9162,0.001
0.4681,0.5181,9.96334,10.606,10.9255,0.001
0.4682,0.5182,9.97206,10.6198,10.9301,0.001
0.4683,0.5183,9.95461,10.6152,10.9255,0.001
0.4684,0.5184,9.94589,10.6336,10.9394,0.001
0.4685,0.5185,9.94589,10.652,10.9255,0.001
0.4686,0.5186,9.95025,10.6428,10.9533,0.001
0.4687,0.5187,9.94589,10.6567,10.944,0.001
0.4688,0.5188,9.94589,10.6659,10.944,0.001
0.4689,0.5189,9.95025,10.6705,10.9626,0.001
0.469,0.519,9.95461,10.6797,10.9719,0.001
0.4691,0.5191,9.95025,10.6705,10.9579,0.001
0.4692,0.5192,9.95461,10.6797,10.9719,0.001
0.4693,0.5193,9.96334,10.6751,10.9719,0.001
0.4694,0.5194,9.96334,10.6843,10.9765,0.001
0.4695,0.5195,9.9677,10.6935,10.9811,0.001
0.4696,0.5196,9.97206,10.6797,10.9904,0.001
0.4697,0.5197,9.97643,10.6935,10.995,0.001
0.4698,0.5198,9.97643,10.6889,10.9997,0.001
0.4699,0.5199,9.98079,10.6889,11.0043,0.001
0.47,0.52,9.97206,10.6889,11.0182,0.001
0.4701,0.5201,9.97206,10.6981,11.0043,0.001
0.4702,0.5202,9.97643,10.7027,11.009,0.001
0.4703,0.5203,9.97206,10.6889,11.009,0.001
0.4704,0.5204,9.9677,10.7073,11.0229,0.001
0.4705,0.5205,9.9677,10.6981,11.009,0.001
0.4706,0.5206,9.97206,10.6981,11.0182,0.001
0.4707,0.5207,9.9677,10.6981,11.0182,0.001
0.4708,0.5208,9.97643,10.7073,11.0229,0.001
0.4709,0.5209,9.98951,10.7027,11.0182,0.001
0.471,0.521,9.98079,10.6981,11.0229,0.001
0.4711,0.5211,9.98951,10.7027,11.0507,0.001
0.4712,0.5212,9.99824,10.6935,11.0368,0.001
0.4713,0.5213,9.98951,10.6981,11.0414,0.001
0.4714,0.5214,9.99388,10.6981,11.0507,0.001
0.4715,0.5215,9.99388,10.7027,11.0461,0.001
0.4716,0.5216,10.007,10.6935,11.0461,0.001
0.4717,0.5217,9.99388,10.7073,11.0553,0.001
0.4718,0.5218,10.0026,10.6981,11.0646,0.001
0.4719,0.5219,10.007,10.7119,11.0692,0.001
0.472,0.522,9.98951,10.7119,11.0739,0.001
0.4721,0.5221,9.98515,10.6935,11.0785,0.001
0.4722,0.5222,9.97643,10.6935,11.0739,0.001
0.4723,0.5223,9.96334,10.6889,11.0785,0.001
0.4724,0.5224,9.95898,10.6981,11.0785,0.001
0.4725,0.5225,9.95461,10.6935,11.0739,0.001
0.4726,0.5226,9.95461,10.7027,11.0878,0.001
0.4727,0.5227,9.94589,10.6889,11.0692,0.001
0.4728,0.5228,9.95461,10.6889,11.0878,0.001
0.4729,0.5229,9.95025,10.6935,11.0739,0.001
0.473,0.523,9.95461,10.6659,11.0692,0.001
0.4731,0.5231,9.9677,10.6797,11.0646,0.001
0.4732,0.5232,9.95461,10.6705,11.0553,0.001
0.4733,0.5233,9.95461,10.6659,11.0553,0.001
0.4734,0.5234,9.95461,10.6613,11.0368,0.001
0.4735,0.5235,9.94589,10.6797,11.06,0.001
0.4736,0.5236,9.94589,10.6659,11.06,0.001
0.4737,0.5237,9.95025,10.6567,11.0461,0.001
0.4738,0.5238,9.95025,10.652,11.0553,0.001
0.4739,0.5239,9.95898,10.6613,11.06,0.001
0.474,0.524,9.95025,10.6567,11.0507,0.001
0.4741,0.5241,9.94589,10.652,11.0507,0.001
0.4742,0.5242,9.94153,10.6567,11.0507,0.001
0.4743,0.5243,9.95025,10.652,11.0461,0.001
0.4744,0.5244,9.95025,10.6474,11.0507,0.001
0.4745,0.5245,9.95025,10.6382,11.0321,0.001
0.4746,0.5246,9.95461,10.6336,11.0321,0.001
0.4747,0.5247,9.9677,10.6382,11.0275,0.001
0.4748,0.5248,9.97206,10.629,11.0229,0.001
0.4749,0.5249,9.97206,10.6198,11.0229,0.001
0.475,0.525,9.98515,10.6152,11.0043,0.001
0.4751,0.5251,9.98515,10.6106,11.0182,0.001
0.4752,0.5252,9.99388,10.6014,11.009,0.001
0.4753,0.5253,9.99824,10.606,10.9858,0.001
0.4754,0.5254,9.98079,10.5922,10.9997,0.001
0.4755,0.5255,9.98515,10.5784,10.9904,0.001
0.4756,0.5256,9.98515,10.5737,10.9719,0.001
0.4757,0.5257,9.98515,10.5876,10.9811,0.001
0.4758,0.5258,9.97206,10.5691,10.9765,0.001
0.4759,0.5259,9.97643,10.5737,10.9719,0.001
0.476,0.526,9.95898,10.5737,10.9719,0.001
0.4761,0.5261,9.9677,10.5691,10.944,0.001
0.4762,0.5262,9.94589,10.5553,10.9626,0.001
0.4763,0.5263,9.93717,10.5645,10.9533,0.001
0.4764,0.5264,9.93717,10.5784,10.9672,0.001
0.4765,0.5265,9.93717,10.5645,10.944,0.001
0.4766,0.5266,9.91972,10.5553,10.944,0.001
0.4767,0.5267,9.91535,10.5553,10.9533,0.001
0.4768,0.5268,9.91535,10.5507,10.9394,0.001
0.4769,0.5269,9.91099,10.5507,10.9116,0.001
0.477,0.527,9.90227,10.5323,10.9162,0.001
0.4771,0.5271,9.90227,10.5277,10.9069,0.001
0.4772,0.5272,9.88482,10.5369,10.8884,0.001
0.4773,0.5273,9.88482,10.5231,10.8837,0.001
0.4774,0.5274,9.89791,10.5185,10.8745,0.001
0.4775,0.5275,9.88046,10.5323,10.8791,0.001
0.4776,0.5276,9.87609,10.5185,10.8652,0.001
0.4777,0.5277,9.85865,10.5369,10.8513,0.001
0.4778,0.5278,9.86301,10.5047,10.8466,0.001
0.4779,0.5279,9.85428,10.5231,10.842,0.001
0.478,0.528,9.87173,10.4908,10.8235,0.001
0.4781,0.5281,9.87609,10.4954,10.8235,0.001
0.4782,0.5282,9.86737,10.477,10.8142,0.001
0.4783,0.5283,9.86301,10.4816,10.791,0.001
0.4784,0.5284,9.85865,10.4586,10.7956,0.001
0.4785,0.5285,9.87173,10.4678,10.7678,0.001
0.4786,0.5286,9.87609,10.4586,10.7864,0.001
0.4787,0.5287,9.87173,10.4586,10.7725,0.001
0.4788,0.5288,9.88046,10.4402,10.7585,0.001
0.4789,0.5289,9.88482,10.4402,10.7632,0.001
0.479,0.529,9.88046,10.431,10.74,0.001
0.4791,0.5291,9.89354,10.4125,10.7261,0.001
0.4792,0.5292,9.90663,10.4079,10.7261,0.001
0.4793,0.5293,9.90663,10.4033,10.7075,0.001
0.4794,0.5294,9.90227,10.4125,10.6983,0.001
0.4795,0.5295,9.91099,10.4033,10.6843,0.001
0.4796,0.5296,9.90663,10.3941,10.6658,0.001
0.4797,0.5297,9.90663,10.4033,10.6797,0.001
0.4798,0.5298,9.90227,10.3941,10.6612,0.001
0.4799,0.5299,9.89791,10.3849,10.6241,0.001
0.48,0.53,9.90663,10.3849,10.6472,0.001
0.4801,0.5301,9.92408,10.3711,10.6148,0.001
0.4802,0.5302,9.90227,10.3711,10.6055,0.001
0.4803,0.5303,9.88918,10.3573,10.6055,0.001
0.4804,0.5304,9.88046,10.3527,10.5916,0.001
0.4805,0.5305,9.88918,10.3527,10.573,0.001
0.4806,0.5306,9.87609,10.3342,10.5684,0.001
0.4807,0.5307,9.88482,10.3342,10.5638,0.001
0.4808,0.5308,9.86737,10.3204,10.5591,0.001
0.4809,0.5309,9.85865,10.3204,10.5638,0.001
0.481,0.531,9.84992,10.3066,10.5406,0.001
0.4811,0.5311,9.84556,10.2836,10.5406,0.001
0.4812,0.5312,9.84556,10.2882,10.5081,0.001
0.4813,0.5313,9.83683,10.2836,10.5174,0.001
0.4814,0.5314,9.83247,10.2744,10.4942,0.001
0.4815,0.5315,9.82811,10.2744,10.4896,0.001
0.4816,0.5316,9.81066,10.2744,10.4757,0.001
0.4817,0.5317,9.81502,10.2652,10.4618,0.001
0.4818,0.5318,9.8063,10.2559,10.4478,0.001
0.4819,0.5319,9.79321,10.2375,10.4293,0.001
0.482,0.532,9.79757,10.2283,10.4107,0.001
0.4821,0.5321,9.78449,10.2283,10.4107,0.001
0.4822,0.5322,9.80194,10.2053,10.4015,0.001
0.4823,0.5323,9.79321,10.2145,10.3922,0.001
0.4824,0.5324,9.78885,10.1869,10.3829,0.001
0.4825,0.5325,9.77576,10.1776,10.3829,0.001
0.4826,0.5326,9.78885,10.1638,10.3505,0.001
0.4827,0.5327,9.78885,10.1592,10.3505,0.001
0.4828,0.5328,9.78885,10.15,10.3458,0.001
0.4829,0.5329,9.81066,10.1454,10.318,0.001
0.483,0.533,9.80194,10.1454,10.2994,0.001
0.4831,0.5331,9.8063,10.127,10.2948,0.001
0.4832,0.5332,9.81066,10.127,10.2948,0.001
0.4833,0.5333,9.81939,10.1039,10.2624,0.001
0.4834,0.5334,9.82375,10.0947,10.2531,0.001
0.4835,0.5335,9.82811,10.0947,10.2438,0.001
0.4836,0.5336,9.83247,10.0947,10.2253,0.001
0.4837,0.5337,9.82811,10.0901,10.2345,0.001
0.4838,0.5338,9.83683,10.0809,10.2021,0.001
0.4839,0.5339,9.82375,10.0763,10.1835,0.001
0.484,0.534,9.82375,10.0763,10.1696,0.001
0.4841,0.5341,9.82811,10.0763,10.1835,0.001
0.4842,0.5342,9.83247,10.0579,10.1557,0.001
0.4843,0.5343,9.82375,10.0487,10.165,0.001
0.4844,0.5344,9.81939,10.0533,10.1557,0.001
0.4845,0.5345,9.81939,10.0395,10.1232,0.001
0.4846,0.5346,9.80194,10.021,10.114,0.001
0.4847,0.5347,9.81066,10.0164,10.1186,0.001
0.4848,0.5348,9.78449,10.0118,10.1,0.001
0.4849,0.5349,9.78449,10.021,10.0815,0.001
0.485,0.535,9.79757,10.0026,10.0676,0.001
0.4851,0.5351,9.78885,9.99801,10.0629,0.001
0.4852,0.5352,9.7714,9.99341,10.0398,0.001
0.4853,0.5353,9.78449,9.99341,10.0258,0.001
0.4854,0.5354,9.77576,9.9888,10.0073,0.001
0.4855,0.5355,9.76704,9.96117,9.99339,0.001
0.4856,0.5356,9.75395,9.97498,9.98875,0.001
0.4857,0.5357,9.75831,9.95656,9.96556,0.001
0.4858,0.5358,9.74523,9.92893,9.95629,0.001
0.4859,0.5359,9.7365,9.93814,9.95165,0.001
0.486,0.536,9.72778,9.9105,9.93774,0.001
0.4861,0.5361,9.72778,9.9105,9.91919,0.001
0.4862,0.5362,9.71469,9.89668,9.90528,0.001
0.4863,0.5363,9.71905,9.89668,9.89601,0.001
0.4864,0.5364,9.71905,9.89208,9.88209,0.001
0.4865,0.5365,9.71033,9.87826,9.87746,0.001
0.4866,0.5366,9.70161,9.85063,9.86818,0.001
0.4867,0.5367,9.69288,9.85063,9.85427,0.001
0.4868,0.5368,9.69724,9.8322,9.83572,0.001
0.4869,0.5369,9.68416,9.8276,9.83572,0.001
0.487,0.537,9.70161,9.80917,9.83108,0.001
0.4871,0.5371,9.69724,9.80917,9.81253,0.001
0.4872,0.5372,9.69724,9.79075,9.79862,0.001
0.4873,0.5373,9.71905,9.78614,9.7708,0.001
0.4874,0.5374,9.70597,9.76772,9.73834,0.001
0.4875,0.5375,9.71469,9.76772,9.73834,0.001
0.4876,0.5376,9.72342,9.7493,9.71979,0.001
0.4877,0.5377,9.71905,9.7539,9.71051,0.001
0.4878,0.5378,9.72778,9.75851,9.71051,0.001
0.4879,0.5379,9.7365,9.74009,9.68269,0.001
0.488,0.538,9.73214,9.73087,9.66878,0.001
0.4881,0.5381,9.74087,9.72627,9.65487,0.001
0.4882,0.5382,9.73214,9.70784,9.65487,0.001
0.4883,0.5383,9.72778,9.70324,9.62241,0.001
0.4884,0.5384,9.71905,9.70784,9.64095,0.001
0.4885,0.5385,9.72778,9.69403,9.63168,0.001
0.4886,0.5386,9.72778,9.70324,9.62704,0.001
0.4887,0.5387,9.70597,9.68482,9.59922,0.001
0.4888,0.5388,9.71033,9.66639,9.59458,0.001
0.4889,0.5389,9.70597,9.671,9.58994,0.001
0.489,0.539,9.69724,9.66179,9.57139,0.001
0.4891,0.5391,9.70597,9.66179,9.57603,0.001
0.4892,0.5392,9.68852,9.65257,9.55748,0.001
0.4893,0.5393,9.67543,9.64797,9.54821,0.001
0.4894,0.5394,9.67543,9.64336,9.54357,0.001
0.4895,0.5395,9.66671,9.63876,9.52038,0.001
0.4896,0.5396,9.66671,9.63415,9.52038,0.001
0.4897,0.5397,9.64926,9.62033,9.50647,0.001
0.4898,0.5398,9.65362,9.61573,9.50184,0.001
0.4899,0.5399,9.63617,9.62033,9.4972,0.001
0.49,0.54,9.63181,9.61112,9.47865,0.001
0.4901,0.5401,9.61872,9.5973,9.4601,0.001
0.4902,0.5402,9.61436,9.60191,9.45546,0.001
0.4903,0.5403,9.61,9.56967,9.44155,0.001
0.4904,0.5404,9.61436,9.55585,9.44619,0.001
0.4905,0.5405,9.60564,9.54203,9.41837,0.001
0.4906,0.5406,9.59691,9.53743,9.423,0.001
0.4907,0.5407,9.59691,9.519,9.39518,0.001
0.4908,0.5408,9.57946,9.52822,9.39518,0.001
0.4909,0.5409,9.57946,9.50519,9.39982,0.001
0.491,0.541,9.58383,9.49597,9.36735,0.001
0.4911,0.5411,9.58819,9.49597,9.35808,0.001
0.4912,0.5412,9.59691,9.47755,9.35344,0.001
0.4913,0.5413,9.57946,9.46373,9.35344,0.001
0.4914,0.5414,9.57946,9.45913,9.32562,0.001
0.4915,0.5415,9.57946,9.45913,9.32562,0.001
0.4916,0.5416,9.58819,9.4361,9.31171,0.001
0.4917,0.5417,9.58383,9.4361,9.30243,0.001
0.4918,0.5418,9.59691,9.43149,9.27461,0.001
0.4919,0.5419,9.58819,9.42228,9.29316,0.001
0.492,0.542,9.60127,9.42228,9.26997,0.001
0.4921,0.5421,9.61,9.41768,9.25142,0.001
0.4922,0.5422,9.60564,9.41307,9.23287,0.001
0.4923,0.5423,9.61436,9.39004,9.25606,0.001
0.4924,0.5424,9.60564,9.40846,9.23751,0.001
0.4925,0.5425,9.59255,9.36701,9.23751,0.001
0.4926,0.5426,9.61872,9.37622,9.20041,0.001
0.4927,0.5427,9.60564,9.38083,9.20505,0.001
0.4928,0.5428,9.60564,9.37162,9.20041,0.001
0.4929,0.5429,9.59691,9.36241,9.17259,0.001
0.493,0.543,9.61436,9.3578,9.15404,0.001
0.4931,0.5431,9.60564,9.36701,9.15868,0.001
0.4932,0.5432,9.60564,9.34859,9.1494,0.001
0.4933,0.5433,9.60564,9.3578,9.13549,0.001
0.4934,0.5434,9.59691,9.34398,9.12622,0.001
0.4935,0.5435,9.60564,9.34859,9.12622,0.001
0.4936,0.5436,9.59691,9.34398,9.10767,0.001
0.4937,0.5437,9.58819,9.33477,9.13085,0.001
0.4938,0.5438,9.58819,9.32556,9.10767,0.001
0.4939,0.5439,9.58383,9.33477,9.10303,0.001
0.494,0.544,9.5751,9.32095,9.09839,0.001
0.4941,0.5441,9.57074,9.31635,9.08448,0.001
0.4942,0.5442,9.55765,9.31174,9.07057,0.001
0.4943,0.5443,9.55765,9.30253,9.07984,0.001
0.4944,0.5444,9.54893,9.29332,9.06593,0.001
0.4945,0.5445,9.54457,9.2795,9.05666,0.001
0.4946,0.5446,9.54893,9.2749,9.07057,0.001
0.4947,0.5447,9.53584,9.26108,9.04738,0.001
0.4948,0.5448,9.53148,9.26568,9.05202,0.001
0.4949,0.5449,9.51839,9.24726,9.03347,0.001
0.495,0.545,9.51403,9.23805,9.0242,0.001
0.4951,0.5451,9.50967,9.22884,9.02883,0.001
0.4952,0.5452,9.5053,9.22884,9.01028,0.001
0.4953,0.5453,9.51839,9.21502,9.00101,0.001
0.4954,0.5454,9.50094,9.2012,9.00101,0.001
0.4955,0.5455,9.50094,9.20581,8.99174,0.001
0.4956,0.5456,9.51403,9.2012,8.97782,0.001
0.4957,0.5457,9.51403,9.1966,8.96391,0.001
0.4958,0.5458,9.51839,9.19199,8.95,0.001
0.4959,0.5459,9.51839,9.19199,8.95927,0.001
0.496,0.546,9.52712,9.18738,8.94536,0.001
0.4961,0.5461,9.51839,9.18278,8.94073,0.001
0.4962,0.5462,9.52712,9.18278,8.93609,0.001
0.4963,0.5463,9.53148,9.16896,8.91754,0.001
0.4964,0.5464,9.53148,9.16435,8.91754,0.001
0.4965,0.5465,9.53148,9.15975,8.89899,0.001
0.4966,0.5466,9.5402,9.17357,8.91754,0.001
0.4967,0.5467,9.53584,9.15975,8.90827,0.001
0.4968,0.5468,9.53148,9.15514,8.92681,0.001
0.4969,0.5469,9.53148,9.16896,8.90827,0.001
0.497,0.547,9.52712,9.18278,8.9129,0.001
0.4971,0.5471,9.52275,9.16896,8.89435,0.001
0.4972,0.5472,9.52275,9.15514,8.88972,0.001
0.4973,0.5473,9.53148,9.17357,8.89435,0.001
0.4974,0.5474,9.52275,9.17817,8.88972,0.001
0.4975,0.5475,9.51403,9.15054,8.8758,0.001
0.4976,0.5476,9.52712,9.16435,8.86189,0.001
0.4977,0.5477,9.52712,9.15514,8.85725,0.001
0.4978,0.5478,9.54457,9.16435,8.86189,0.001
0.4979,0.5479,9.53148,9.16435,8.83871,0.001
0.498,0.548,9.53584,9.16435,8.83871,0.001
0.4981,0.5481,9.53148,9.17357,8.84334,0.001
0.4982,0.5482,9.53584,9.16435,8.82479,0.001
0.4983,0.5483,9.52712,9.17357,8.82479,0.001
0.4984,0.5484,9.53584,9.16435,8.82016,0.001
0.4985,0.5485,9.53148,9.16896,8.80624,0.001
0.4986,0.5486,9.52275,9.15975,8.82479,0.001
0.4987,0.5487,9.52275,9.15054,8.81088,0.001
0.4988,0.5488,9.53148,9.15514,8.80161,0.001
0.4989,0.5489,9.51403,9.14133,8.82016,0.001
0.499,0.549,9.50094,9.13211,8.81088,0.001
0.4991,0.5491,9.5053,9.13211,8.80161,0.001
0.4992,0.5492,9.50094,9.1183,8.80624,0.001
0.4993,0.5493,9.48786,9.1229,8.79697,0.001
0.4994,0.5494,9.50967,9.1229,8.79233,0.001
0.4995,0.5495,9.49658,9.1183,8.79233,0.001
0.4996,0.5496,9.49222,9.11369,8.79233,0.001
0.4997,0.5497,9.47913,9.09987,8.80161,0.001
0.4998,0.5498,9.48786,9.10448,8.79233,0.001
0.4999,0.5499,9.50094,9.09527,8.76915,0.001
0.5,0.55,9.48349,9.10908,8.79233,0.001
