time,time_sim,p_s1_bar,p_s2_bar,p_s3_bar,valve_theta
-0.0499,0.0001,4.05834,3.80452,3.47228,1
-0.0498,0.0002,4.04961,3.79991,3.48619,1
-0.0497,0.0003,4.04961,3.80452,3.47691,1
-0.0496,0.0004,4.05834,3.81833,3.48155,1
-0.0495,0.0005,4.07142,3.79531,3.47691,1
-0.0494,0.0006,4.04961,3.81833,3.47691,1
-0.0493,0.0007,4.05834,3.81833,3.47228,1
-0.0492,0.0008,4.07142,3.81833,3.48619,1
-0.0491,0.0009,4.0627,3.82294,3.48619,1
-0.049,0.001,4.06706,3.79991,3.48155,1
-0.0489,0.0011,4.0627,3.80912,3.47228,1
-0.0488,0.0012,4.06706,3.81373,3.463,1
-0.0487,0.0013,4.05834,3.81373,3.48619,1
-0.0486,0.0014,4.04961,3.82294,3.46764,1
-0.0485,0.0015,4.05834,3.81373,3.47228,1
-0.0484,0.0016,4.05834,3.81833,3.47691,1
-0.0483,0.0017,4.0627,3.81833,3.46764,1
-0.0482,0.0018,4.05834,3.80452,3.463,1
-0.0481,0.0019,4.0627,3.81833,3.46764,1
-0.048,0.002,4.04525,3.80912,3.47691,1
-0.0479,0.0021,4.06706,3.81373,3.47691,1
-0.0478,0.0022,4.04961,3.80452,3.47228,1
-0.0477,0.0023,4.06706,3.80452,3.48155,1
-0.0476,0.0024,4.06706,3.80452,3.463,1
-0.0475,0.0025,4.0627,3.80912,3.47228,1
-0.0474,0.0026,4.0627,3.81833,3.48155,1
-0.0473,0.0027,4.05834,3.81833,3.463,1
-0.0472,0.0028,4.0627,3.82294,3.47228,1
-0.0471,0.0029,4.05834,3.82294,3.47228,0.999818
-0.047,0.003,4.05397,3.80452,3.48619,1
-0.0469,0.0031,4.07142,3.81833,3.47691,1
-0.0468,0.0032,4.07142,3.80912,3.47691,1
-0.0467,0.0033,4.06706,3.82294,3.46764,1
-0.0466,0.0034,4.06706,3.81833,3.47691,1
-0.0465,0.0035,4.06706,3.82294,3.47228,1
-0.0464,0.0036,4.05834,3.81833,3.48619,1
-0.0463,0.0037,4.0627,3.82755,3.47691,1
-0.0462,0.0038,4.07142,3.81373,3.47691,1
-0.0461,0.0039,4.06706,3.81373,3.45373,1
-0.046,0.004,4.07578,3.80912,3.47691,1
-0.0459,0.0041,4.04961,3.80912,3.47228,1
-0.0458,0.0042,4.0627,3.7907,3.47691,1
-0.0457,0.0043,4.05834,3.80452,3.47691,0.999818
-0.0456,0.0044,4.04961,3.82294,3.48155,1
-0.0455,0.0045,4.05834,3.79991,3.47691,1
-0.0454,0.0046,4.05834,3.80452,3.48155,1
-0.0453,0.0047,4.05834,3.80452,3.463,1
-0.0452,0.0048,4.06706,3.80912,3.47228,1
-0.0451,0.0049,4.05397,3.79991,3.47691,1
-0.045,0.005,4.05834,3.80912,3.47691,1
-0.0449,0.0051,4.0627,3.81373,3.46764,1
-0.0448,0.0052,4.06706,3.81373,3.46764,1
-0.0447,0.0053,4.0627,3.81373,3.46764,1
-0.0446,0.0054,4.0627,3.80912,3.463,1
-0.0445,0.0055,4.0627,3.80452,3.48155,1
-0.0444,0.0056,4.05834,3.80452,3.47691,1
-0.0443,0.0057,4.0627,3.80912,3.5001,1
-0.0442,0.0058,4.05397,3.81833,3.48155,1
-0.0441,0.0059,4.0627,3.80452,3.47228,0.999818
-0.044,0.006,4.06706,3.80452,3.47691,1
-0.0439,0.0061,4.07142,3.79531,3.49546,1
-0.0438,0.0062,4.05834,3.79531,3.47691,1
-0.0437,0.0063,4.07142,3.82294,3.49546,1
-0.0436,0.0064,4.0627,3.81373,3.463,1
-0.0435,0.0065,4.07142,3.82294,3.48619,1
-0.0434,0.0066,4.06706,3.80912,3.48619,1
-0.0433,0.0067,4.0627,3.80912,3.47228,1
-0.0432,0.0068,4.05834,3.80912,3.47691,1
-0.0431,0.0069,4.0627,3.80912,3.48155,1
-0.043,0.007,4.04961,3.81373,3.48155,1
-0.0429,0.0071,4.04525,3.81373,3.46764,1
-0.0428,0.0072,4.05834,3.81833,3.463,0.998215
-0.0427,0.0073,4.06706,3.81373,3.46764,1
-0.0426,0.0074,4.05834,3.80912,3.47228,0.999818
-0.0425,0.0075,4.05834,3.80912,3.47691,1
-0.0424,0.0076,4.0627,3.80452,3.47691,0.999818
-0.0423,0.0077,4.07142,3.81833,3.47691,1
-0.0422,0.0078,4.06706,3.81373,3.47228,0.999818
-0.0421,0.0079,4.0627,3.81833,3.48155,1
-0.042,0.008,4.05397,3.81373,3.47228,1
-0.0419,0.0081,4.06706,3.80912,3.47691,1
-0.0418,0.0082,4.06706,3.79991,3.48619,1
-0.0417,0.0083,4.08015,3.79531,3.49083,0.999818
-0.0416,0.0084,4.07578,3.82755,3.48155,1
-0.0415,0.0085,4.07142,3.81373,3.49083,0.999818
-0.0414,0.0086,4.0627,3.80452,3.47691,0.998749
-0.0413,0.0087,4.0627,3.81373,3.48619,0.999818
-0.0412,0.0088,4.07142,3.80452,3.47691,1
-0.0411,0.0089,4.06706,3.79531,3.49546,0.999284
-0.041,0.009,4.06706,3.80452,3.49083,1
-0.0409,0.0091,4.07142,3.81373,3.46764,1
-0.0408,0.0092,4.0627,3.83215,3.45373,0.999818
-0.0407,0.0093,4.07142,3.80452,3.45373,1
-0.0406,0.0094,4.0627,3.81833,3.463,0.999818
-0.0405,0.0095,4.06706,3.81373,3.47228,0.999818
-0.0404,0.0096,4.06706,3.80452,3.49083,1
-0.0403,0.0097,4.07578,3.80452,3.48619,0.998215
-0.0402,0.0098,4.07142,3.79991,3.48155,0.999818
-0.0401,0.0099,4.05834,3.80452,3.50474,1
-0.04,0.01,4.08015,3.78149,3.50474,0.997143
-0.0399,0.0101,4.06706,3.78149,3.51401,0.998749
-0.0398,0.0102,4.07142,3.79531,3.50937,0.996075
-0.0397,0.0103,4.0627,3.7907,3.47228,1
-0.0396,0.0104,4.07578,3.7907,3.48619,1
-0.0395,0.0105,4.0627,3.80912,3.5001,1
-0.0394,0.0106,4.07578,3.79991,3.48619,0.998215
-0.0393,0.0107,4.07142,3.80452,3.47228,0.995006
-0.0392,0.0108,4.0627,3.81373,3.45836,0.998749
-0.0391,0.0109,4.05834,3.80912,3.45836,0.999818
-0.039,0.011,4.06706,3.79991,3.48155,0.997143
-0.0389,0.0111,4.07578,3.80452,3.48155,1
-0.0388,0.0112,4.07142,3.80452,3.5001,0.992869
-0.0387,0.0113,4.07142,3.81833,3.49546,0.998215
-0.0386,0.0114,4.07142,3.81373,3.49546,0.999818
-0.0385,0.0115,4.07142,3.80912,3.51401,0.997681
-0.0384,0.0116,4.07142,3.81373,3.50474,0.998749
-0.0383,0.0117,4.07578,3.82755,3.49546,0.998215
-0.0382,0.0118,4.07578,3.83676,3.50937,0.997681
-0.0381,0.0119,4.07578,3.83215,3.49546,0.994472
-0.038,0.012,4.07578,3.83676,3.48619,0.998215
-0.0379,0.0121,4.08015,3.82755,3.47228,0.998215
-0.0378,0.0122,4.0627,3.83676,3.43982,0.998215
-0.0377,0.0123,4.07578,3.83215,3.44445,0.997681
-0.0376,0.0124,4.07578,3.83676,3.43982,0.996609
-0.0375,0.0125,4.06706,3.82294,3.43982,0.996075
-0.0374,0.0126,4.08015,3.80452,3.45836,0.998749
-0.0373,0.0127,4.08451,3.81373,3.45373,1
-0.0372,0.0128,4.08015,3.81833,3.49546,0.998215
-0.0371,0.0129,4.07142,3.82294,3.48619,1
-0.037,0.013,4.08015,3.81833,3.50474,1
-0.0369,0.0131,4.08451,3.82755,3.48619,1
-0.0368,0.0132,4.08451,3.82755,3.49546,1
-0.0367,0.0133,4.07578,3.80912,3.50474,0.996609
-0.0366,0.0134,4.0976,3.82294,3.52329,0.996609
-0.0365,0.0135,4.07578,3.81833,3.50474,0.996075
-0.0364,0.0136,4.06706,3.80912,3.49546,0.993938
-0.0363,0.0137,4.0627,3.80452,3.51401,0.999818
-0.0362,0.0138,4.0627,3.80452,3.48619,0.999818
-0.0361,0.0139,4.05397,3.82755,3.463,0.999284
-0.036,0.014,4.05397,3.80912,3.44909,0.997143
-0.0359,0.0141,4.0627,3.80912,3.43982,0.993404
-0.0358,0.0142,4.05397,3.80452,3.47691,0.997143
-0.0357,0.0143,4.04961,3.82294,3.47691,0.996075
-0.0356,0.0144,4.04089,3.82755,3.43982,0.997143
-0.0355,0.0145,4.05834,3.85518,3.463,0.999818
-0.0354,0.0146,4.05397,3.84597,3.49083,1
-0.0353,0.0147,4.05397,3.84597,3.49546,0.999284
-0.0352,0.0148,4.05397,3.84136,3.45836,0.999284
-0.0351,0.0149,4.04961,3.86439,3.48155,0.996609
-0.035,0.015,4.04525,3.83676,3.50474,0.997681
-0.0349,0.0151,4.05397,3.82755,3.50474,0.995541
-0.0348,0.0152,4.04961,3.79991,3.49083,0.996075
-0.0347,0.0153,4.04525,3.79991,3.50474,0.994472
-0.0346,0.0154,4.0627,3.7907,3.51401,0.996075
-0.0345,0.0155,4.05397,3.7907,3.50937,0.994472
-0.0344,0.0156,4.04961,3.78149,3.49546,0.995006
-0.0343,0.0157,4.04961,3.76307,3.49083,0.997143
-0.0342,0.0158,4.05397,3.77688,3.48155,0.997681
-0.0341,0.0159,4.0627,3.78609,3.49546,0.998749
-0.034,0.016,4.0627,3.79991,3.45373,0.998215
-0.0339,0.0161,4.06706,3.81373,3.49083,1
-0.0338,0.0162,4.06706,3.80912,3.5001,0.997143
-0.0337,0.0163,4.07142,3.81373,3.50937,0.995541
-0.0336,0.0164,4.06706,3.82294,3.48155,0.998215
-0.0335,0.0165,4.07578,3.80452,3.49546,0.999284
-0.0334,0.0166,4.07578,3.81373,3.49546,0.997143
-0.0333,0.0167,4.07578,3.80452,3.48619,0.996609
-0.0332,0.0168,4.06706,3.82755,3.48619,0.993938
-0.0331,0.0169,4.07142,3.80452,3.5001,0.993938
-0.033,0.017,4.0627,3.79531,3.52792,0.995006
-0.0329,0.0171,4.0627,3.78609,3.49083,0.994472
-0.0328,0.0172,4.05834,3.79991,3.49083,0.996075
-0.0327,0.0173,4.0627,3.79991,3.49546,0.993938
-0.0326,0.0174,4.07142,3.79531,3.48619,0.997681
-0.0325,0.0175,4.06706,3.82755,3.49083,0.996609
-0.0324,0.0176,4.08015,3.84136,3.47691,0.996609
-0.0323,0.0177,4.08015,3.85057,3.48155,0.994472
-0.0322,0.0178,4.08451,3.86439,3.49546,0.998215
-0.0321,0.0179,4.08887,3.869,3.47691,0.997143
-0.032,0.018,4.08451,3.86439,3.47228,0.995541
-0.0319,0.0181,4.0976,3.84597,3.46764,0.992335
-0.0318,0.0182,4.08451,3.85057,3.463,0.994472
-0.0317,0.0183,4.10196,3.85057,3.46764,0.996075
-0.0316,0.0184,4.08887,3.85978,3.5001,0.994472
-0.0315,0.0185,4.0976,3.84136,3.51865,0.993938
-0.0314,0.0186,4.08015,3.85518,3.51865,0.991267
-0.0313,0.0187,4.08887,3.81373,3.5372,0.996075
-0.0312,0.0188,4.07578,3.79531,3.52792,0.991801
-0.0311,0.0189,4.06706,3.78149,3.51865,0.995006
-0.031,0.019,4.05834,3.78609,3.50474,0.994472
-0.0309,0.0191,4.0627,3.80912,3.51865,0.993404
-0.0308,0.0192,4.05397,3.79531,3.52329,0.991801
-0.0307,0.0193,4.08451,3.79991,3.50937,0.996075
-0.0306,0.0194,4.09323,3.80452,3.50937,0.995006
-0.0305,0.0195,4.10632,3.83676,3.49546,0.993404
-0.0304,0.0196,4.08887,3.83215,3.50937,0.995006
-0.0303,0.0197,4.0976,3.83215,3.48619,0.995006
-0.0302,0.0198,4.08451,3.81833,3.47228,0.995006
-0.0301,0.0199,4.08015,3.80912,3.47228,0.990732
-0.03,0.02,4.04961,3.82755,3.46764,0.995006
-0.0299,0.0201,4.03653,3.82294,3.47228,0.995006
-0.0298,0.0202,4.05834,3.83215,3.47228,0.993404
-0.0297,0.0203,4.05397,3.84136,3.45836,0.995006
-0.0296,0.0204,4.03653,3.82755,3.49083,0.993404
-0.0295,0.0205,4.03653,3.81833,3.46764,0.992335
-0.0294,0.0206,4.0278,3.81833,3.48619,0.994472
-0.0293,0.0207,4.04089,3.81373,3.50937,0.991801
-0.0292,0.0208,4.04961,3.81373,3.50937,0.992869
-0.0291,0.0209,4.07142,3.79531,3.49083,0.992869
-0.029,0.021,4.07578,3.83676,3.5001,0.990732
-0.0289,0.0211,4.07142,3.85057,3.5001,0.995541
-0.0288,0.0212,4.08451,3.85518,3.51401,0.992869
-0.0287,0.0213,4.05834,3.85057,3.51865,0.993404
-0.0286,0.0214,4.05397,3.84597,3.50937,0.987524
-0.0285,0.0215,4.07142,3.84597,3.48155,0.991267
-0.0284,0.0216,4.05834,3.83676,3.47228,0.994472
-0.0283,0.0217,4.06706,3.82755,3.49083,0.990732
-0.0282,0.0218,4.04089,3.84597,3.49546,0.993404
-0.0281,0.0219,4.03653,3.84597,3.49546,0.989664
-0.028,0.022,4.0278,3.82755,3.50474,0.993404
-0.0279,0.0221,4.04961,3.81373,3.50474,0.993938
-0.0278,0.0222,4.05397,3.80452,3.52329,0.994472
-0.0277,0.0223,4.06706,3.83215,3.53256,0.995541
-0.0276,0.0224,4.08451,3.82755,3.52792,0.992335
-0.0275,0.0225,4.10632,3.80452,3.53256,0.995541
-0.0274,0.0226,4.13249,3.80912,3.51865,0.996609
-0.0273,0.0227,4.11941,3.81833,3.52329,0.993938
-0.0272,0.0228,4.12377,3.79991,3.52792,0.993938
-0.0271,0.0229,4.11504,3.81833,3.51401,0.993404
-0.027,0.023,4.13249,3.82294,3.50937,0.992335
-0.0269,0.0231,4.13249,3.79991,3.50937,0.993938
-0.0268,0.0232,4.11504,3.81373,3.5001,0.996609
-0.0267,0.0233,4.08451,3.81373,3.49083,0.991267
-0.0266,0.0234,4.08887,3.84597,3.49546,0.994472
-0.0265,0.0235,4.05397,3.84136,3.48155,0.992869
-0.0264,0.0236,4.04525,3.85978,3.47228,0.992335
-0.0263,0.0237,4.03216,3.87821,3.46764,0.995006
-0.0262,0.0238,4.03653,3.8736,3.48619,0.993404
-0.0261,0.0239,4.07578,3.85518,3.47691,0.992335
-0.026,0.024,4.07142,3.85978,3.46764,0.993404
-0.0259,0.0241,4.04961,3.85978,3.49546,0.993938
-0.0258,0.0242,4.07578,3.84597,3.48619,0.992869
-0.0257,0.0243,4.0976,3.84136,3.49546,0.992335
-0.0256,0.0244,4.10196,3.84597,3.5001,0.993938
-0.0255,0.0245,4.10196,3.83215,3.50937,0.991267
-0.0254,0.0246,4.07578,3.81833,3.51401,0.992335
-0.0253,0.0247,4.07578,3.81373,3.51865,0.989664
-0.0252,0.0248,4.06706,3.80452,3.51401,0.992335
-0.0251,0.0249,4.05397,3.81373,3.50474,0.996609
-0.025,0.025,4.05834,3.80452,3.51401,0.992869
-0.0249,0.0251,4.04525,3.81373,3.51401,0.992869
-0.0248,0.0252,4.0627,3.7907,3.48619,0.995006
-0.0247,0.0253,4.05397,3.81373,3.49083,0.992869
-0.0246,0.0254,4.04961,3.80452,3.48619,0.993938
-0.0245,0.0255,4.03216,3.81833,3.50937,0.992869
-0.0244,0.0256,4.04089,3.80912,3.49083,0.992335
-0.0243,0.0257,4.01035,3.83676,3.49083,0.993404
-0.0242,0.0258,4.04525,3.83215,3.5001,0.993404
-0.0241,0.0259,4.07578,3.81833,3.50937,0.993938
-0.024,0.026,4.08451,3.82755,3.49546,0.992869
-0.0239,0.0261,4.0976,3.85518,3.50474,0.993404
-0.0238,0.0262,4.11504,3.85057,3.47228,0.989664
-0.0237,0.0263,4.11941,3.84597,3.48619,0.991801
-0.0236,0.0264,4.10196,3.84136,3.48619,0.991801
-0.0235,0.0265,4.08451,3.82294,3.49083,0.991801
-0.0234,0.0266,4.10632,3.80912,3.49083,0.993938
-0.0233,0.0267,4.11068,3.83215,3.5001,0.996609
-0.0232,0.0268,4.06706,3.83676,3.49083,0.990198
-0.0231,0.0269,4.05397,3.82755,3.48619,0.991801
-0.023,0.027,4.04961,3.83215,3.48155,0.993404
-0.0229,0.0271,4.0627,3.82755,3.49083,0.989664
-0.0228,0.0272,4.04961,3.83215,3.47691,0.986989
-0.0227,0.0273,4.05834,3.84136,3.49546,0.991801
-0.0226,0.0274,4.06706,3.84597,3.49546,0.990198
-0.0225,0.0275,4.07142,3.85518,3.49546,0.98913
-0.0224,0.0276,4.07142,3.85518,3.49546,0.991801
-0.0223,0.0277,4.08015,3.85057,3.50474,0.992335
-0.0222,0.0278,4.0976,3.85057,3.51401,0.992335
-0.0221,0.0279,4.08451,3.84597,3.51865,0.993404
-0.022,0.028,4.08887,3.84136,3.50474,0.990732
-0.0219,0.0281,4.11068,3.82755,3.49546,0.989664
-0.0218,0.0282,4.13249,3.82294,3.50474,0.991801
-0.0217,0.0283,4.12377,3.81373,3.51401,0.992335
-0.0216,0.0284,4.09323,3.82294,3.52792,0.992335
-0.0215,0.0285,4.0976,3.80912,3.51865,0.992335
-0.0214,0.0286,4.0976,3.81373,3.53256,0.991801
-0.0213,0.0287,4.06706,3.83676,3.51401,0.990198
-0.0212,0.0288,4.05834,3.82755,3.52329,0.990198
-0.0211,0.0289,4.07142,3.81373,3.51865,0.989664
-0.021,0.029,4.05397,3.82294,3.50937,0.993938
-0.0209,0.0291,4.06706,3.83676,3.50937,0.993404
-0.0208,0.0292,4.0627,3.84597,3.50937,0.992869
-0.0207,0.0293,4.07142,3.84136,3.49546,0.990732
-0.0206,0.0294,4.06706,3.83676,3.49083,0.993938
-0.0205,0.0295,4.0627,3.85518,3.47691,0.993404
-0.0204,0.0296,4.0627,3.81833,3.47691,0.991267
-0.0203,0.0297,4.07142,3.81373,3.47228,0.991801
-0.0202,0.0298,4.05834,3.78609,3.47228,0.991801
-0.0201,0.0299,4.06706,3.7907,3.49083,0.98913
-0.02,0.03,4.07142,3.79991,3.48155,0.98913
-0.0199,0.0301,4.06706,3.80452,3.49083,0.986989
-0.0198,0.0302,4.06706,3.79991,3.47691,0.991267
-0.0197,0.0303,4.05834,3.78149,3.48155,0.990732
-0.0196,0.0304,4.09323,3.78609,3.49546,0.990732
-0.0195,0.0305,4.0976,3.79991,3.49546,0.990732
-0.0194,0.0306,4.06706,3.82294,3.50937,0.995006
-0.0193,0.0307,4.05834,3.81833,3.50937,0.992335
-0.0192,0.0308,4.05834,3.85518,3.51401,0.990732
-0.0191,0.0309,4.07142,3.85518,3.51865,0.989664
-0.019,0.031,4.0627,3.85057,3.51401,0.990198
-0.0189,0.0311,4.04089,3.84597,3.51401,0.993404
-0.0188,0.0312,4.04525,3.83215,3.5001,0.98913
-0.0187,0.0313,4.02344,3.82294,3.47228,0.991267
-0.0186,0.0314,4.0278,3.83215,3.47228,0.990732
-0.0185,0.0315,4.04961,3.82294,3.45373,0.991267
-0.0184,0.0316,4.07142,3.80452,3.47228,0.990732
-0.0183,0.0317,4.07142,3.81373,3.45373,0.992335
-0.0182,0.0318,4.0627,3.81373,3.47691,0.997143
-0.0181,0.0319,4.08451,3.80912,3.50937,0.991801
-0.018,0.032,4.08451,3.79991,3.50937,0.992335
-0.0179,0.0321,4.0976,3.80452,3.51401,0.992335
-0.0178,0.0322,4.08887,3.83215,3.50937,0.992869
-0.0177,0.0323,4.08451,3.82294,3.51401,0.991267
-0.0176,0.0324,4.08451,3.80912,3.52792,0.992869
-0.0175,0.0325,4.08015,3.84136,3.52792,0.993404
-0.0174,0.0326,4.07578,3.85518,3.50937,0.990732
-0.0173,0.0327,4.07578,3.85518,3.5001,0.992335
-0.0172,0.0328,4.06706,3.85057,3.49546,0.992335
-0.0171,0.0329,4.04961,3.85518,3.49083,0.996075
-0.017,0.033,4.04089,3.86439,3.49083,0.992335
-0.0169,0.0331,4.04089,3.85057,3.50937,0.992335
-0.0168,0.0332,4.07142,3.84597,3.50937,0.994472
-0.0167,0.0333,4.04961,3.85057,3.52329,0.991267
-0.0166,0.0334,4.03653,3.85518,3.51865,0.992335
-0.0165,0.0335,4.04525,3.83215,3.51865,0.991801
-0.0164,0.0336,4.05834,3.83676,3.49546,0.992869
-0.0163,0.0337,4.0627,3.82294,3.49546,0.991267
-0.0162,0.0338,4.07142,3.81833,3.48619,0.989664
-0.0161,0.0339,4.08451,3.82294,3.49546,0.991267
-0.016,0.034,4.07578,3.80452,3.47691,0.995541
-0.0159,0.0341,4.07142,3.82294,3.46764,0.991801
-0.0158,0.0342,4.0627,3.81373,3.48155,0.992869
-0.0157,0.0343,4.0627,3.79991,3.48619,0.992869
-0.0156,0.0344,4.05397,3.81373,3.48155,0.98913
-0.0155,0.0345,4.03653,3.81833,3.48619,0.990198
-0.0154,0.0346,4.03216,3.81373,3.46764,0.995006
-0.0153,0.0347,4.0278,3.80912,3.46764,0.989664
-0.0152,0.0348,4.03653,3.81833,3.46764,0.991267
-0.0151,0.0349,4.04525,3.84136,3.45373,0.993938
-0.015,0.035,4.03653,3.82755,3.43518,0.991267
-0.0149,0.0351,4.04525,3.80912,3.44909,0.990732
-0.0148,0.0352,4.0627,3.83215,3.43982,0.990732
-0.0147,0.0353,4.04961,3.82755,3.47691,0.989664
-0.0146,0.0354,4.05834,3.82294,3.48155,0.992335
-0.0145,0.0355,4.08451,3.80452,3.49083,0.992335
-0.0144,0.0356,4.09323,3.83215,3.49083,0.992335
-0.0143,0.0357,4.09323,3.83676,3.51401,0.992335
-0.0142,0.0358,4.10196,3.82294,3.51401,0.993404
-0.0141,0.0359,4.08887,3.82755,3.52329,0.991267
-0.014,0.036,4.08887,3.81373,3.51865,0.991801
-0.0139,0.0361,4.08451,3.80452,3.52792,0.993938
-0.0138,0.0362,4.10632,3.79991,3.51865,0.992335
-0.0137,0.0363,4.09323,3.78149,3.49083,0.991801
-0.0136,0.0364,4.09323,3.79991,3.48155,0.989664
-0.0135,0.0365,4.09323,3.78149,3.49083,0.991801
-0.0134,0.0366,4.07578,3.78609,3.5001,0.990732
-0.0133,0.0367,4.07578,3.79531,3.51401,0.988058
-0.0132,0.0368,4.06706,3.81833,3.51401,0.991267
-0.0131,0.0369,4.07142,3.83676,3.50474,0.990732
-0.013,0.037,4.08015,3.82294,3.47691,0.991801
-0.0129,0.0371,4.07578,3.83215,3.47691,0.995006
-0.0128,0.0372,4.06706,3.83676,3.49083,0.992335
-0.0127,0.0373,4.07142,3.85057,3.48619,0.991801
-0.0126,0.0374,4.08015,3.84136,3.49546,0.991267
-0.0125,0.0375,4.08887,3.84136,3.52329,0.992869
-0.0124,0.0376,4.07578,3.81373,3.52792,0.991801
-0.0123,0.0377,4.06706,3.80912,3.54183,0.991801
-0.0122,0.0378,4.06706,3.81373,3.52792,0.991267
-0.0121,0.0379,4.07578,3.83676,3.5001,0.992869
-0.012,0.038,4.07578,3.84136,3.50937,0.990198
-0.0119,0.0381,4.07578,3.84136,3.50937,0.989664
-0.0118,0.0382,4.07578,3.84136,3.50474,0.991801
-0.0117,0.0383,4.08015,3.82294,3.48155,0.997143
-0.0116,0.0384,4.07142,3.82755,3.49083,0.992335
-0.0115,0.0385,4.08015,3.81373,3.48619,0.992869
-0.0114,0.0386,4.05834,3.83215,3.48155,0.992335
-0.0113,0.0387,4.04089,3.79991,3.48155,0.995541
-0.0112,0.0388,4.0278,3.79531,3.48619,0.992335
-0.0111,0.0389,4.05397,3.7907,3.47691,0.991267
-0.011,0.039,4.04089,3.78149,3.49083,0.990732
-0.0109,0.0391,4.03216,3.7907,3.47228,0.989664
-0.0108,0.0392,4.03653,3.78609,3.50937,0.990198
-0.0107,0.0393,4.04089,3.80912,3.47691,0.991267
-0.0106,0.0394,4.04961,3.81373,3.50937,0.98913
-0.0105,0.0395,4.06706,3.80912,3.5001,0.992335
-0.0104,0.0396,4.07142,3.82755,3.51401,0.995541
-0.0103,0.0397,4.08451,3.83215,3.50937,0.991267
-0.0102,0.0398,4.09323,3.83215,3.5001,0.995006
-0.0101,0.0399,4.07578,3.82755,3.52329,0.995006
-0.01,0.04,4.06706,3.81373,3.51865,0.990732
-0.0099,0.0401,4.0627,3.83215,3.51401,0.995006
-0.0098,0.0402,4.08015,3.81373,3.50474,0.992869
-0.0097,0.0403,4.0627,3.81373,3.50937,0.989664
-0.0096,0.0404,4.07142,3.82294,3.5001,0.991801
-0.0095,0.0405,4.06706,3.82294,3.47691,0.992869
-0.0094,0.0406,4.0627,3.82294,3.46764,0.991267
-0.0093,0.0407,4.0627,3.79531,3.48155,0.992869
-0.0092,0.0408,4.05834,3.82294,3.46764,0.992869
-0.0091,0.0409,4.06706,3.83215,3.48155,0.990198
-0.009,0.041,4.05834,3.81833,3.48155,0.996075
-0.0089,0.0411,4.04961,3.82755,3.49546,0.993938
-0.0088,0.0412,4.05834,3.82294,3.50474,0.992869
-0.0087,0.0413,4.04961,3.83215,3.48155,0.994472
-0.0086,0.0414,4.05834,3.80912,3.49083,0.991801
-0.0085,0.0415,4.07578,3.82755,3.48155,0.993938
-0.0084,0.0416,4.07578,3.84136,3.48619,0.991801
-0.0083,0.0417,4.09323,3.85518,3.463,0.993404
-0.0082,0.0418,4.08451,3.84136,3.48155,0.993404
-0.0081,0.0419,4.07578,3.83676,3.48619,0.992869
-0.008,0.042,4.08451,3.81373,3.49083,0.993938
-0.0079,0.0421,4.08451,3.82294,3.50474,0.990198
-0.0078,0.0422,4.09323,3.82294,3.49546,0.993404
-0.0077,0.0423,4.07578,3.84136,3.49546,0.991801
-0.0076,0.0424,4.06706,3.83215,3.48155,0.995006
-0.0075,0.0425,4.05834,3.85518,3.48155,0.995541
-0.0074,0.0426,4.0627,3.84597,3.49083,0.992335
-0.0073,0.0427,4.07142,3.83215,3.51865,0.991267
-0.0072,0.0428,4.07578,3.84597,3.5001,0.992335
-0.0071,0.0429,4.08015,3.85518,3.47228,0.986455
-0.007,0.043,4.08015,3.83215,3.47228,0.990198
-0.0069,0.0431,4.05397,3.81373,3.47691,0.992869
-0.0068,0.0432,4.04089,3.82294,3.49083,0.990732
-0.0067,0.0433,4.03653,3.81373,3.51401,0.989664
-0.0066,0.0434,4.02344,3.78609,3.50937,0.988058
-0.0065,0.0435,4.04089,3.78149,3.50937,0.988592
-0.0064,0.0436,4.03653,3.78609,3.48619,0.989664
-0.0063,0.0437,4.04525,3.78149,3.49546,0.992335
-0.0062,0.0438,4.05397,3.78609,3.47691,0.992335
-0.0061,0.0439,4.06706,3.81373,3.47228,0.990198
-0.006,0.044,4.08451,3.80912,3.47691,0.986989
-0.0059,0.0441,4.08015,3.83215,3.47691,0.992335
-0.0058,0.0442,4.04961,3.82755,3.47228,0.98913
-0.0057,0.0443,4.04961,3.82755,3.47691,0.990198
-0.0056,0.0444,4.04961,3.82755,3.47228,0.989664
-0.0055,0.0445,4.04089,3.83215,3.48619,0.990198
-0.0054,0.0446,4.03216,3.82755,3.5001,0.995006
-0.0053,0.0447,4.01908,3.82755,3.48619,0.989664
-0.0052,0.0448,4.0278,3.81833,3.47691,0.987524
-0.0051,0.0449,4.04525,3.83676,3.47691,0.985387
-0.005,0.045,4.05397,3.82755,3.463,0.987524
-0.0049,0.0451,4.05834,3.84136,3.47691,0.985921
-0.0048,0.0452,4.06706,3.81833,3.49083,0.984852
-0.0047,0.0453,4.05397,3.79991,3.5001,0.986455
-0.0046,0.0454,4.07142,3.78149,3.48155,0.98325
-0.0045,0.0455,4.07578,3.7907,3.48619,0.987524
-0.0044,0.0456,4.08015,3.80452,3.48619,0.984318
-0.0043,0.0457,4.09323,3.81833,3.47228,0.98325
-0.0042,0.0458,4.09323,3.83676,3.46764,0.984852
-0.0041,0.0459,4.11068,3.85057,3.46764,0.984318
-0.004,0.046,4.09323,3.84136,3.43982,0.986455
-0.0039,0.0461,4.0976,3.85518,3.463,0.980041
-0.0038,0.0462,4.09323,3.85978,3.48155,0.980041
-0.0037,0.0463,4.10632,3.869,3.50937,0.980041
-0.0036,0.0464,4.10196,3.86439,3.50937,0.982715
-0.0035,0.0465,4.10196,3.85057,3.49546,0.982181
-0.0034,0.0466,4.07578,3.85057,3.47691,0.979507
-0.0033,0.0467,4.05834,3.83215,3.48155,0.980578
-0.0032,0.0468,4.03653,3.85978,3.50474,0.982715
-0.0031,0.0469,4.04525,3.869,3.53256,0.982181
-0.003,0.047,4.04525,3.85978,3.50474,0.983784
-0.0029,0.0471,4.07578,3.86439,3.47691,0.980578
-0.0028,0.0472,4.08887,3.85978,3.47691,0.980578
-0.0027,0.0473,4.10196,3.85518,3.463,0.97737
-0.0026,0.0474,4.12377,3.82755,3.47228,0.979507
-0.0025,0.0475,4.11504,3.84136,3.47691,0.977904
-0.0024,0.0476,4.11504,3.83215,3.46764,0.978972
-0.0023,0.0477,4.10632,3.82755,3.49083,0.981113
-0.0022,0.0478,4.09323,3.82294,3.49083,0.980578
-0.0021,0.0479,4.07578,3.81373,3.463,0.978438
-0.002,0.048,4.05834,3.81833,3.44445,0.980578
-0.0019,0.0481,4.04525,3.82755,3.44909,0.980041
-0.0018,0.0482,4.04961,3.82294,3.47691,0.978438
-0.0017,0.0483,4.03653,3.83676,3.47691,0.974164
-0.0016,0.0484,4.03216,3.85057,3.44445,0.97737
-0.0015,0.0485,4.04089,3.85518,3.42127,0.978438
-0.0014,0.0486,4.03653,3.84597,3.45373,0.975767
-0.0013,0.0487,4.04961,3.84136,3.47228,0.972561
-0.0012,0.0488,4.0627,3.83676,3.45373,0.969887
-0.0011,0.0489,4.0627,3.81833,3.40736,0.969887
-0.001,0.049,4.04961,3.80912,3.42127,0.968284
-0.0009,0.0491,4.07142,3.80912,3.45836,0.972561
-0.0008,0.0492,4.07578,3.79991,3.49546,0.974698
-0.0007,0.0493,4.08887,3.79531,3.463,0.972027
-0.0006,0.0494,4.09323,3.7907,3.44909,0.971493
-0.0005,0.0495,4.10632,3.78149,3.46764,0.968284
-0.0004,0.0496,4.09323,3.79531,3.49083,0.970421
-0.0003,0.0497,4.08015,3.78149,3.46764,0.969887
-0.0002,0.0498,4.07142,3.78609,3.463,0.966681
-0.0001,0.0499,4.05397,3.77688,3.45373,0.967216
0,0.05,4.04961,3.78609,3.48155,0.959733
0.0001,0.0501,4.01908,3.81833,3.48619,0.956527
0.0002,0.0502,4.01908,3.82294,3.46764,0.956527
0.0003,0.0503,4.03216,3.81833,3.44909,0.957596
0.0004,0.0504,4.04525,3.81373,3.43518,0.956527
0.0005,0.0505,4.04525,3.81833,3.46764,0.953319
0.0006,0.0506,4.0627,3.82755,3.47691,0.954925
0.0007,0.0507,4.08015,3.81833,3.48619,0.950647
0.0008,0.0508,4.08887,3.81833,3.47691,0.95225
0.0009,0.0509,4.10196,3.80912,3.50474,0.951716
0.001,0.051,4.08451,3.82294,3.54647,0.953319
0.0011,0.0511,4.08451,3.83676,3.50937,0.95225
0.0012,0.0512,4.07578,3.8736,3.47228,0.949045
0.0013,0.0513,4.06706,3.84597,3.463,0.950113
0.0014,0.0514,4.08015,3.80452,3.49083,0.944767
0.0015,0.0515,4.07578,3.78609,3.48619,0.939959
0.0016,0.0516,4.08015,3.78149,3.48619,0.939425
0.0017,0.0517,4.09323,3.80912,3.47691,0.938356
0.0018,0.0518,4.08451,3.84136,3.45836,0.934613
0.0019,0.0519,4.0976,3.81373,3.45836,0.928737
0.002,0.052,4.08887,3.79991,3.44909,0.929271
0.0021,0.0521,4.08887,3.81833,3.43518,0.927131
0.0022,0.0522,4.07142,3.82755,3.43982,0.918579
0.0023,0.0523,4.06706,3.82755,3.47228,0.91484
0.0024,0.0524,4.07142,3.82294,3.49083,0.907357
0.0025,0.0525,4.07142,3.79991,3.45836,0.898806
0.0026,0.0526,4.06706,3.82294,3.42127,0.898271
0.0027,0.0527,4.06706,3.80912,3.38881,0.887583
0.0028,0.0528,4.07578,3.78149,3.40736,0.880635
0.0029,0.0529,4.07142,3.77228,3.47228,0.876361
0.003,0.053,4.09323,3.78609,3.47228,0.865135
0.0031,0.0531,4.09323,3.81373,3.47691,0.85231
0.0032,0.0532,4.08451,3.82294,3.43518,0.85231
0.0033,0.0533,4.09323,3.79991,3.46764,0.841084
0.0034,0.0534,4.07142,3.79531,3.50474,0.83093
0.0035,0.0535,4.06706,3.81833,3.48155,0.825587
0.0036,0.0536,4.05397,3.84136,3.43982,0.819707
0.0037,0.0537,4.05397,3.7907,3.42127,0.810088
0.0038,0.0538,4.04525,3.76307,3.41663,0.799934
0.0039,0.0539,4.04525,3.75846,3.43054,0.784434
0.004,0.054,4.04089,3.82755,3.43054,0.771605
0.0041,0.0541,4.01471,3.84136,3.42127,0.764126
0.0042,0.0542,4.00163,3.82294,3.41199,0.748092
0.0043,0.0543,4.00599,3.81833,3.43518,0.740609
0.0044,0.0544,4.01471,3.82755,3.43054,0.726712
0.0045,0.0545,4.01035,3.85057,3.45373,0.710144
0.0046,0.0546,4.01035,3.81833,3.44445,0.694648
0.0047,0.0547,4.01035,3.7907,3.45836,0.680216
0.0048,0.0548,4.02344,3.79531,3.47691,0.669528
0.0049,0.0549,4.03653,3.82294,3.45373,0.650819
0.005,0.055,4.07578,3.82755,3.45836,0.644943
0.0051,0.0551,4.06706,3.79991,3.47228,0.636926
0.0052,0.0552,4.06706,3.78609,3.45836,0.623029
0.0053,0.0553,4.05834,3.76307,3.48619,0.615546
0.0054,0.0554,4.04961,3.79991,3.49083,0.595238
0.0055,0.0555,4.05397,3.83215,3.48619,0.583481
0.0056,0.0556,4.04961,3.80912,3.46764,0.573327
0.0057,0.0557,4.03216,3.7907,3.5001,0.55943
0.0058,0.0558,4.02344,3.79991,3.52792,0.553016
0.0059,0.0559,4.0627,3.80912,3.52329,0.551413
0.006,0.056,4.08451,3.77688,3.49546,0.542328
0.0061,0.0561,4.04961,3.74004,3.48619,0.534311
0.0062,0.0562,4.03653,3.74464,3.53256,0.533777
0.0063,0.0563,4.0278,3.76307,3.55575,0.517743
0.0064,0.0564,4.0278,3.78149,3.54647,0.507589
0.0065,0.0565,4.05397,3.77688,3.56038,0.502243
0.0066,0.0566,4.05397,3.75386,3.61139,0.495832
0.0067,0.0567,4.03216,3.75386,3.63458,0.484606
0.0068,0.0568,3.99727,3.75846,3.62994,0.474452
0.0069,0.0569,4.01908,3.75386,3.64385,0.46323
0.007,0.057,4.04961,3.77228,3.64385,0.45361
0.0071,0.0571,4.04961,3.77228,3.65777,0.449867
0.0072,0.0572,4.08015,3.79991,3.6624,0.442922
0.0073,0.0573,4.05834,3.82294,3.67631,0.433833
0.0074,0.0574,4.07578,3.82294,3.69023,0.423145
0.0075,0.0575,4.07142,3.7907,3.70414,0.410854
0.0076,0.0576,4.04525,3.74925,3.72269,0.393217
0.0077,0.0577,4.04525,3.77688,3.75515,0.383597
0.0078,0.0578,4.03653,3.81833,3.77833,0.36382
0.0079,0.0579,4.04961,3.81833,3.83398,0.354735
0.008,0.058,4.05834,3.78149,3.86644,0.347789
0.0081,0.0581,4.03653,3.74925,3.88963,0.338701
0.0082,0.0582,4.03653,3.75846,3.92209,0.324273
0.0083,0.0583,4.07142,3.77688,3.95455,0.311444
0.0084,0.0584,4.06706,3.77228,4.01483,0.296482
0.0085,0.0585,4.0278,3.75386,4.05657,0.280448
0.0086,0.0586,4.00163,3.72622,4.14004,0.274568
0.0087,0.0587,4.01908,3.74925,4.18177,0.269222
0.0088,0.0588,4.0627,3.73543,4.2606,0.256397
0.0089,0.0589,4.11068,3.77688,4.2977,0.239295
0.009,0.059,4.08887,3.76767,4.42754,0.222192
0.0091,0.0591,4.04525,3.77228,4.50638,0.212572
0.0092,0.0592,4.06706,3.78149,4.59448,0.197607
0.0093,0.0593,4.0976,3.77688,4.66868,0.187987
0.0094,0.0594,4.11504,3.78609,4.79852,0.175696
0.0095,0.0595,4.08451,3.7907,4.97474,0.154316
0.0096,0.0596,4.08451,3.80912,5.22979,0.140957
0.0097,0.0597,4.08451,3.83676,5.54976,0.124389
0.0098,0.0598,4.10196,3.82755,5.86509,0.107286
0.0099,0.0599,4.07578,3.82294,6.7137,0.0896494
0.01,0.06,4.04961,3.81373,7.67362,0.0752181
0.0101,0.0601,4.02344,3.80912,8.39703,0.0639957
0.0102,0.0602,4.04961,3.79991,9.04161,0.0452904
0.0103,0.0603,4.06706,3.80452,9.62127,0.0345989
0.0104,0.0604,4.07142,3.78609,10.5951,0.0372734
0.0105,0.0605,4.04089,3.78609,11.7869,0.0484959
0.0106,0.0606,4.05397,3.79991,12.9833,0.0677354
0.0107,0.0607,4.08887,3.83676,14.2354,0.0810981
0.0108,0.0608,4.0627,3.83676,16.1506,0.0784269
0.0109,0.0609,4.01908,3.82755,18.3673,0.0752181
0.011,0.061,4.01471,3.84597,19.9533,0.0677354
0.0111,0.0611,4.04089,3.90584,20.3475,0.0639957
0.0112,0.0612,4.07142,3.91966,20.4077,0.0607902
0.0113,0.0613,4.07142,3.93347,20.2964,0.0607902
0.0114,0.0614,4.03216,3.92426,20.3753,0.0565129
0.0115,0.0615,4.03653,3.93347,20.6674,0.0607902
0.0116,0.0616,4.05397,3.96571,20.89,0.0645299
0.0117,0.0617,4.05834,3.97032,20.8668,0.0666669
0.0118,0.0618,4.03653,3.97493,20.7138,0.0666669
0.0119,0.0619,4.03653,3.9565,20.6025,0.0645299
0.012,0.062,4.04961,3.94729,20.5608,0.0623929
0.0121,0.0621,4.08887,3.92887,20.7092,0.0581156
0.0122,0.0622,4.05834,3.92887,20.9596,0.0565129
0.0123,0.0623,4.00163,3.92887,21.1683,0.0575814
0.0124,0.0624,3.96673,3.91505,21.1915,0.0597184
0.0125,0.0625,4.01908,3.93347,21.0987,0.0559787
0.0126,0.0626,4.08887,3.9565,20.8854,0.0607902
0.0127,0.0627,4.11941,3.97032,20.7787,0.0570471
0.0128,0.0628,4.08887,4.04401,20.7973,0.0559787
0.0129,0.0629,4.05397,4.10388,20.9781,0.0581156
0.013,0.063,4.08015,4.16376,21.2007,0.0533074
0.0131,0.0631,4.12377,4.18678,21.3816,0.0570471
0.0132,0.0632,4.11504,4.24205,21.4187,0.0581156
0.0133,0.0633,4.08451,4.32495,21.3955,0.0581156
0.0134,0.0634,4.05397,4.44009,21.3167,0.0586499
0.0135,0.0635,4.07578,4.55984,21.2378,0.0623929
0.0136,0.0636,4.08015,4.64274,21.2286,0.0565129
0.0137,0.0637,4.09323,4.74407,21.2935,0.0543759
0.0138,0.0638,4.08015,4.80394,21.5068,0.0484959
0.0139,0.0639,4.07142,4.92829,21.6877,0.0426159
0.014,0.064,4.09323,5.03422,21.7897,0.0431501
0.0141,0.0641,4.0976,5.1816,21.9242,0.0436877
0.0142,0.0642,4.09323,5.29214,22.0494,0.0479617
0.0143,0.0643,4.11504,5.43491,21.9937,0.0543759
0.0144,0.0644,4.14994,5.64217,22.0123,0.0565129
0.0145,0.0645,4.17612,5.88627,22.2071,0.0543759
0.0146,0.0646,4.15867,6.19025,22.5131,0.0586499
0.0147,0.0647,4.1543,6.5541,22.7821,0.0517014
0.0148,0.0648,4.19356,7.4384,23.0232,0.0484959
0.0149,0.0649,4.24155,8.34114,23.32,0.0490301
0.015,0.065,4.27208,8.99977,23.5473,0.0474274
0.0151,0.0651,4.24591,9.55707,23.6864,0.0484959
0.0152,0.0652,4.19793,10.1604,23.9739,0.0490301
0.0153,0.0653,4.18484,11.2152,24.3681,0.0468932
0.0154,0.0654,4.21101,12.4081,24.7113,0.0463589
0.0155,0.0655,4.23282,13.5688,25.0823,0.0468932
0.0156,0.0656,4.19356,15.1349,25.5089,0.0452904
0.0157,0.0657,4.13686,17.2905,26.0097,0.0436877
0.0158,0.0658,4.11504,19.0501,26.3066,0.0436877
0.0159,0.0659,4.12813,19.5798,26.4828,0.0463589
0.016,0.066,4.0976,19.5568,26.6822,0.0447562
0.0161,0.0661,4.03216,19.3219,26.7703,0.0463589
0.0162,0.0662,3.97982,19.3403,26.7564,0.0468932
0.0163,0.0663,3.95801,19.6351,26.8028,0.0442219
0.0164,0.0664,3.95801,20.0128,26.9558,0.0506329
0.0165,0.0665,3.91875,20.1326,27.1784,0.0463589
0.0166,0.0666,3.87076,20.1648,27.2711,0.0442219
0.0167,0.0667,3.84895,20.2385,27.3964,0.0458247
0.0168,0.0668,3.85331,20.409,27.5123,0.0474274
0.0169,0.0669,3.88385,20.7406,27.6004,0.0458247
0.017,0.067,3.9013,21.1598,27.6932,0.0468932
0.0171,0.0671,3.95801,21.5513,27.8648,0.0431501
0.0172,0.0672,4.03216,21.8277,27.9853,0.0415474
0.0173,0.0673,4.08887,21.9014,28.1291,0.0410131
0.0174,0.0674,4.17612,21.8185,28.2775,0.0399447
0.0175,0.0675,4.259,21.7678,28.4444,0.0394104
0.0176,0.0676,4.36805,21.8231,28.5696,0.0394104
0.0177,0.0677,4.4771,22.0212,28.6902,0.0420816
0.0178,0.0678,4.59052,22.2054,28.8293,0.0372734
0.0179,0.0679,4.65595,22.3482,28.9638,0.0442219
0.018,0.068,4.72575,22.3482,29.0844,0.0490301
0.0181,0.0681,4.83044,22.2285,29.1725,0.0420816
0.0182,0.0682,4.92205,22.0949,29.2931,0.0452904
0.0183,0.0683,5.02674,21.9014,29.4044,0.0447562
0.0184,0.0684,5.05291,21.7632,29.5203,0.0410131
0.0185,0.0685,5.10962,21.7125,29.627,0.0388762
0.0186,0.0686,5.18814,21.7955,29.729,0.0388762
0.0187,0.0687,5.28411,21.883,29.8125,0.0372734
0.0188,0.0688,5.34081,21.9106,29.9238,0.0415474
0.0189,0.0689,5.42806,21.9291,29.9841,0.0410131
0.019,0.069,5.50658,21.9475,30.0165,0.0415474
0.0191,0.0691,5.65489,21.8277,30.1047,0.0431501
0.0192,0.0692,5.85555,21.7862,30.2716,0.0394104
0.0193,0.0693,6.08239,21.9152,30.4154,0.0388762
0.0194,0.0694,6.3921,22.1087,30.5267,0.0399447
0.0195,0.0695,6.79779,22.3528,30.638,0.0410131
0.0196,0.0696,7.64405,22.6384,30.7261,0.0394104
0.0197,0.0697,8.53394,22.924,30.8049,0.0415474
0.0198,0.0698,9.15338,23.0945,30.8652,0.0426159
0.0199,0.0699,9.70738,23.1912,30.9533,0.0362049
0.02,0.07,10.3355,23.4492,31.1435,0.0362049
0.0201,0.0701,11.3999,23.8545,31.2919,0.0356707
0.0202,0.0702,12.5734,24.2737,31.3568,0.0340646
0.0203,0.0703,13.8035,24.6422,31.4078,0.0351364
0.0204,0.0704,15.6444,25.1121,31.4171,0.0378077
0.0205,0.0705,17.7121,25.6464,31.4124,0.0378077
0.0206,0.0706,18.7242,26.0288,31.4124,0.0394104
0.0207,0.0707,18.6457,26.296,31.3939,0.0356707
0.0208,0.0708,18.3185,26.6414,31.3846,0.0319277
0.0209,0.0709,18.1091,26.9178,31.4217,0.0297907
0.021,0.071,18.24,27.0008,31.4403,0.0297907
0.0211,0.0711,18.6239,27.1159,31.4124,0.0292564
0.0212,0.0712,18.8507,27.4061,31.3939,0.0324619
0.0213,0.0713,18.9598,27.7148,31.4124,0.0335304
0.0214,0.0714,19.0426,27.876,31.4032,0.0335304
0.0215,0.0715,19.2084,28.0695,31.4264,0.0303249
0.0216,0.0716,19.5269,28.2399,31.4078,0.0303249
0.0217,0.0717,19.9805,28.3689,31.4124,0.0287222
0.0218,0.0718,20.395,28.4703,31.4495,0.0281879
0.0219,0.0719,20.6436,28.6453,31.5098,0.0303249
0.022,0.072,20.6523,28.7651,31.533,0.0297907
0.0221,0.0721,20.2423,28.8572,31.5237,0.0297907
0.0222,0.0722,19.6708,28.9125,31.482,0.026051
0.0223,0.0723,19.3524,28.9493,31.4542,0.0255134
0.0224,0.0724,19.2913,28.9632,31.4542,0.0255134
0.0225,0.0725,19.2608,29.0046,31.4635,0.0249791
0.0226,0.0726,18.8071,29.0783,31.4356,0.0319277
0.0227,0.0727,18.0306,29.1659,31.431,0.0265852
0.0228,0.0728,17.2148,29.2073,31.4403,0.0265852
0.0229,0.0729,16.0545,29.2211,31.4588,0.0255134
0.023,0.073,14.5538,29.235,31.4866,0.0239107
0.0231,0.0731,13.4894,29.2856,31.5145,0.0265852
0.0232,0.0732,13.2626,29.3593,31.5098,0.026051
0.0233,0.0733,13.3411,29.4883,31.5516,0.0249791
0.0234,0.0734,13.4676,29.5758,31.5933,0.0249791
0.0235,0.0735,13.3237,29.6588,31.6397,0.0265852
0.0236,0.0736,13.0096,29.7417,31.6536,0.0276537
0.0237,0.0737,12.7697,29.797,31.6861,0.0297907
0.0238,0.0738,12.5385,29.8522,31.6953,0.0271195
0.0239,0.0739,12.3247,29.9951,31.7139,0.0265852
0.024,0.074,12.22,30.1609,31.6814,0.0239107
0.0241,0.0741,12.1895,30.2991,31.6304,0.0276537
0.0242,0.0742,12.111,30.4235,31.6397,0.026051
0.0243,0.0743,11.9976,30.5248,31.5933,0.0249791
0.0244,0.0744,11.9539,30.5801,31.5145,0.0233764
0.0245,0.0745,12.0325,30.6216,31.4356,0.0244449
0.0246,0.0746,12.1633,30.6723,31.3336,0.0228422
0.0247,0.0747,12.412,30.8243,31.3197,0.0255134
0.0248,0.0748,12.8046,30.9763,31.3475,0.026051
0.0249,0.0749,13.0838,31.0961,31.3522,0.0239107
0.025,0.075,13.2975,31.1836,31.3011,0.0255134
0.0251,0.0751,13.629,31.225,31.3661,0.026051
0.0252,0.0752,14.1002,31.2711,31.4449,0.0244449
0.0253,0.0753,14.532,31.2711,31.533,0.0249791
0.0254,0.0754,14.833,31.2711,31.6582,0.0244449
0.0255,0.0755,15.1602,31.2803,31.7974,0.0201709
0.0256,0.0756,15.4132,31.3264,31.8252,0.0228422
0.0257,0.0757,15.3303,31.3955,31.8344,0.0239107
0.0258,0.0758,15.1558,31.4001,31.904,0.0185682
0.0259,0.0759,14.9726,31.3494,31.9458,0.0228422
0.026,0.076,14.7632,31.2941,31.9272,0.0196367
0.0261,0.0761,14.5975,31.1836,31.8669,0.0196367
0.0262,0.0762,14.3968,31.05,31.8252,0.0212394
0.0263,0.0763,14.0347,30.9164,31.8437,0.0196367
0.0264,0.0764,13.3804,30.7367,31.7834,0.0201709
0.0265,0.0765,12.4512,30.5064,31.7232,0.0196367
0.0266,0.0766,11.5657,30.2162,31.6814,0.0217737
0.0267,0.0767,10.6932,29.9352,31.6536,0.0207052
0.0268,0.0768,9.87751,29.3916,31.6258,0.0233764
0.0269,0.0769,9.31478,28.7328,31.5747,0.0169622
0.027,0.077,9.26679,28.2445,31.6211,0.0174997
0.0271,0.0771,9.27552,27.9267,31.6397,0.0185682
0.0272,0.0772,9.12284,27.6273,31.6489,0.0174997
0.0273,0.0773,8.71279,27.0192,31.6721,0.0207052
0.0274,0.0774,8.21986,26.296,31.7,0.0169622
0.0275,0.0775,7.82726,25.6557,31.6953,0.0196367
0.0276,0.0776,7.49574,24.8311,31.7092,0.018034
0.0277,0.0777,7.1424,23.767,31.6814,0.0169622
0.0278,0.0778,6.72799,23.0208,31.6165,0.018034
0.0279,0.0779,6.40519,22.9839,31.5794,0.0169622
0.028,0.078,6.06494,23.2142,31.6258,0.0169622
0.0281,0.0781,5.82066,23.4169,31.6629,0.0158937
0.0282,0.0782,5.75958,23.4307,31.7092,0.018034
0.0283,0.0783,5.84683,23.2925,31.7463,0.0185682
0.0284,0.0784,5.86428,23.1083,31.8066,0.0169622
0.0285,0.0785,5.71596,22.9977,31.853,0.0158937
0.0286,0.0786,5.48913,22.8641,31.8994,0.018034
0.0287,0.0787,5.35826,22.7121,31.8947,0.0185682
0.0288,0.0788,5.24049,22.4818,31.8947,0.0174997
0.0289,0.0789,5.13143,22.1317,31.8855,0.0191025
0.029,0.079,5.14452,21.731,31.8066,0.0158937
0.0291,0.0791,5.16633,21.3026,31.7185,0.0148252
0.0292,0.0792,5.13143,21.0078,31.6675,0.0153594
0.0293,0.0793,5.18814,20.8834,31.5979,0.0153594
0.0294,0.0794,5.40625,20.8143,31.5237,0.0158937
0.0295,0.0795,5.66362,20.7775,31.4403,0.0164279
0.0296,0.0796,5.84247,20.6623,31.3892,0.0148252
0.0297,0.0797,5.99514,20.432,31.3568,0.0148252
0.0298,0.0798,6.25251,20.257,31.3058,0.0153594
0.0299,0.0799,6.57095,20.1971,31.2594,0.0169622
0.03,0.08,6.93301,20.2155,31.2408,0.0169622
0.0301,0.0801,7.42158,20.2339,31.2362,0.0148252
0.0302,0.0802,8.06282,20.2477,31.278,0.0164279
0.0303,0.0803,8.65172,20.1464,31.3661,0.0148252
0.0304,0.0804,9.03124,19.9668,31.4032,0.0153594
0.0305,0.0805,9.22754,19.718,31.3568,0.0121539
0.0306,0.0806,9.29297,19.3772,31.2687,0.0153594
0.0307,0.0807,9.3235,18.8336,31.1481,0.0148252
0.0308,0.0808,9.24062,18.3684,30.9997,0.0121539
0.0309,0.0809,9.15774,18.0275,30.8559,0.0132224
0.031,0.081,9.21881,17.5531,30.6658,0.0164279
0.0311,0.0811,9.24062,16.9451,30.42,0.0132224
0.0312,0.0812,9.20136,16.0976,30.1139,0.0137567
0.0313,0.0813,9.05741,15.1395,29.7754,0.0105512
0.0314,0.0814,8.88728,14.2966,29.4183,0.0148252
0.0315,0.0815,8.68662,13.509,28.8525,0.0148252
0.0316,0.0816,8.54703,12.8595,28.296,0.0148252
0.0317,0.0817,8.49905,12.6062,27.9946,0.0126882
0.0318,0.0818,8.34637,12.7259,27.8091,0.0126882
0.0319,0.0819,8.089,12.7398,27.4706,0.0116197
0.032,0.082,7.83599,12.5417,26.8584,0.0116197
0.0321,0.0821,7.60915,12.0535,26.2648,0.0148252
0.0322,0.0822,7.42158,11.4869,25.699,0.010017
0.0323,0.0823,7.25145,11.0586,24.906,0.001
0.0324,0.0824,7.16857,10.6809,24.0203,0.001
0.0325,0.0825,7.14676,10.2111,23.5055,0.001
0.0326,0.0826,7.07697,9.62155,23.5519,0.001
0.0327,0.0827,6.95483,9.09649,23.6957,0.001
0.0328,0.0828,6.80215,8.61748,23.7467,0.001
0.0329,0.0829,6.60149,8.2352,23.5102,0.001
0.033,0.083,6.41828,8.02334,22.9954,0.001
0.0331,0.0831,6.32667,7.92201,22.4621,0.001
0.0332,0.0832,6.17399,7.76541,21.952,0.001
0.0333,0.0833,5.99078,7.47064,21.479,0.001
0.0334,0.0834,5.81629,7.07915,20.9225,0.001
0.0335,0.0835,5.66362,6.77057,20.3428,0.001
0.0336,0.0836,5.37135,6.48041,19.6611,0.001
0.0337,0.0837,5.00057,6.27776,18.998,0.001
0.0338,0.0838,4.65159,6.18104,18.3024,0.001
0.0339,0.0839,4.32879,6.13498,17.463,0.001
0.034,0.084,4.01908,6.09353,16.7257,0.001
0.0341,0.0841,3.76607,6.13038,16.0393,0.001
0.0342,0.0842,3.6134,6.28697,15.4597,0.001
0.0343,0.0843,3.59158,6.45738,15.0191,0.001
0.0344,0.0844,3.56541,6.60016,14.6574,0.001
0.0345,0.0845,3.55233,6.7936,14.4626,0.001
0.0346,0.0846,3.56105,7.09758,14.3931,0.001
0.0347,0.0847,3.57414,7.45683,14.5368,0.001
0.0348,0.0848,3.52615,7.87595,14.6064,0.001
0.0349,0.0849,3.44327,8.4701,14.4765,0.001
0.035,0.085,3.36039,9.11952,14.24,0.001
0.0351,0.0851,3.26442,9.68143,13.9479,0.001
0.0352,0.0852,3.26006,9.95318,13.4934,0.001
0.0353,0.0853,3.26442,10.0269,12.8488,0.001
0.0354,0.0854,3.20335,9.99923,12.0327,0.001
0.0355,0.0855,3.10739,9.89791,11.2861,0.001
0.0356,0.0856,3.01142,9.71367,10.7203,0.001
0.0357,0.0857,2.95907,9.59392,10.0433,0.001
0.0358,0.0858,2.92854,9.55247,9.2271,0.001
0.0359,0.0859,2.89364,9.43732,8.35066,0.001
0.036,0.086,2.85002,9.2669,7.45567,0.001
0.0361,0.0861,2.78895,9.0228,6.63487,0.001
0.0362,0.0862,2.78459,8.77408,5.77698,0.001
0.0363,0.0863,2.80203,8.59445,4.95619,0.001
0.0364,0.0864,2.87183,8.46549,4.47392,0.001
0.0365,0.0865,2.99833,8.42865,4.46928,0.001
0.0366,0.0866,3.12047,8.29508,4.50638,0.001
0.0367,0.0867,3.20771,8.02794,4.39045,0.001
0.0368,0.0868,3.26006,7.80686,3.98237,0.001
0.0369,0.0869,3.29932,7.61803,3.30997,0.001
0.037,0.087,3.3473,7.41998,2.64685,0.001
0.0371,0.0871,3.46508,7.29562,2.01155,0.001
0.0372,0.0872,3.5436,7.24957,1.3809,0.001
0.0373,0.0873,3.64393,7.20811,0.643581,0.001
0.0374,0.0874,3.77916,7.06073,-0.0705449,0.001
0.0375,0.0875,3.98418,6.90874,-0.696564,0.001
0.0376,0.0876,4.20665,6.7153,-1.01653,0.001
0.0377,0.0877,4.39859,6.42514,-0.844953,0.001
0.0378,0.0878,4.5469,6.10735,-0.534263,0.001
0.0379,0.0879,4.70394,5.82179,-0.11228,0.001
0.038,0.088,4.87842,5.4211,0.240146,0.001
0.0381,0.0881,4.99184,5.07567,0.11958,0.001
0.0382,0.0882,5.09217,4.75328,-0.000986629,0.001
0.0383,0.0883,5.18814,4.38943,0.063933,0.001
0.0384,0.0884,5.27102,3.93347,0.142766,0.001
0.0385,0.0885,5.32337,3.39922,0.133491,0.001
0.0386,0.0886,5.38444,2.86958,0.15204,0.001
0.0387,0.0887,5.41497,2.20178,0.193775,0.001
0.0388,0.0888,5.37571,1.37278,0.235509,0.001
0.0389,0.0889,5.30592,0.589845,0.24942,0.001
0.039,0.089,5.20123,0.0648217,0.272606,0.001
0.0391,0.0891,5.10526,-0.0963691,0.30043,0.001
0.0392,0.0892,5.01801,0.0417942,0.295792,0.001
0.0393,0.0893,4.91332,0.29049,0.221597,0.001
0.0394,0.0894,4.81299,0.419442,0.207685,0.001
0.0395,0.0895,4.75628,0.40102,0.21696,0.001
0.0396,0.0896,4.75628,0.304306,0.258695,0.001
0.0397,0.0897,4.77809,0.207591,0.258695,0.001
0.0398,0.0898,4.83044,0.152325,0.244783,0.001
0.0399,0.0899,4.90896,0.133903,0.272606,0.001
0.04,0.09,4.96567,0.0878492,0.281881,0.001
0.0401,0.0901,4.95258,0.0556107,0.277244,0.001
0.0402,0.0902,4.93513,0.0141613,0.295792,0.001
0.0403,0.0903,4.93513,0.0417942,0.318979,0.001
0.0404,0.0904,4.97003,0.124693,0.365351,0.001
0.0405,0.0905,5.02674,0.0970602,0.393173,0.001
0.0406,0.0906,5.10526,0.0740327,0.369988,0.001
0.0407,0.0907,5.14015,0.0648217,0.374625,0.001
0.0408,0.0908,5.13143,0.0602162,0.411722,0.001
0.0409,0.0909,5.14015,0.0694272,0.393173,0.001
0.041,0.091,5.14452,0.0510052,0.356076,0.001
0.0411,0.0911,5.17505,0.0832437,0.379262,0.001
0.0412,0.0912,5.13579,0.106271,0.393173,0.001
0.0413,0.0913,5.07036,0.138508,0.411722,0.001
0.0414,0.0914,5.04419,0.166141,0.411722,0.001
0.0415,0.0915,5.0311,0.166141,0.434908,0.001
0.0416,0.0916,4.97875,0.152325,0.439545,0.001
0.0417,0.0917,4.9046,0.124693,0.420996,0.001
0.0418,0.0918,4.79554,0.101666,0.458094,0.001
0.0419,0.0919,4.70394,0.0878492,0.509103,0.001
0.042,0.092,4.59925,0.0970602,0.509103,0.001
0.0421,0.0921,4.45093,0.115482,0.51374,0.001
0.0422,0.0922,4.2241,0.133903,0.495192,0.001
0.0423,0.0923,3.96673,0.133903,0.495192,0.001
0.0424,0.0924,3.72245,0.147719,0.48128,0.001
0.0425,0.0925,3.43455,0.152325,0.467368,0.001
0.0426,0.0926,3.07249,0.161536,0.453457,0.001
0.0427,0.0927,2.71043,0.175352,0.48128,0.001
0.0428,0.0928,2.34401,0.184563,0.518378,0.001
0.0429,0.0929,2.01685,0.202985,0.536927,0.001
0.043,0.093,1.70713,0.202985,0.536927,0.001
0.0431,0.0931,1.44977,0.226013,0.546201,0.001
0.0432,0.0932,1.20113,0.244435,0.555475,0.001
0.0433,0.0933,0.987382,0.258251,0.541564,0.001
0.0434,0.0934,0.747464,0.267462,0.569387,0.001
0.0435,0.0935,0.324338,0.276673,0.597209,0.001
0.0436,0.0936,-0.015909,0.29049,0.583299,0.001
0.0437,0.0937,0.12368,0.281279,0.569387,0.001
0.0438,0.0938,0.389769,0.29049,0.541564,0.001
0.0439,0.0939,0.455202,0.313517,0.518378,0.001
0.044,0.094,0.398494,0.313517,0.541564,0.001
0.0441,0.0941,0.41158,0.313517,0.518378,0.001
0.0442,0.0942,0.442115,0.308912,0.541564,0.001
0.0443,0.0943,0.468288,0.308912,0.620395,0.001
0.0444,0.0944,0.516271,0.308912,0.606483,0.001
0.0445,0.0945,0.572979,0.313517,0.620395,0.001
0.0446,0.0946,0.620963,0.313517,0.62967,0.001
0.0447,0.0947,0.690757,0.322728,0.62967,0.001
0.0448,0.0948,0.743102,0.322728,0.620395,0.001
0.0449,0.0949,0.821621,0.308912,0.620395,0.001
0.045,0.095,0.908863,0.299701,0.666767,0.001
0.0451,0.0951,1.04845,0.295095,0.634307,0.001
0.0452,0.0952,1.2273,0.299701,0.625032,0.001
0.0453,0.0953,1.47594,0.29049,0.648218,0.001
0.0454,0.0954,1.81619,0.285884,0.555475,0.001
0.0455,0.0955,2.16952,0.304306,0.56475,0.001
0.0456,0.0956,2.41816,0.299701,0.583299,0.001
0.0457,0.0957,2.55339,0.299701,0.615758,0.001
0.0458,0.0958,2.62755,0.295095,0.652856,0.001
0.0459,0.0959,2.71915,0.318123,0.676042,0.001
0.046,0.096,2.88928,0.295095,0.708502,0.001
0.0461,0.0961,3.05504,0.304306,0.699228,0.001
0.0462,0.0962,2.98524,0.295095,0.689953,0.001
0.0463,0.0963,2.83257,0.304306,0.708502,0.001
0.0464,0.0964,2.81512,0.299701,0.666767,0.001
0.0465,0.0965,2.87619,0.304306,0.689953,0.001
0.0466,0.0966,2.88055,0.299701,0.722414,0.001
0.0467,0.0967,2.85438,0.304306,0.708502,0.001
0.0468,0.0968,2.81512,0.304306,0.689953,0.001
0.0469,0.0969,2.74533,0.313517,0.643581,0.001
0.047,0.097,2.65372,0.313517,0.638944,0.001
0.0471,0.0971,2.53594,0.308912,0.66213,0.001
0.0472,0.0972,2.45742,0.304306,0.685316,0.001
0.0473,0.0973,2.39199,0.322728,0.71314,0.001
0.0474,0.0974,2.33965,0.327332,0.764149,0.001
0.0475,0.0975,2.25677,0.322728,0.773423,0.001
0.0476,0.0976,2.21314,0.299701,0.819794,0.001
0.0477,0.0977,2.15207,0.318123,0.805883,0.001
0.0478,0.0978,2.06483,0.308912,0.824432,0.001
0.0479,0.0979,1.92524,0.318123,0.778061,0.001
0.048,0.098,1.75076,0.308912,0.791971,0.001
0.0481,0.0981,1.63298,0.308912,0.81052,0.001
0.0482,0.0982,1.7115,0.322728,0.796608,0.001
0.0483,0.0983,1.87726,0.308912,0.778061,0.001
0.0484,0.0984,1.98195,0.308912,0.731688,0.001
0.0485,0.0985,1.9994,0.308912,0.703865,0.001
0.0486,0.0986,2.08228,0.29049,0.731688,0.001
0.0487,0.0987,2.21314,0.308912,0.759512,0.001
0.0488,0.0988,2.30039,0.313517,0.805883,0.001
0.0489,0.0989,2.29602,0.308912,0.84298,0.001
0.049,0.099,2.22187,0.276673,0.89399,0.001
0.0491,0.0991,2.33965,0.304306,0.931088,0.001
0.0492,0.0992,2.51849,0.285884,0.931088,0.001
0.0493,0.0993,2.54903,0.295095,0.917176,0.001
0.0494,0.0994,2.52286,0.308912,0.907902,0.001
0.0495,0.0995,2.62319,0.299701,0.856892,0.001
0.0496,0.0996,2.77586,0.299701,0.898627,0.001
0.0497,0.0997,3.14664,0.29049,0.856892,0.001
0.0498,0.0998,3.61776,0.295095,0.838343,0.001
0.0499,0.0999,3.93183,0.295095,0.773423,0.001
0.05,0.1,4.03653,0.29049,0.736326,0.001
0.0501,0.1001,3.91002,0.299701,0.754875,0.001
0.0502,0.1002,3.70064,0.295095,0.796608,0.001
0.0503,0.1003,3.90566,0.295095,0.847618,0.001
0.0504,0.1004,4.35933,0.304306,0.935725,0.001
0.0505,0.1005,4.60797,0.29049,0.982096,0.001
0.0506,0.1006,4.65159,0.29049,1.03774,0.001
0.0507,0.1007,4.53818,0.304306,1.04238,0.001
0.0508,0.1008,4.28081,0.308912,1.03774,0.001
0.0509,0.1009,4.08887,0.308912,1.02847,0.001
0.051,0.101,4.3157,0.318123,1.00064,0.001
0.0511,0.1011,4.66904,0.318123,1.02383,0.001
0.0512,0.1012,4.84353,0.331938,1.00528,0.001
0.0513,0.1013,4.85661,0.336543,0.986733,0.001
0.0514,0.1014,4.86534,0.35036,0.940362,0.001
0.0515,0.1015,4.97875,0.364176,0.92645,0.001
0.0516,0.1016,4.97875,0.373387,0.963548,0.001
0.0517,0.1017,4.86098,0.373387,1.02847,0.001
0.0518,0.1018,4.76065,0.40102,1.1073,0.001
0.0519,0.1019,4.84789,0.382598,1.16758,0.001
0.052,0.102,5.00057,0.405626,1.20932,0.001
0.0521,0.1021,5.08781,0.391809,1.21396,0.001
0.0522,0.1022,5.04855,0.410231,1.20468,0.001
0.0523,0.1023,4.81735,0.40102,1.20004,0.001
0.0524,0.1024,4.60797,0.405626,1.25105,0.001
0.0525,0.1025,4.49892,0.414837,1.28815,0.001
0.0526,0.1026,4.46402,0.410231,1.35307,0.001
0.0527,0.1027,4.45966,0.405626,1.29743,0.001
0.0528,0.1028,4.36369,0.410231,1.22787,0.001
0.0529,0.1029,4.04525,0.410231,1.17222,0.001
0.053,0.103,3.80969,0.419442,1.16295,0.001
0.0531,0.1031,3.7399,0.419442,1.24642,0.001
0.0532,0.1032,3.62648,0.410231,1.28815,0.001
0.0533,0.1033,3.51307,0.428653,1.29743,0.001
0.0534,0.1034,3.53488,0.419442,1.28815,0.001
0.0535,0.1035,3.6701,0.428653,1.29743,0.001
0.0536,0.1036,3.79661,0.410231,1.31597,0.001
0.0537,0.1037,3.9013,0.414837,1.35771,0.001
0.0538,0.1038,4.11504,0.424048,1.36235,0.001
0.0539,0.1039,4.39422,0.414837,1.36235,0.001
0.054,0.104,4.55562,0.424048,1.35307,0.001
0.0541,0.1041,4.65595,0.428653,1.34843,0.001
0.0542,0.1042,4.76937,0.437865,1.26497,0.001
0.0543,0.1043,4.88279,0.447076,1.18613,0.001
0.0544,0.1044,4.9046,0.437865,1.11658,0.001
0.0545,0.1045,4.86098,0.451681,1.09803,0.001
0.0546,0.1046,4.76937,0.451681,1.09339,0.001
0.0547,0.1047,4.6734,0.460892,1.08411,0.001
0.0548,0.1048,4.66032,0.474709,1.06557,0.001
0.0549,0.1049,4.6734,0.493131,1.07948,0.001
0.055,0.105,4.62978,0.470103,1.0702,0.001
0.0551,0.1051,4.50764,0.488525,1.04702,0.001
0.0552,0.1052,4.34624,0.493131,1.03311,0.001
0.0553,0.1053,4.15867,0.502342,1.03311,0.001
0.0554,0.1054,3.8664,0.520764,1.03311,0.001
0.0555,0.1055,3.53924,0.529973,1.01919,0.001
0.0556,0.1056,3.31241,0.539184,1.00992,0.001
0.0557,0.1057,3.23389,0.54379,0.99137,0.001
0.0558,0.1058,3.32986,0.562212,0.944999,0.001
0.0559,0.1059,3.39093,0.54379,0.935725,0.001
0.056,0.106,3.30368,0.548395,0.903264,0.001
0.0561,0.1061,3.05068,0.553001,0.903264,0.001
0.0562,0.1062,2.90236,0.548395,0.898627,0.001
0.0563,0.1063,2.91109,0.553001,0.912539,0.001
0.0564,0.1064,2.95471,0.571423,0.912539,0.001
0.0565,0.1065,2.9678,0.576028,0.903264,0.001
0.0566,0.1066,2.9329,0.571423,0.949637,0.001
0.0567,0.1067,2.78022,0.580634,0.954274,0.001
0.0568,0.1068,2.59701,0.599056,0.986733,0.001
0.0569,0.1069,2.56648,0.594451,0.986733,0.001
0.057,0.107,2.57956,0.612873,1.00064,0.001
0.0571,0.1071,2.51849,0.626689,0.982096,0.001
0.0572,0.1072,2.41816,0.617478,0.954274,0.001
0.0573,0.1073,2.22623,0.622084,0.921813,0.001
0.0574,0.1074,2.00812,0.622084,0.898627,0.001
0.0575,0.1075,1.9296,0.645111,0.903264,0.001
0.0576,0.1076,1.99504,0.645111,0.912539,0.001
0.0577,0.1077,2.10409,0.645111,0.917176,0.001
0.0578,0.1078,2.21751,0.654322,0.921813,0.001
0.0579,0.1079,2.39635,0.6359,0.954274,0.001
0.058,0.108,2.63191,0.645111,0.954274,0.001
0.0581,0.1081,2.78895,0.658928,0.958911,0.001
0.0582,0.1082,2.86747,0.658928,0.940362,0.001
0.0583,0.1083,2.88928,0.654322,0.917176,0.001
0.0584,0.1084,2.83693,0.649717,0.89399,0.001
0.0585,0.1085,2.76714,0.631295,0.856892,0.001
0.0586,0.1086,2.71479,0.631295,0.819794,0.001
0.0587,0.1087,2.67553,0.626689,0.791971,0.001
0.0588,0.1088,2.58829,0.631295,0.787334,0.001
0.0589,0.1089,2.45306,0.6359,0.782698,0.001
0.059,0.109,2.27421,0.626689,0.791971,0.001
0.0591,0.1091,2.13463,0.640506,0.791971,0.001
0.0592,0.1092,2.06047,0.6359,0.815157,0.001
0.0593,0.1093,2.07355,0.631295,0.815157,0.001
0.0594,0.1094,2.14335,0.640506,0.829069,0.001
0.0595,0.1095,2.2524,0.649717,0.819794,0.001
0.0596,0.1096,2.38763,0.645111,0.829069,0.001
0.0597,0.1097,2.42253,0.645111,0.819794,0.001
0.0598,0.1098,2.30039,0.649717,0.84298,0.001
0.0599,0.1099,2.13026,0.668139,0.805883,0.001
0.06,0.11,1.93397,0.672744,0.815157,0.001
0.0601,0.1101,1.75948,0.672744,0.801245,0.001
0.0602,0.1102,1.6417,0.645111,0.782698,0.001
0.0603,0.1103,1.55446,0.681955,0.791971,0.001
0.0604,0.1104,1.44541,0.691166,0.805883,0.001
0.0605,0.1105,1.33199,0.672744,0.815157,0.001
0.0606,0.1106,1.21858,0.686561,0.829069,0.001
0.0607,0.1107,1.10516,0.704983,0.838343,0.001
0.0608,0.1108,1.01792,0.718798,0.870804,0.001
0.0609,0.1109,0.961209,0.728009,0.880078,0.001
0.061,0.111,0.930674,0.728009,0.898627,0.001
0.0611,0.1111,0.956847,0.755642,0.870804,0.001
0.0612,0.1112,1.00483,0.764853,0.884715,0.001
0.0613,0.1113,1.05281,0.792487,0.880078,0.001
0.0614,0.1114,1.09643,0.801698,0.861529,0.001
0.0615,0.1115,1.20985,0.792487,0.852255,0.001
0.0616,0.1116,1.41487,0.82933,0.852255,0.001
0.0617,0.1117,1.70277,0.838542,0.852255,0.001
0.0618,0.1118,2.12154,0.82933,0.870804,0.001
0.0619,0.1119,2.42253,0.82933,0.880078,0.001
0.062,0.112,2.5403,0.838542,0.89399,0.001
0.0621,0.1121,2.57084,0.833936,0.89399,0.001
0.0622,0.1122,2.62755,0.843147,0.898627,0.001
0.0623,0.1123,2.8064,0.847752,0.903264,0.001
0.0624,0.1124,3.0943,0.852358,0.898627,0.001
0.0625,0.1125,3.36039,0.852358,0.889353,0.001
0.0626,0.1126,3.54796,0.861569,0.875441,0.001
0.0627,0.1127,3.63521,0.856963,0.870804,0.001
0.0628,0.1128,3.63957,0.843147,0.847618,0.001
0.0629,0.1129,3.65702,0.843147,0.847618,0.001
0.063,0.113,3.83587,0.843147,0.829069,0.001
0.0631,0.1131,4.01908,0.847752,0.833706,0.001
0.0632,0.1132,4.10196,0.861569,0.838343,0.001
0.0633,0.1133,4.11068,0.889202,0.84298,0.001
0.0634,0.1134,4.14558,0.92144,0.852255,0.001
0.0635,0.1135,4.26772,0.939862,0.875441,0.001
0.0636,0.1136,4.36805,0.972101,0.866167,0.001
0.0637,0.1137,4.49455,1.01355,0.875441,0.001
0.0638,0.1138,4.55562,1.03197,0.880078,0.001
0.0639,0.1139,4.64723,1.04579,0.880078,0.001
0.064,0.114,4.75628,1.06421,0.866167,0.001
0.0641,0.1141,4.87406,1.08263,0.875441,0.001
0.0642,0.1142,4.97439,1.09645,0.880078,0.001
0.0643,0.1143,4.95258,1.10105,0.880078,0.001
0.0644,0.1144,4.88715,1.12408,0.89399,0.001
0.0645,0.1145,4.91768,1.12869,0.912539,0.001
0.0646,0.1146,4.93513,1.16093,0.940362,0.001
0.0647,0.1147,4.86098,1.2254,0.954274,0.001
0.0648,0.1148,4.73447,1.26225,0.944999,0.001
0.0649,0.1149,4.61233,1.34515,0.963548,0.001
0.065,0.115,4.50328,1.40041,0.972823,0.001
0.0651,0.1151,4.35933,1.45568,0.954274,0.001
0.0652,0.1152,4.25027,1.49252,0.958911,0.001
0.0653,0.1153,4.22846,1.52476,0.954274,0.001
0.0654,0.1154,4.26772,1.56621,0.944999,0.001
0.0655,0.1155,4.32879,1.58463,0.931088,0.001
0.0656,0.1156,4.32879,1.64911,0.944999,0.001
0.0657,0.1157,4.29389,1.70898,0.954274,0.001
0.0658,0.1158,4.34624,1.76885,0.944999,0.001
0.0659,0.1159,4.40295,1.84715,0.986733,0.001
0.066,0.116,4.42476,1.95768,0.982096,0.001
0.0661,0.1161,4.48583,2.04058,1.01919,0.001
0.0662,0.1162,4.52073,2.12809,1.02383,0.001
0.0663,0.1163,4.47274,2.20638,1.03774,0.001
0.0664,0.1164,4.39859,2.3031,1.03774,0.001
0.0665,0.1165,4.33752,2.42745,1.02847,0.001
0.0666,0.1166,4.31134,2.61167,1.01919,0.001
0.0667,0.1167,4.35933,2.85116,1.00528,0.001
0.0668,0.1168,4.49019,3.09065,0.986733,0.001
0.0669,0.1169,4.66904,3.21961,0.986733,0.001
0.067,0.117,4.72139,3.23803,0.99137,0.001
0.0671,0.1171,4.67776,3.21039,0.99137,0.001
0.0672,0.1172,4.66468,3.30711,0.996007,0.001
0.0673,0.1173,4.65595,3.47752,1.01456,0.001
0.0674,0.1174,4.59488,3.6249,1.00528,0.001
0.0675,0.1175,4.55562,3.74925,0.996007,0.001
0.0676,0.1176,4.54254,3.83676,0.99137,0.001
0.0677,0.1177,4.5818,3.99335,0.986733,0.001
0.0678,0.1178,4.66904,4.15454,0.972823,0.001
0.0679,0.1179,4.71702,4.32035,0.963548,0.001
0.068,0.118,4.64287,4.45852,0.949637,0.001
0.0681,0.1181,4.51636,4.58747,0.949637,0.001
0.0682,0.1182,4.43348,4.82697,0.958911,0.001
0.0683,0.1183,4.40295,5.14015,0.944999,0.001
0.0684,0.1184,4.41167,5.35662,0.940362,0.001
0.0685,0.1185,4.42476,5.52703,0.931088,0.001
0.0686,0.1186,4.34624,5.64217,0.944999,0.001
0.0687,0.1187,4.16303,5.79877,0.940362,0.001
0.0688,0.1188,3.98854,5.96457,0.972823,0.001
0.0689,0.1189,3.92747,6.05668,0.958911,0.001
0.069,0.119,3.88821,6.01523,0.954274,0.001
0.0691,0.1191,3.8315,5.93233,0.935725,0.001
0.0692,0.1192,3.80969,5.94154,0.92645,0.001
0.0693,0.1193,3.76607,6.05208,0.903264,0.001
0.0694,0.1194,3.68319,6.16262,0.903264,0.001
0.0695,0.1195,3.65702,6.16262,0.889353,0.001
0.0696,0.1196,3.69191,6.12116,0.907902,0.001
0.0697,0.1197,3.75298,6.06129,0.889353,0.001
0.0698,0.1198,3.7748,6.05208,0.884715,0.001
0.0699,0.1199,3.80969,6.02444,0.898627,0.001
0.07,0.12,3.89257,6.02444,0.898627,0.001
0.0701,0.1201,4.01035,6.05208,0.89399,0.001
0.0702,0.1202,4.0976,6.06589,0.903264,0.001
0.0703,0.1203,4.0976,6.07971,0.884715,0.001
0.0704,0.1204,4.05397,6.08432,0.903264,0.001
0.0705,0.1205,4.02344,6.17643,0.903264,0.001
0.0706,0.1206,3.9929,6.30539,0.912539,0.001
0.0707,0.1207,3.99727,6.36527,0.931088,0.001
0.0708,0.1208,3.94056,6.45738,0.963548,0.001
0.0709,0.1209,3.89694,6.50804,0.982096,0.001
0.071,0.121,3.86204,6.50344,1.02847,0.001
0.0711,0.1211,3.83587,6.50804,1.0702,0.001
0.0712,0.1212,3.78788,6.52647,1.13976,0.001
0.0713,0.1213,3.86204,6.60016,1.20932,0.001
0.0714,0.1214,3.97109,6.64161,1.31134,0.001
0.0715,0.1215,4.11504,6.66924,1.42263,0.001
0.0716,0.1216,4.26772,6.73372,1.56175,0.001
0.0717,0.1217,4.35933,6.78899,1.76578,0.001
0.0718,0.1218,4.42912,6.85347,2.05793,0.001
0.0719,0.1219,4.45529,6.88111,2.42427,0.001
0.072,0.122,4.47274,6.94559,2.75351,0.001
0.0721,0.1221,4.55999,7.04231,2.95755,0.001
0.0722,0.1222,4.67776,7.12521,3.05493,0.001
0.0723,0.1223,4.78682,7.21733,3.19868,0.001
0.0724,0.1224,4.9395,7.28641,3.35171,0.001
0.0725,0.1225,5.11398,7.36932,3.48619,0.001
0.0726,0.1226,5.2274,7.39234,3.59284,0.001
0.0727,0.1227,5.30592,7.29102,3.76442,0.001
0.0728,0.1228,5.34954,7.116,3.8989,0.001
0.0729,0.1229,5.40189,6.91335,4.01483,0.001
0.073,0.123,5.49349,6.78899,4.12149,0.001
0.0731,0.1231,5.60255,6.7107,4.17713,0.001
0.0732,0.1232,5.69415,6.66924,4.0983,0.001
0.0733,0.1233,5.76395,6.64621,3.96846,0.001
0.0734,0.1234,5.85119,6.56331,3.88499,0.001
0.0735,0.1235,5.99514,6.46199,3.84325,0.001
0.0736,0.1236,6.16963,6.42053,3.82007,0.001
0.0737,0.1237,6.26996,6.45738,3.76442,0.001
0.0738,0.1238,6.25687,6.51265,3.69023,0.001
0.0739,0.1239,6.18272,6.5495,3.61139,0.001
0.074,0.124,6.16091,6.54028,3.51401,0.001
0.0741,0.1241,6.19144,6.4758,3.39808,0.001
0.0742,0.1242,6.17399,6.37908,3.25896,0.001
0.0743,0.1243,6.08239,6.36066,3.03638,0.001
0.0744,0.1244,5.99951,6.43435,2.75814,0.001
0.0745,0.1245,5.99951,6.5495,2.47528,0.001
0.0746,0.1246,5.99514,6.64621,2.20168,0.001
0.0747,0.1247,5.96897,6.72912,1.97446,0.001
0.0748,0.1248,5.92971,6.81663,1.80288,0.001
0.0749,0.1249,5.89917,6.88571,1.65913,0.001
0.075,0.125,5.89917,6.89492,1.50146,0.001
0.0751,0.1251,5.93407,6.83505,1.28815,0.001
0.0752,0.1252,5.97769,6.71991,1.1444,0.001
0.0753,0.1253,6.00387,6.59555,1.08411,0.001
0.0754,0.1254,5.97333,6.51726,1.02847,0.001
0.0755,0.1255,5.89045,6.42975,0.944999,0.001
0.0756,0.1256,5.75958,6.35145,0.912539,0.001
0.0757,0.1257,5.64181,6.22249,0.903264,0.001
0.0758,0.1258,5.57201,6.08892,0.884715,0.001
0.0759,0.1259,5.56329,5.99681,0.898627,0.001
0.076,0.126,5.60255,5.9093,0.917176,0.001
0.0761,0.1261,5.60255,5.831,0.949637,0.001
0.0762,0.1262,5.61563,5.79416,0.972823,0.001
0.0763,0.1263,5.62872,5.80337,0.99137,0.001
0.0764,0.1264,5.68979,5.78495,1.07484,0.001
0.0765,0.1265,5.69851,5.75271,1.22787,0.001
0.0766,0.1266,5.66362,5.73889,1.29279,0.001
0.0767,0.1267,5.63308,5.7435,1.32525,0.001
0.0768,0.1268,5.64181,5.83561,1.38553,0.001
0.0769,0.1269,5.64617,5.89548,1.469,0.001
0.077,0.127,5.63308,5.95996,1.49219,0.001
0.0771,0.1271,5.63744,6.01523,1.52465,0.001
0.0772,0.1272,5.61127,6.13038,1.57102,0.001
0.0773,0.1273,5.61127,6.18104,1.59884,0.001
0.0774,0.1274,5.61127,6.19025,1.57102,0.001
0.0775,0.1275,5.59382,6.18104,1.46436,0.001
0.0776,0.1276,5.5502,6.13959,1.29743,0.001
0.0777,0.1277,5.44987,6.10735,1.17686,0.001
0.0778,0.1278,5.38444,6.00141,1.07484,0.001
0.0779,0.1279,5.38007,5.8264,1.01919,0.001
0.078,0.128,5.3888,5.59151,0.986733,0.001
0.0781,0.1281,5.3888,5.36583,0.931088,0.001
0.0782,0.1282,5.35826,5.15858,0.866167,0.001
0.0783,0.1283,5.37135,4.97435,0.801245,0.001
0.0784,0.1284,5.34081,4.89145,0.778061,0.001
0.0785,0.1285,5.25793,4.82236,0.750237,0.001
0.0786,0.1286,5.13579,4.6934,0.731688,0.001
0.0787,0.1287,5.04419,4.53221,0.727051,0.001
0.0788,0.1288,4.96131,4.32956,0.703865,0.001
0.0789,0.1289,4.87842,4.08546,0.703865,0.001
0.079,0.129,4.8348,3.76767,0.699228,0.001
0.0791,0.1291,4.77809,3.44528,0.703865,0.001
0.0792,0.1292,4.7083,3.16894,0.731688,0.001
0.0793,0.1293,4.63414,2.87419,0.750237,0.001
0.0794,0.1294,4.53381,2.62549,0.773423,0.001
0.0795,0.1295,4.4204,2.37679,0.801245,0.001
0.0796,0.1296,4.34188,2.16493,0.815157,0.001
0.0797,0.1297,4.26336,1.9761,0.829069,0.001
0.0798,0.1298,4.16303,1.8103,0.84298,0.001
0.0799,0.1299,4.07142,1.66753,0.824432,0.001
0.08,0.13,4.00163,1.50634,0.805883,0.001
0.0801,0.1301,3.98854,1.36357,0.778061,0.001
0.0802,0.1302,3.97546,1.23461,0.778061,0.001
0.0803,0.1303,3.9013,1.03197,0.782698,0.001
0.0804,0.1304,3.80533,0.792487,0.778061,0.001
0.0805,0.1305,3.705,0.6359,0.773423,0.001
0.0806,0.1306,3.65702,0.571423,0.782698,0.001
0.0807,0.1307,3.64829,0.553001,0.782698,0.001
0.0808,0.1308,3.63957,0.580634,0.778061,0.001
0.0809,0.1309,3.60467,0.649717,0.787334,0.001
0.081,0.131,3.59158,0.709588,0.778061,0.001
0.0811,0.1311,3.61776,0.704983,0.782698,0.001
0.0812,0.1312,3.62648,0.67735,0.778061,0.001
0.0813,0.1313,3.66574,0.640506,0.759512,0.001
0.0814,0.1314,3.71809,0.626689,0.773423,0.001
0.0815,0.1315,3.79224,0.599056,0.754875,0.001
0.0816,0.1316,3.80533,0.566817,0.782698,0.001
0.0817,0.1317,3.78352,0.529973,0.801245,0.001
0.0818,0.1318,3.80097,0.502342,0.805883,0.001
0.0819,0.1319,3.84459,0.465498,0.852255,0.001
0.082,0.132,3.83587,0.456287,0.898627,0.001
0.0821,0.1321,3.80097,0.451681,0.921813,0.001
0.0822,0.1322,3.77043,0.428653,0.958911,0.001
0.0823,0.1323,3.75298,0.419442,0.97746,0.001
0.0824,0.1324,3.73117,0.396415,0.996007,0.001
0.0825,0.1325,3.705,0.391809,0.996007,0.001
0.0826,0.1326,3.62212,0.391809,0.986733,0.001
0.0827,0.1327,3.49998,0.387204,0.972823,0.001
0.0828,0.1328,3.30368,0.391809,0.99137,0.001
0.0829,0.1329,3.07249,0.373387,1.01456,0.001
0.083,0.133,2.84129,0.382598,1.06093,0.001
0.0831,0.1331,2.72788,0.368782,1.11194,0.001
0.0832,0.1332,2.63191,0.377993,1.20004,0.001
0.0833,0.1333,2.54467,0.373387,1.26497,0.001
0.0834,0.1334,2.40072,0.364176,1.33916,0.001
0.0835,0.1335,2.24804,0.359571,1.3809,0.001
0.0836,0.1336,2.09973,0.35036,1.40872,0.001
0.0837,0.1337,1.90343,0.359571,1.40408,0.001
0.0838,0.1338,1.67224,0.364176,1.38553,0.001
0.0839,0.1339,1.41051,0.35036,1.35307,0.001
0.084,0.134,1.11825,0.345754,1.33916,0.001
0.0841,0.1341,0.821621,0.341149,1.36235,0.001
0.0842,0.1342,0.572979,0.327332,1.36235,0.001
0.0843,0.1343,0.328699,0.318123,1.35771,0.001
0.0844,0.1344,0.101869,0.304306,1.37626,0.001
0.0845,0.1345,0.00590179,0.295095,1.35771,0.001
0.0846,0.1346,0.119318,0.285884,1.3438,0.001
0.0847,0.1347,0.241457,0.281279,1.32989,0.001
0.0848,0.1348,0.280717,0.281279,1.2696,0.001
0.0849,0.1349,0.276354,0.276673,1.2325,0.001
0.085,0.135,0.285079,0.29049,1.1444,0.001
0.0851,0.1351,0.263268,0.304306,1.08411,0.001
0.0852,0.1352,0.241457,0.295095,0.968186,0.001
0.0853,0.1353,0.241457,0.295095,0.907902,0.001
0.0854,0.1354,0.263268,0.295095,0.880078,0.001
0.0855,0.1355,0.289441,0.281279,0.833706,0.001
0.0856,0.1356,0.315614,0.281279,0.815157,0.001
0.0857,0.1357,0.324338,0.276673,0.805883,0.001
0.0858,0.1358,0.363596,0.281279,0.791971,0.001
0.0859,0.1359,0.437753,0.276673,0.791971,0.001
0.086,0.136,0.498823,0.267462,0.754875,0.001
0.0861,0.1361,0.568617,0.276673,0.736326,0.001
0.0862,0.1362,0.634049,0.272068,0.699228,0.001
0.0863,0.1363,0.695118,0.262857,0.685316,0.001
0.0864,0.1364,0.795448,0.267462,0.648218,0.001
0.0865,0.1365,0.917587,0.267462,0.643581,0.001
0.0866,0.1366,1.09643,0.267462,0.638944,0.001
0.0867,0.1367,1.32763,0.262857,0.62967,0.001
0.0868,0.1368,1.6417,0.258251,0.62967,0.001
0.0869,0.1369,1.97759,0.262857,0.625032,0.001
0.087,0.137,2.28294,0.262857,0.643581,0.001
0.0871,0.1371,2.42689,0.276673,0.643581,0.001
0.0872,0.1372,2.46615,0.262857,0.62967,0.001
0.0873,0.1373,2.48796,0.281279,0.634307,0.001
0.0874,0.1374,2.54903,0.29049,0.625032,0.001
0.0875,0.1375,2.56212,0.295095,0.638944,0.001
0.0876,0.1376,2.58393,0.295095,0.62967,0.001
0.0877,0.1377,2.62319,0.295095,0.652856,0.001
0.0878,0.1378,2.64936,0.304306,0.652856,0.001
0.0879,0.1379,2.67117,0.295095,0.676042,0.001
0.088,0.138,2.71479,0.295095,0.671405,0.001
0.0881,0.1381,2.76714,0.308912,0.689953,0.001
0.0882,0.1382,2.81948,0.304306,0.703865,0.001
0.0883,0.1383,2.84129,0.299701,0.708502,0.001
0.0884,0.1384,2.90236,0.313517,0.722414,0.001
0.0885,0.1385,3.07685,0.304306,0.740963,0.001
0.0886,0.1386,3.29932,0.299701,0.731688,0.001
0.0887,0.1387,3.30804,0.295095,0.736326,0.001
0.0888,0.1388,3.22953,0.299701,0.740963,0.001
0.0889,0.1389,3.29496,0.313517,0.7456,0.001
0.089,0.139,3.47381,0.313517,0.750237,0.001
0.0891,0.1391,3.64829,0.327332,0.773423,0.001
0.0892,0.1392,3.76171,0.308912,0.778061,0.001
0.0893,0.1393,3.81406,0.308912,0.805883,0.001
0.0894,0.1394,3.83587,0.304306,0.833706,0.001
0.0895,0.1395,3.8315,0.318123,0.838343,0.001
0.0896,0.1396,3.80969,0.327332,0.852255,0.001
0.0897,0.1397,3.83587,0.308912,0.875441,0.001
0.0898,0.1398,3.89257,0.313517,0.870804,0.001
0.0899,0.1399,3.94056,0.313517,0.880078,0.001
0.09,0.14,4.04525,0.308912,0.89399,0.001
0.0901,0.1401,4.10632,0.327332,0.912539,0.001
0.0902,0.1402,4.05834,0.336543,0.907902,0.001
0.0903,0.1403,4.08015,0.341149,0.912539,0.001
0.0904,0.1404,4.28953,0.35036,0.931088,0.001
0.0905,0.1405,4.57307,0.35036,0.907902,0.001
0.0906,0.1406,4.80427,0.354965,0.935725,0.001
0.0907,0.1407,5.00493,0.364176,0.940362,0.001
0.0908,0.1408,5.16633,0.359571,0.954274,0.001
0.0909,0.1409,5.24049,0.368782,0.958911,0.001
0.091,0.141,5.24485,0.382598,0.963548,0.001
0.0911,0.1411,5.23612,0.387204,0.958911,0.001
0.0912,0.1412,5.3539,0.396415,0.958911,0.001
0.0913,0.1413,5.5153,0.391809,0.954274,0.001
0.0914,0.1414,5.65926,0.405626,0.968186,0.001
0.0915,0.1415,5.7465,0.405626,0.963548,0.001
0.0916,0.1416,5.71596,0.414837,0.972823,0.001
0.0917,0.1417,5.69851,0.437865,0.968186,0.001
0.0918,0.1418,5.68107,0.437865,0.99137,0.001
0.0919,0.1419,5.60255,0.470103,1.00064,0.001
0.092,0.142,5.48477,0.493131,0.99137,0.001
0.0921,0.1421,5.4237,0.497736,0.99137,0.001
0.0922,0.1422,5.38444,0.511553,0.97746,0.001
0.0923,0.1423,5.33645,0.529973,0.982096,0.001
0.0924,0.1424,5.30592,0.539184,0.97746,0.001
0.0925,0.1425,5.35826,0.54379,0.986733,0.001
0.0926,0.1426,5.48041,0.566817,1.00064,0.001
0.0927,0.1427,5.68107,0.576028,1.01919,0.001
0.0928,0.1428,5.80757,0.603662,1.03774,0.001
0.0929,0.1429,5.78576,0.626689,1.03774,0.001
0.093,0.143,5.63308,0.6359,1.06557,0.001
0.0931,0.1431,5.47168,0.658928,1.04702,0.001
0.0932,0.1432,5.27975,0.67735,1.05629,0.001
0.0933,0.1433,5.11398,0.686561,1.05165,0.001
0.0934,0.1434,4.93077,0.718798,1.04238,0.001
0.0935,0.1435,4.76065,0.755642,1.03774,0.001
0.0936,0.1436,4.57743,0.77867,1.02383,0.001
0.0937,0.1437,4.29826,0.806303,1.02847,0.001
0.0938,0.1438,4.08887,0.833936,1.02847,0.001
0.0939,0.1439,4.01035,0.879991,1.03311,0.001
0.094,0.144,3.9362,0.939862,1.04702,0.001
0.0941,0.1441,3.89257,0.972101,1.07484,0.001
0.0942,0.1442,3.88385,1.01816,1.06557,0.001
0.0943,0.1443,3.9013,1.055,1.07484,0.001
0.0944,0.1444,3.88385,1.10105,1.08875,0.001
0.0945,0.1445,3.80097,1.13329,1.10266,0.001
0.0946,0.1446,3.67883,1.20238,1.11194,0.001
0.0947,0.1447,3.57414,1.27146,1.12121,0.001
0.0948,0.1448,3.5087,1.32212,1.12121,0.001
0.0949,0.1449,3.43018,1.40962,1.13049,0.001
0.095,0.145,3.33858,1.52016,1.12121,0.001
0.0951,0.1451,3.31241,1.6399,1.13976,0.001
0.0952,0.1452,3.28187,1.76885,1.14904,0.001
0.0953,0.1453,3.2208,1.93465,1.15831,0.001
0.0954,0.1454,3.18154,2.12809,1.16295,0.001
0.0955,0.1455,3.14228,2.31231,1.16295,0.001
0.0956,0.1456,3.1292,2.49193,1.13512,0.001
0.0957,0.1457,3.12483,2.66694,1.1073,0.001
0.0958,0.1458,3.08557,2.81431,1.0702,0.001
0.0959,0.1459,3.00706,2.96169,1.03774,0.001
0.096,0.146,2.88928,3.09525,0.99137,0.001
0.0961,0.1461,2.83693,3.26566,0.986733,0.001
0.0962,0.1462,2.81948,3.50055,0.958911,0.001
0.0963,0.1463,2.73224,3.74004,0.949637,0.001
0.0964,0.1464,2.56648,3.96111,0.949637,0.001
0.0965,0.1465,2.38763,4.16836,0.958911,0.001
0.0966,0.1466,2.27421,4.3664,0.963548,0.001
0.0967,0.1467,2.17825,4.51839,0.954274,0.001
0.0968,0.1468,2.1608,4.63353,0.97746,0.001
0.0969,0.1469,2.22187,4.72104,0.972823,0.001
0.097,0.147,2.30475,4.82236,0.97746,0.001
0.0971,0.1471,2.37891,4.89145,0.97746,0.001
0.0972,0.1472,2.43998,5.02962,0.99137,0.001
0.0973,0.1473,2.47487,5.14015,1.01919,0.001
0.0974,0.1474,2.47923,5.16779,1.04238,0.001
0.0975,0.1475,2.47923,5.23227,1.04238,0.001
0.0976,0.1476,2.40508,5.30135,1.06093,0.001
0.0977,0.1477,2.31784,5.27372,1.08411,0.001
0.0978,0.1478,2.26985,5.13094,1.11658,0.001
0.0979,0.1479,2.23495,4.97435,1.17686,0.001
0.098,0.148,2.20878,4.83157,1.19077,0.001
0.0981,0.1481,2.14771,4.69801,1.20004,0.001
0.0982,0.1482,2.05611,4.55063,1.19541,0.001
0.0983,0.1483,2.02557,4.4447,1.20468,0.001
0.0984,0.1484,2.01248,4.34337,1.20004,0.001
0.0985,0.1485,1.96014,4.23284,1.2325,0.001
0.0986,0.1486,1.93397,4.10388,1.27424,0.001
0.0987,0.1487,1.95578,4.01177,1.32061,0.001
0.0988,0.1488,2.00812,3.92426,1.3809,0.001
0.0989,0.1489,2.13899,3.869,1.41336,0.001
0.099,0.149,2.35709,3.87821,1.44582,0.001
0.0991,0.1491,2.60574,3.88281,1.48755,0.001
0.0992,0.1492,2.84566,3.91045,1.48291,0.001
0.0993,0.1493,2.95035,3.94269,1.48755,0.001
0.0994,0.1494,2.91981,3.93347,1.49683,0.001
0.0995,0.1495,2.88492,3.94729,1.51537,0.001
0.0996,0.1496,2.85874,3.96111,1.57566,0.001
0.0997,0.1497,2.85438,3.96571,1.61739,0.001
0.0998,0.1498,2.86747,3.96571,1.64522,0.001
0.0999,0.1499,2.87619,3.93808,1.7055,0.001
0.1,0.15,2.91545,3.85057,1.79361,0.001
0.1001,0.1501,3.01578,3.71701,1.88171,0.001
0.1002,0.1502,3.17718,3.62029,1.99301,0.001
0.1003,0.1503,3.33422,3.55581,2.12285,0.001
0.1004,0.1504,3.53924,3.52357,2.24805,0.001
0.1005,0.1505,3.84023,3.53739,2.35471,0.001
0.1006,0.1506,4.18048,3.52818,2.42427,0.001
0.1007,0.1507,4.45529,3.51436,2.45673,0.001
0.1008,0.1508,4.59488,3.47752,2.53092,0.001
0.1009,0.1509,4.72575,3.47291,2.65149,0.001
0.101,0.151,4.91768,3.542,2.81379,0.001
0.1011,0.1511,5.12707,3.61569,2.99001,0.001
0.1012,0.1512,5.31464,3.64793,3.14303,0.001
0.1013,0.1513,5.41061,3.73083,3.24969,0.001
0.1014,0.1514,5.44551,3.82294,3.30997,0.001
0.1015,0.1515,5.44987,3.85518,3.31461,0.001
0.1016,0.1516,5.44551,3.85978,3.26824,0.001
0.1017,0.1517,5.41933,3.89663,3.22187,0.001
0.1018,0.1518,5.40189,3.97493,3.20332,0.001
0.1019,0.1519,5.4237,4.02559,3.20795,0.001
0.102,0.152,5.50658,4.09928,3.23114,0.001
0.1021,0.1521,5.54584,4.16376,3.25896,0.001
0.1022,0.1522,5.54148,4.24666,3.24505,0.001
0.1023,0.1523,5.57201,4.35259,3.18941,0.001
0.1024,0.1524,5.68979,4.43549,3.05956,0.001
0.1025,0.1525,5.8381,4.49536,2.79524,0.001
0.1026,0.1526,5.99951,4.47233,2.45209,0.001
0.1027,0.1527,6.1042,4.47694,2.11357,0.001
0.1028,0.1528,6.16963,4.50457,1.81679,0.001
0.1029,0.1529,6.14346,4.49536,1.56638,0.001
0.103,0.153,6.04313,4.49076,1.32989,0.001
0.1031,0.1531,5.91226,4.53681,1.13512,0.001
0.1032,0.1532,5.79884,4.58287,0.972823,0.001
0.1033,0.1533,5.77267,4.57826,0.787334,0.001
0.1034,0.1534,5.81193,4.57826,0.625032,0.001
0.1035,0.1535,5.8381,4.61511,0.51374,0.001
0.1036,0.1536,5.83374,4.67037,0.420996,0.001
0.1037,0.1537,5.81629,4.76709,0.3839,0.001
0.1038,0.1538,5.85119,4.88684,0.379262,0.001
0.1039,0.1539,5.90354,5.04804,0.425633,0.001
0.104,0.154,5.92971,5.20463,0.472005,0.001
0.1041,0.1541,5.93843,5.2599,0.518378,0.001
0.1042,0.1542,5.873,5.22305,0.597209,0.001
0.1043,0.1543,5.78576,5.1816,0.638944,0.001
0.1044,0.1544,5.75958,5.14476,0.666767,0.001
0.1045,0.1545,5.76395,5.17239,0.676042,0.001
0.1046,0.1546,5.76395,5.18621,0.680679,0.001
0.1047,0.1547,5.79448,5.19082,0.731688,0.001
0.1048,0.1548,5.82938,5.20463,0.694591,0.001
0.1049,0.1549,5.87736,5.20463,0.699228,0.001
0.105,0.155,5.873,5.13555,0.671405,0.001
0.1051,0.1551,5.87736,5.0941,0.648218,0.001
0.1052,0.1552,5.89481,5.08488,0.634307,0.001
0.1053,0.1553,5.9079,5.16779,0.611121,0.001
0.1054,0.1554,5.91226,5.27832,0.611121,0.001
0.1055,0.1555,5.9428,5.34741,0.615758,0.001
0.1056,0.1556,5.96025,5.40268,0.615758,0.001
0.1057,0.1557,5.98642,5.47176,0.648218,0.001
0.1058,0.1558,5.99951,5.50861,0.666767,0.001
0.1059,0.1559,6.02568,5.54085,0.699228,0.001
0.106,0.156,6.05185,5.53163,0.754875,0.001
0.1061,0.1561,6.03877,5.47176,0.787334,0.001
0.1062,0.1562,6.01695,5.34741,0.824432,0.001
0.1063,0.1563,5.95588,5.16318,0.866167,0.001
0.1064,0.1564,5.85555,4.97435,0.89399,0.001
0.1065,0.1565,5.73777,4.79933,0.944999,0.001
0.1066,0.1566,5.60255,4.64274,0.986733,0.001
0.1067,0.1567,5.47604,4.55063,1.03311,0.001
0.1068,0.1568,5.37571,4.48154,1.08411,0.001
0.1069,0.1569,5.28847,4.39864,1.14904,0.001
0.107,0.157,5.17505,4.33416,1.25105,0.001
0.1071,0.1571,5.08345,4.23284,1.36235,0.001
0.1072,0.1572,5.02674,4.14073,1.48755,0.001
0.1073,0.1573,4.9395,4.02559,1.62203,0.001
0.1074,0.1574,4.77373,3.91505,1.72869,0.001
0.1075,0.1575,4.59488,3.75386,1.82143,0.001
0.1076,0.1576,4.43784,3.5466,1.89562,0.001
0.1077,0.1577,4.29389,3.28869,1.93736,0.001
0.1078,0.1578,4.18048,3.00775,1.93272,0.001
0.1079,0.1579,4.06706,2.75444,1.99764,0.001
0.108,0.158,3.96237,2.5564,2.05793,0.001
0.1081,0.1581,3.86204,2.45508,2.11821,0.001
0.1082,0.1582,3.74862,2.41363,2.16458,0.001
0.1083,0.1583,3.64393,2.36758,2.24805,0.001
0.1084,0.1584,3.55233,2.31691,2.28979,0.001
0.1085,0.1585,3.49562,2.32152,2.35934,0.001
0.1086,0.1586,3.452,2.37679,2.41499,0.001
0.1087,0.1587,3.40401,2.43666,2.47528,0.001
0.1088,0.1588,3.35167,2.51035,2.47528,0.001
0.1089,0.1589,3.32549,2.53338,2.38717,0.001
0.109,0.159,3.28187,2.56561,2.27124,0.001
0.1091,0.1591,3.23389,2.60706,2.20168,0.001
0.1092,0.1592,3.17718,2.63009,2.16458,0.001
0.1093,0.1593,3.14664,2.68536,2.15995,0.001
0.1094,0.1594,3.11175,2.77286,2.08575,0.001
0.1095,0.1595,3.0594,2.84195,2.0672,0.001
0.1096,0.1596,3.00706,2.9663,2.02083,0.001
0.1097,0.1597,2.96343,3.05841,1.96055,0.001
0.1098,0.1598,2.94162,3.12289,1.85389,0.001
0.1099,0.1599,2.95471,3.13671,1.75651,0.001
0.11,0.16,3.00269,3.09525,1.7055,0.001
0.1101,0.1601,3.07685,3.02617,1.7426,0.001
0.1102,0.1602,3.15101,2.96169,1.78433,0.001
0.1103,0.1603,3.18154,2.95709,1.88171,0.001
0.1104,0.1604,3.16846,2.97551,1.96055,0.001
0.1105,0.1605,3.14664,2.9709,2.09502,0.001
0.1106,0.1606,3.13356,2.92945,2.1414,0.001
0.1107,0.1607,3.14228,2.89721,2.17386,0.001
0.1108,0.1608,3.14664,2.8834,2.14603,0.001
0.1109,0.1609,3.16409,2.86498,2.08575,0.001
0.111,0.161,3.15101,2.8005,1.95591,0.001
0.1111,0.1611,3.12047,2.77286,1.82143,0.001
0.1112,0.1612,3.10739,2.74063,1.7426,0.001
0.1113,0.1613,3.07685,2.68536,1.67304,0.001
0.1114,0.1614,3.01578,2.61167,1.60812,0.001
0.1115,0.1615,2.93726,2.52877,1.56638,0.001
0.1116,0.1616,2.8631,2.49653,1.52001,0.001
0.1117,0.1617,2.8064,2.45969,1.44582,0.001
0.1118,0.1618,2.71043,2.39981,1.39481,0.001
0.1119,0.1619,2.58829,2.37679,1.34843,0.001
0.112,0.162,2.46179,2.37218,1.39481,0.001
0.1121,0.1621,2.34401,2.35836,1.45509,0.001
0.1122,0.1622,2.23059,2.33073,1.5061,0.001
0.1123,0.1623,2.10845,2.2248,1.49683,0.001
0.1124,0.1624,1.98195,2.10966,1.46436,0.001
0.1125,0.1625,1.91652,1.98992,1.42727,0.001
0.1126,0.1626,1.82491,1.84715,1.37626,0.001
0.1127,0.1627,1.73767,1.68596,1.31597,0.001
0.1128,0.1628,1.70713,1.56621,1.28815,0.001
0.1129,0.1629,1.69405,1.50173,1.32061,0.001
0.113,0.163,1.74203,1.41423,1.33452,0.001
0.1131,0.1631,1.7682,1.32212,1.29279,0.001
0.1132,0.1632,1.78565,1.23461,1.23714,0.001
0.1133,0.1633,1.82927,1.16553,1.21859,0.001
0.1134,0.1634,1.86853,1.08263,1.20932,0.001
0.1135,0.1635,1.91216,1.01355,1.19541,0.001
0.1136,0.1636,1.97759,0.949073,1.15831,0.001
0.1137,0.1637,2.05174,0.884596,1.09803,0.001
0.1138,0.1638,2.17388,0.838542,1.06093,0.001
0.1139,0.1639,2.29166,0.792487,1.06557,0.001
0.114,0.164,2.38763,0.755642,1.12121,0.001
0.1141,0.1641,2.47051,0.704983,1.17222,0.001
0.1142,0.1642,2.54467,0.681955,1.1815,0.001
0.1143,0.1643,2.65808,0.631295,1.22787,0.001
0.1144,0.1644,2.8064,0.603662,1.20004,0.001
0.1145,0.1645,2.98524,0.576028,1.1815,0.001
0.1146,0.1646,3.1292,0.553001,1.15367,0.001
0.1147,0.1647,3.21644,0.534579,1.11658,0.001
0.1148,0.1648,3.2557,0.525368,1.04702,0.001
0.1149,0.1649,3.2906,0.493131,1.00064,0.001
0.115,0.165,3.33422,0.48392,0.968186,0.001
0.1151,0.1651,3.40401,0.479314,0.986733,0.001
0.1152,0.1652,3.46508,0.470103,1.01919,0.001
0.1153,0.1653,3.52179,0.465498,1.08411,0.001
0.1154,0.1654,3.5436,0.465498,1.14904,0.001
0.1155,0.1655,3.56541,0.479314,1.24642,0.001
0.1156,0.1656,3.60903,0.465498,1.28351,0.001
0.1157,0.1657,3.64393,0.493131,1.29279,0.001
0.1158,0.1658,3.65266,0.511553,1.28815,0.001
0.1159,0.1659,3.69628,0.502342,1.24178,0.001
0.116,0.166,3.74426,0.520764,1.20932,0.001
0.1161,0.1661,3.79661,0.520764,1.16295,0.001
0.1162,0.1662,3.79224,0.539184,1.13512,0.001
0.1163,0.1663,3.73117,0.529973,1.11658,0.001
0.1164,0.1664,3.65266,0.525368,1.12121,0.001
0.1165,0.1665,3.5785,0.534579,1.08411,0.001
0.1166,0.1666,3.52615,0.516158,1.07484,0.001
0.1167,0.1667,3.49998,0.520764,1.07484,0.001
0.1168,0.1668,3.49126,0.502342,1.06093,0.001
0.1169,0.1669,3.51307,0.502342,1.02383,0.001
0.117,0.167,3.56541,0.502342,0.963548,0.001
0.1171,0.1671,3.60031,0.502342,0.889353,0.001
0.1172,0.1672,3.63521,0.502342,0.824432,0.001
0.1173,0.1673,3.67447,0.516158,0.773423,0.001
0.1174,0.1674,3.72681,0.516158,0.731688,0.001
0.1175,0.1675,3.75735,0.525368,0.703865,0.001
0.1176,0.1676,3.78788,0.553001,0.689953,0.001
0.1177,0.1677,3.81406,0.557606,0.676042,0.001
0.1178,0.1678,3.85331,0.557606,0.66213,0.001
0.1179,0.1679,3.88385,0.562212,0.652856,0.001
0.118,0.168,3.95364,0.580634,0.643581,0.001
0.1181,0.1681,4.03216,0.585239,0.648218,0.001
0.1182,0.1682,4.11504,0.580634,0.611121,0.001
0.1183,0.1683,4.23718,0.576028,0.587935,0.001
0.1184,0.1684,4.37678,0.585239,0.592572,0.001
0.1185,0.1685,4.48147,0.576028,0.587935,0.001
0.1186,0.1686,4.59488,0.594451,0.583299,0.001
0.1187,0.1687,4.68213,0.608267,0.583299,0.001
0.1188,0.1688,4.78682,0.622084,0.583299,0.001
0.1189,0.1689,4.86534,0.645111,0.592572,0.001
0.119,0.169,4.93513,0.672744,0.606483,0.001
0.1191,0.1691,4.99184,0.700377,0.625032,0.001
0.1192,0.1692,5.03546,0.718798,0.625032,0.001
0.1193,0.1693,5.05291,0.746431,0.652856,0.001
0.1194,0.1694,5.04419,0.797092,0.66213,0.001
0.1195,0.1695,4.9962,0.82012,0.703865,0.001
0.1196,0.1696,4.93077,0.866174,0.754875,0.001
0.1197,0.1697,4.84789,0.916835,0.791971,0.001
0.1198,0.1698,4.76937,0.958284,0.856892,0.001
0.1199,0.1699,4.71266,1.01816,0.898627,0.001
0.12,0.17,4.66468,1.07803,0.972823,0.001
0.1201,0.1701,4.62106,1.15172,1.02847,0.001
0.1202,0.1702,4.5469,1.23922,1.1073,0.001
0.1203,0.1703,4.45529,1.34975,1.18613,0.001
0.1204,0.1704,4.37678,1.48331,1.27424,0.001
0.1205,0.1705,4.259,1.59384,1.38553,0.001
0.1206,0.1706,4.11941,1.7228,1.49219,0.001
0.1207,0.1707,3.98418,1.81491,1.62667,0.001
0.1208,0.1708,3.84459,1.8886,1.76578,0.001
0.1209,0.1709,3.705,1.93465,1.87244,0.001
0.121,0.171,3.60031,1.9715,1.98837,0.001
0.1211,0.1711,3.53051,1.9761,2.08111,0.001
0.1212,0.1712,3.46508,1.94847,2.18313,0.001
0.1213,0.1713,3.39965,1.93926,2.28051,0.001
0.1214,0.1714,3.33858,1.92084,2.33616,0.001
0.1215,0.1715,3.27315,1.94386,2.4289,0.001
0.1216,0.1716,3.20771,1.93926,2.466,0.001
0.1217,0.1717,3.13792,1.9761,2.47991,0.001
0.1218,0.1718,3.0943,1.99913,2.45673,0.001
0.1219,0.1719,3.0245,2.07743,2.39181,0.001
0.122,0.172,2.94162,2.15111,2.3408,0.001
0.1221,0.1721,2.87619,2.25244,2.22023,0.001
0.1222,0.1722,2.83257,2.386,2.09502,0.001
0.1223,0.1723,2.79331,2.51956,1.97909,0.001
0.1224,0.1724,2.7366,2.64391,1.90954,0.001
0.1225,0.1725,2.66245,2.75444,1.90026,0.001
0.1226,0.1726,2.58393,2.84655,1.88171,0.001
0.1227,0.1727,2.50977,2.9709,1.8678,0.001
0.1228,0.1728,2.46179,3.10907,1.8678,0.001
0.1229,0.1729,2.38763,3.24724,1.88635,0.001
0.123,0.173,2.34837,3.36698,1.91881,0.001
0.1231,0.1731,2.30039,3.51897,1.942,0.001
0.1232,0.1732,2.24804,3.69859,1.93736,0.001
0.1233,0.1733,2.1957,3.85978,1.942,0.001
0.1234,0.1734,2.16516,3.98874,1.92345,0.001
0.1235,0.1735,2.20006,4.1177,1.85853,0.001
0.1236,0.1736,2.23495,4.24205,1.79361,0.001
0.1237,0.1737,2.2524,4.34798,1.75187,0.001
0.1238,0.1738,2.27421,4.4447,1.73332,0.001
0.1239,0.1739,2.26985,4.52299,1.71014,0.001
0.124,0.174,2.23495,4.57366,1.68231,0.001
0.1241,0.1741,2.20878,4.58287,1.62667,0.001
0.1242,0.1742,2.21751,4.57826,1.56638,0.001
0.1243,0.1743,2.26113,4.56905,1.53856,0.001
0.1244,0.1744,2.29602,4.52299,1.48291,0.001
0.1245,0.1745,2.33965,4.49536,1.48291,0.001
0.1246,0.1746,2.39199,4.45852,1.50146,0.001
0.1247,0.1747,2.45742,4.47233,1.54783,0.001
0.1248,0.1748,2.52722,4.50918,1.64985,0.001
0.1249,0.1749,2.60574,4.55523,1.77969,0.001
0.125,0.175,2.68862,4.60129,1.90026,0.001
0.1251,0.1751,2.81948,4.61511,2.04865,0.001
0.1252,0.1752,2.95035,4.64735,2.17849,0.001
0.1253,0.1753,3.1292,4.67037,2.29906,0.001
0.1254,0.1754,3.27315,4.65656,2.34543,0.001
0.1255,0.1755,3.40837,4.64735,2.39181,0.001
0.1256,0.1756,3.52179,4.65656,2.42427,0.001
0.1257,0.1757,3.63521,4.69801,2.4289,0.001
0.1258,0.1758,3.77916,4.72564,2.41499,0.001
0.1259,0.1759,3.91002,4.74867,2.35471,0.001
0.126,0.176,4.01908,4.75328,2.28979,0.001
0.1261,0.1761,4.0976,4.72564,2.21559,0.001
0.1262,0.1762,4.14994,4.73025,2.13212,0.001
0.1263,0.1763,4.2241,4.72104,2.08111,0.001
0.1264,0.1764,4.32007,4.71643,2.02083,0.001
0.1265,0.1765,4.45966,4.71643,1.91881,0.001
0.1266,0.1766,4.65159,4.72104,1.83998,0.001
0.1267,0.1767,4.85225,4.6888,1.73796,0.001
0.1268,0.1768,5.03546,4.60129,1.6684,0.001
0.1269,0.1769,5.19686,4.51839,1.65913,0.001
0.127,0.177,5.3539,4.41707,1.64058,0.001
0.1271,0.1771,5.51966,4.30653,1.69622,0.001
0.1272,0.1772,5.64617,4.20521,1.71014,0.001
0.1273,0.1773,5.7116,4.09928,1.76578,0.001
0.1274,0.1774,5.7814,4.00716,1.81679,0.001
0.1275,0.1775,5.8381,3.94729,1.87244,0.001
0.1276,0.1776,5.9079,3.87821,1.92345,0.001
0.1277,0.1777,5.97769,3.79531,1.97909,0.001
0.1278,0.1778,6.00387,3.73543,2.05793,0.001
0.1279,0.1779,6.03877,3.7124,2.15067,0.001
0.128,0.178,6.08675,3.68477,2.24341,0.001
0.1281,0.1781,6.13473,3.67556,2.33616,0.001
0.1282,0.1782,6.17835,3.7124,2.39181,0.001
0.1283,0.1783,6.17835,3.78609,2.42427,0.001
0.1284,0.1784,6.18272,3.83215,2.45209,0.001
0.1285,0.1785,6.20017,3.8736,2.46136,0.001
0.1286,0.1786,6.20889,3.91045,2.50774,0.001
0.1287,0.1787,6.21761,3.91045,2.56338,0.001
0.1288,0.1788,6.22634,3.88742,2.6283,0.001
0.1289,0.1789,6.21761,3.84597,2.67468,0.001
0.129,0.179,6.20453,3.80912,2.7025,0.001
0.1291,0.1791,6.15654,3.75846,2.71177,0.001
0.1292,0.1792,6.07802,3.73543,2.72105,0.001
0.1293,0.1793,5.98642,3.72162,2.6654,0.001
0.1294,0.1794,5.90354,3.72622,2.61903,0.001
0.1295,0.1795,5.83374,3.77228,2.59121,0.001
0.1296,0.1796,5.78576,3.82294,2.54483,0.001
0.1297,0.1797,5.73777,3.92426,2.45209,0.001
0.1298,0.1798,5.7116,4.06704,2.37789,0.001
0.1299,0.1799,5.67234,4.17757,2.30834,0.001
0.13,0.18,5.63744,4.26047,2.23878,0.001
0.1301,0.1801,5.59818,4.32035,2.12748,0.001
0.1302,0.1802,5.53711,4.31574,1.99301,0.001
0.1303,0.1803,5.48041,4.31574,1.87708,0.001
0.1304,0.1804,5.47168,4.31574,1.75651,0.001
0.1305,0.1805,5.44551,4.37101,1.66376,0.001
0.1306,0.1806,5.40625,4.4447,1.57102,0.001
0.1307,0.1807,5.35826,4.48615,1.47364,0.001
0.1308,0.1808,5.33209,4.54142,1.40408,0.001
0.1309,0.1809,5.28847,4.54142,1.30206,0.001
0.131,0.181,5.27975,4.54142,1.24178,0.001
0.1311,0.1811,5.27102,4.5276,1.17222,0.001
0.1312,0.1812,5.25357,4.56905,1.13512,0.001
0.1313,0.1813,5.25793,4.64274,1.09339,0.001
0.1314,0.1814,5.2274,4.71643,1.04702,0.001
0.1315,0.1815,5.17505,4.73946,1.00992,0.001
0.1316,0.1816,5.1009,4.73485,0.972823,0.001
0.1317,0.1817,5.02238,4.75328,0.986733,0.001
0.1318,0.1818,4.96131,4.76249,1.00992,0.001
0.1319,0.1819,4.90896,4.79473,1.03311,0.001
0.132,0.182,4.85225,4.80394,1.07948,0.001
0.1321,0.1821,4.76501,4.81776,1.1073,0.001
0.1322,0.1822,4.67776,4.82697,1.14904,0.001
0.1323,0.1823,4.60797,4.8546,1.21859,0.001
0.1324,0.1824,4.53381,4.86842,1.27424,0.001
0.1325,0.1825,4.49019,4.86381,1.32989,0.001
0.1326,0.1826,4.41603,4.83157,1.37626,0.001
0.1327,0.1827,4.33315,4.79933,1.41336,0.001
0.1328,0.1828,4.30698,4.79473,1.45509,0.001
0.1329,0.1829,4.28953,4.7717,1.52465,0.001
0.133,0.183,4.25463,4.73485,1.63594,0.001
0.1331,0.1831,4.19356,4.66116,1.73332,0.001
0.1332,0.1832,4.14994,4.58747,1.82607,0.001
0.1333,0.1833,4.11504,4.52299,1.90026,0.001
0.1334,0.1834,4.07142,4.46312,1.96055,0.001
0.1335,0.1835,3.97546,4.43549,2.01155,0.001
0.1336,0.1836,3.80969,4.43549,2.06256,0.001
0.1337,0.1837,3.64829,4.42628,2.1043,0.001
0.1338,0.1838,3.46508,4.41246,2.13212,0.001
0.1339,0.1839,3.30368,4.37101,2.15531,0.001
0.134,0.184,3.1859,4.29271,2.15531,0.001
0.1341,0.1841,3.0943,4.15454,2.17849,0.001
0.1342,0.1842,3.04631,4.03019,2.20168,0.001
0.1343,0.1843,3.02887,3.8736,2.19704,0.001
0.1344,0.1844,3.06376,3.71701,2.20632,0.001
0.1345,0.1845,3.11175,3.57424,2.19704,0.001
0.1346,0.1846,3.16846,3.44067,2.16922,0.001
0.1347,0.1847,3.23389,3.33475,2.17849,0.001
0.1348,0.1848,3.26878,3.22882,2.15531,0.001
0.1349,0.1849,3.28623,3.09525,2.14603,0.001
0.135,0.185,3.28187,2.98012,2.15067,0.001
0.1351,0.1851,3.27751,2.86958,2.15995,0.001
0.1352,0.1852,3.2906,2.76826,2.18313,0.001
0.1353,0.1853,3.32113,2.63009,2.28051,0.001
0.1354,0.1854,3.36039,2.51495,2.35471,0.001
0.1355,0.1855,3.36475,2.41824,2.43354,0.001
0.1356,0.1856,3.3473,2.35836,2.47064,0.001
0.1357,0.1857,3.32113,2.27086,2.50774,0.001
0.1358,0.1858,3.30368,2.21559,2.57266,0.001
0.1359,0.1859,3.26878,2.18335,2.60512,0.001
0.136,0.186,3.26878,2.1373,2.69786,0.001
0.1361,0.1861,3.2906,2.10506,2.81379,0.001
0.1362,0.1862,3.32549,2.0544,2.92508,0.001
0.1363,0.1863,3.33422,2.01755,3.02247,0.001
0.1364,0.1864,3.31677,1.96689,3.06884,0.001
0.1365,0.1865,3.29496,1.96229,3.12448,0.001
0.1366,0.1866,3.29496,1.96229,3.1013,0.001
0.1367,0.1867,3.27751,1.98992,3.04565,0.001
0.1368,0.1868,3.26878,2.00374,2.97609,0.001
0.1369,0.1869,3.24697,1.99453,2.87408,0.001
0.137,0.187,3.20771,1.94847,2.79061,0.001
0.1371,0.1871,3.19463,1.93465,2.73496,0.001
0.1372,0.1872,3.16846,1.90702,2.64685,0.001
0.1373,0.1873,3.15973,1.90242,2.55411,0.001
0.1374,0.1874,3.14664,1.86557,2.43354,0.001
0.1375,0.1875,3.15101,1.83794,2.28515,0.001
0.1376,0.1876,3.18154,1.8057,2.13212,0.001
0.1377,0.1877,3.2208,1.80109,2.02547,0.001
0.1378,0.1878,3.24261,1.80109,1.91881,0.001
0.1379,0.1879,3.22953,1.8103,1.84462,0.001
0.138,0.188,3.20335,1.82412,1.75651,0.001
0.1381,0.1881,3.19899,1.83333,1.7426,0.001
0.1382,0.1882,3.21208,1.85175,1.75187,0.001
0.1383,0.1883,3.24697,1.86097,1.78433,0.001
0.1384,0.1884,3.30804,1.82412,1.82607,0.001
0.1385,0.1885,3.3473,1.82873,1.84925,0.001
0.1386,0.1886,3.37784,1.79649,1.84462,0.001
0.1387,0.1887,3.39093,1.75964,1.85853,0.001
0.1388,0.1888,3.40401,1.74583,1.85389,0.001
0.1389,0.1889,3.3822,1.75043,1.82143,0.001
0.139,0.189,3.32986,1.74583,1.76115,0.001
0.1391,0.1891,3.2557,1.77346,1.71014,0.001
0.1392,0.1892,3.1859,1.75964,1.6313,0.001
0.1393,0.1893,3.0943,1.73201,1.59421,0.001
0.1394,0.1894,3.02014,1.69056,1.56638,0.001
0.1395,0.1895,2.96343,1.65372,1.52465,0.001
0.1396,0.1896,2.88928,1.63069,1.47364,0.001
0.1397,0.1897,2.81512,1.60766,1.39017,0.001
0.1398,0.1898,2.74533,1.58003,1.34843,0.001
0.1399,0.1899,2.69734,1.58003,1.27424,0.001
0.14,0.19,2.67989,1.56621,1.21396,0.001
0.1401,0.1901,2.67117,1.557,1.18613,0.001
0.1402,0.1902,2.66245,1.54779,1.16295,0.001
0.1403,0.1903,2.65808,1.53397,1.17686,0.001
0.1404,0.1904,2.67117,1.50634,1.20468,0.001
0.1405,0.1905,2.69734,1.48331,1.2325,0.001
0.1406,0.1906,2.70607,1.43726,1.28815,0.001
0.1407,0.1907,2.7366,1.42344,1.30206,0.001
0.1408,0.1908,2.72788,1.41423,1.32989,0.001
0.1409,0.1909,2.74969,1.43265,1.32061,0.001
0.141,0.191,2.7715,1.47871,1.32989,0.001
0.1411,0.1911,2.8064,1.51095,1.32061,0.001
0.1412,0.1912,2.86747,1.55239,1.33916,0.001
0.1413,0.1913,2.93726,1.56161,1.33916,0.001
0.1414,0.1914,3.03759,1.557,1.35771,0.001
0.1415,0.1915,3.12483,1.52016,1.3809,0.001
0.1416,0.1916,3.19463,1.46489,1.39481,0.001
0.1417,0.1917,3.23825,1.37278,1.38553,0.001
0.1418,0.1918,3.28187,1.3037,1.38553,0.001
0.1419,0.1919,3.32549,1.2208,1.36235,0.001
0.142,0.192,3.3822,1.17014,1.35307,0.001
0.1421,0.1921,3.46508,1.1379,1.32989,0.001
0.1422,0.1922,3.55233,1.09645,1.32061,0.001
0.1423,0.1923,3.66138,1.06421,1.31134,0.001
0.1424,0.1924,3.77043,1.01816,1.32061,0.001
0.1425,0.1925,3.91002,0.981312,1.32989,0.001
0.1426,0.1926,4.09323,0.944468,1.32525,0.001
0.1427,0.1927,4.25027,0.926046,1.32989,0.001
0.1428,0.1928,4.39422,0.907624,1.3438,0.001
0.1429,0.1929,4.50328,0.898413,1.35307,0.001
0.143,0.193,4.56871,0.912229,1.3809,0.001
0.1431,0.1931,4.62978,0.935257,1.39017,0.001
0.1432,0.1932,4.65595,0.944468,1.41799,0.001
0.1433,0.1933,4.66904,0.985917,1.42263,0.001
0.1434,0.1934,4.66904,1.00894,1.4319,0.001
0.1435,0.1935,4.64287,1.02276,1.47364,0.001
0.1436,0.1936,4.61669,1.06882,1.52465,0.001
0.1437,0.1937,4.59488,1.10105,1.56638,0.001
0.1438,0.1938,4.55999,1.11948,1.60812,0.001
0.1439,0.1939,4.49892,1.1379,1.65913,0.001
0.144,0.194,4.42476,1.12408,1.72405,0.001
0.1441,0.1941,4.36369,1.12869,1.77969,0.001
0.1442,0.1942,4.30698,1.12408,1.81215,0.001
0.1443,0.1943,4.26336,1.1425,1.85389,0.001
0.1444,0.1944,4.23718,1.12869,1.85853,0.001
0.1445,0.1945,4.18048,1.12408,1.90026,0.001
0.1446,0.1946,4.11941,1.1379,1.942,0.001
0.1447,0.1947,4.04089,1.1379,2.01155,0.001
0.1448,0.1948,3.97109,1.18395,2.05329,0.001
0.1449,0.1949,3.92311,1.24383,2.09502,0.001
0.145,0.195,3.88821,1.31291,2.13212,0.001
0.1451,0.1951,3.8664,1.42805,2.15995,0.001
0.1452,0.1952,3.86204,1.54779,2.16458,0.001
0.1453,0.1953,3.87513,1.69517,2.18313,0.001
0.1454,0.1954,3.90566,1.82873,2.19241,0.001
0.1455,0.1955,3.9362,1.95768,2.22023,0.001
0.1456,0.1956,3.91875,2.04979,2.28515,0.001
0.1457,0.1957,3.92311,2.11427,2.35934,0.001
0.1458,0.1958,3.91875,2.17875,2.44745,0.001
0.1459,0.1959,3.92311,2.25704,2.50774,0.001
0.146,0.196,3.90566,2.33534,2.54947,0.001
0.1461,0.1961,3.89257,2.43205,2.58193,0.001
0.1462,0.1962,3.87949,2.49193,2.60975,0.001
0.1463,0.1963,3.84895,2.56101,2.61439,0.001
0.1464,0.1964,3.80969,2.62088,2.60512,0.001
0.1465,0.1965,3.76607,2.67615,2.60512,0.001
0.1466,0.1966,3.74862,2.7176,2.58193,0.001
0.1467,0.1967,3.76171,2.75905,2.57729,0.001
0.1468,0.1968,3.78352,2.81431,2.56802,0.001
0.1469,0.1969,3.77916,2.86037,2.56338,0.001
0.147,0.197,3.75298,2.92945,2.57266,0.001
0.1471,0.1971,3.68319,3.03999,2.57729,0.001
0.1472,0.1972,3.59595,3.15973,2.59121,0.001
0.1473,0.1973,3.49998,3.28408,2.56338,0.001
0.1474,0.1974,3.4171,3.41765,2.55411,0.001
0.1475,0.1975,3.33858,3.56963,2.54483,0.001
0.1476,0.1976,3.26878,3.68938,2.5031,0.001
0.1477,0.1977,3.19463,3.78609,2.51701,0.001
0.1478,0.1978,3.11611,3.88742,2.52165,0.001
0.1479,0.1979,3.06813,3.96111,2.53092,0.001
0.148,0.198,3.04195,4.0394,2.51701,0.001
0.1481,0.1981,3.02887,4.10388,2.5402,0.001
0.1482,0.1982,3.02887,4.17757,2.54483,0.001
0.1483,0.1983,3.02887,4.22823,2.52628,0.001
0.1484,0.1984,3.05068,4.29732,2.52165,0.001
0.1485,0.1985,3.06813,4.35259,2.48455,0.001
0.1486,0.1986,3.08994,4.40325,2.41035,0.001
0.1487,0.1987,3.06813,4.44009,2.37326,0.001
0.1488,0.1988,3.06376,4.46773,2.34543,0.001
0.1489,0.1989,3.02887,4.5276,2.3408,0.001
0.149,0.199,3.00269,4.57366,2.34543,0.001
0.1491,0.1991,2.98088,4.6059,2.35007,0.001
0.1492,0.1992,2.9329,4.62432,2.37789,0.001
0.1493,0.1993,2.91109,4.61971,2.39644,0.001
0.1494,0.1994,2.87619,4.6059,2.45673,0.001
0.1495,0.1995,2.87183,4.58747,2.48455,0.001
0.1496,0.1996,2.87619,4.56445,2.54483,0.001
0.1497,0.1997,2.90236,4.54602,2.60975,0.001
0.1498,0.1998,2.97652,4.53221,2.62367,0.001
0.1499,0.1999,3.0594,4.50918,2.67004,0.001
0.15,0.2,3.18154,4.51378,2.71641,0.001
0.1501,0.2001,3.28623,4.54142,2.76278,0.001
0.1502,0.2002,3.40837,4.56905,2.81379,0.001
0.1503,0.2003,3.52179,4.58747,2.81379,0.001
0.1504,0.2004,3.62212,4.62892,2.81843,0.001
0.1505,0.2005,3.68755,4.67498,2.77669,0.001
0.1506,0.2006,3.75298,4.72104,2.77669,0.001
0.1507,0.2007,3.82278,4.75328,2.75351,0.001
0.1508,0.2008,3.9013,4.79933,2.73496,0.001
0.1509,0.2009,3.95801,4.84078,2.70714,0.001
0.151,0.201,4.02344,4.85,2.65149,0.001
0.1511,0.2011,4.08887,4.87763,2.63758,0.001
0.1512,0.2012,4.17175,4.90066,2.59121,0.001
0.1513,0.2013,4.22846,4.92369,2.54947,0.001
0.1514,0.2014,4.30262,4.97435,2.49846,0.001
0.1515,0.2015,4.3506,5.03422,2.45209,0.001
0.1516,0.2016,4.39859,5.07567,2.44281,0.001
0.1517,0.2017,4.45966,5.12634,2.45209,0.001
0.1518,0.2018,4.53381,5.12173,2.49846,0.001
0.1519,0.2019,4.61669,5.12173,2.58657,0.001
0.152,0.202,4.69085,5.05725,2.67931,0.001
0.1521,0.2021,4.77809,5.00659,2.77669,0.001
0.1522,0.2022,4.85225,4.95132,2.8648,0.001
0.1523,0.2023,4.9395,4.88684,2.939,0.001
0.1524,0.2024,5.00057,4.82697,2.99928,0.001
0.1525,0.2025,5.05727,4.78552,3.04565,0.001
0.1526,0.2026,5.11398,4.75788,3.07348,0.001
0.1527,0.2027,5.18378,4.75328,3.10594,0.001
0.1528,0.2028,5.24921,4.78091,3.11521,0.001
0.1529,0.2029,5.31901,4.78091,3.11057,0.001
0.153,0.203,5.36263,4.80394,3.09666,0.001
0.1531,0.2031,5.43678,4.79933,3.07811,0.001
0.1532,0.2032,5.53711,4.79933,3.04565,0.001
0.1533,0.2033,5.65053,4.77631,2.99001,0.001
0.1534,0.2034,5.75958,4.71643,2.90654,0.001
0.1535,0.2035,5.85119,4.62892,2.81843,0.001
0.1536,0.2036,5.93843,4.55523,2.72568,0.001
0.1537,0.2037,6.02132,4.49076,2.64685,0.001
0.1538,0.2038,6.09111,4.44009,2.58657,0.001
0.1539,0.2039,6.15218,4.39404,2.54947,0.001
0.154,0.204,6.1958,4.33877,2.52628,0.001
0.1541,0.2041,6.24815,4.31574,2.47991,0.001
0.1542,0.2042,6.28741,4.28811,2.4289,0.001
0.1543,0.2043,6.33539,4.28811,2.41499,0.001
0.1544,0.2044,6.34848,4.28811,2.39644,0.001
0.1545,0.2045,6.35284,4.29732,2.38253,0.001
0.1546,0.2046,6.34412,4.30653,2.35934,0.001
0.1547,0.2047,6.31794,4.32035,2.35934,0.001
0.1548,0.2048,6.28741,4.30653,2.37326,0.001
0.1549,0.2049,6.24815,4.28811,2.40572,0.001
0.155,0.205,6.21761,4.25587,2.41499,0.001
0.1551,0.2051,6.1958,4.24666,2.44281,0.001
0.1552,0.2052,6.16091,4.22823,2.43354,0.001
0.1553,0.2053,6.10856,4.22363,2.43818,0.001
0.1554,0.2054,6.07366,4.20521,2.45209,0.001
0.1555,0.2055,6.02568,4.21902,2.47528,0.001
0.1556,0.2056,5.97769,4.23284,2.50774,0.001
0.1557,0.2057,5.91662,4.22823,2.5402,0.001
0.1558,0.2058,5.873,4.24205,2.55411,0.001
0.1559,0.2059,5.80321,4.23744,2.62367,0.001
0.156,0.206,5.73777,4.24666,2.64685,0.001
0.1561,0.2061,5.65489,4.23744,2.69322,0.001
0.1562,0.2062,5.55456,4.23744,2.75351,0.001
0.1563,0.2063,5.43242,4.24205,2.81379,0.001
0.1564,0.2064,5.33645,4.23284,2.85553,0.001
0.1565,0.2065,5.23176,4.23284,2.89262,0.001
0.1566,0.2066,5.13143,4.27429,2.92972,0.001
0.1567,0.2067,4.99184,4.32956,2.96218,0.001
0.1568,0.2068,4.84353,4.38483,2.99001,0.001
0.1569,0.2069,4.68649,4.42167,3.0271,0.001
0.157,0.207,4.53381,4.45391,3.0271,0.001
0.1571,0.2071,4.40295,4.46773,3.0271,0.001
0.1572,0.2072,4.27644,4.46773,3.05956,0.001
0.1573,0.2073,4.17175,4.48615,3.05029,0.001
0.1574,0.2074,4.08887,4.47694,3.04565,0.001
0.1575,0.2075,4.0278,4.49076,3.05493,0.001
0.1576,0.2076,3.97982,4.48615,3.02247,0.001
0.1577,0.2077,3.90566,4.46312,2.98073,0.001
0.1578,0.2078,3.87076,4.45852,2.94827,0.001
0.1579,0.2079,3.82714,4.43549,2.91117,0.001
0.158,0.208,3.76171,4.42167,2.89726,0.001
0.1581,0.2081,3.69191,4.41246,2.8648,0.001
0.1582,0.2082,3.60467,4.37561,2.82307,0.001
0.1583,0.2083,3.53488,4.33877,2.77206,0.001
0.1584,0.2084,3.46508,4.26508,2.71641,0.001
0.1585,0.2085,3.42146,4.196,2.65149,0.001
0.1586,0.2086,3.37784,4.14073,2.60975,0.001
0.1587,0.2087,3.33858,4.08085,2.58657,0.001
0.1588,0.2088,3.30368,4.05783,2.54947,0.001
0.1589,0.2089,3.28623,4.0394,2.52165,0.001
0.159,0.209,3.26006,4.0394,2.52165,0.001
0.1591,0.2091,3.25134,4.0348,2.49846,0.001
0.1592,0.2092,3.22516,4.0394,2.5031,0.001
0.1593,0.2093,3.19899,4.0348,2.52628,0.001
0.1594,0.2094,3.1859,4.01177,2.54483,0.001
0.1595,0.2095,3.17282,3.97953,2.56338,0.001
0.1596,0.2096,3.1292,3.96111,2.56802,0.001
0.1597,0.2097,3.0943,3.9519,2.62367,0.001
0.1598,0.2098,3.0594,3.9519,2.66076,0.001
0.1599,0.2099,3.04631,3.93808,2.71641,0.001
0.16,0.21,3.02887,3.91045,2.76278,0.001
0.1601,0.2101,2.99833,3.87821,2.80452,0.001
0.1602,0.2102,2.98524,3.85057,2.88335,0.001
0.1603,0.2103,2.97216,3.82755,2.91581,0.001
0.1604,0.2104,2.96343,3.78609,2.99001,0.001
0.1605,0.2105,2.95471,3.79531,3.02247,0.001
0.1606,0.2106,2.95907,3.78149,3.05956,0.001
0.1607,0.2107,2.99397,3.77228,3.09666,0.001
0.1608,0.2108,3.05068,3.74004,3.10594,0.001
0.1609,0.2109,3.10302,3.69398,3.12448,0.001
0.161,0.211,3.15973,3.60648,3.14303,0.001
0.1611,0.2111,3.19027,3.51436,3.17549,0.001
0.1612,0.2112,3.19899,3.40844,3.24505,0.001
0.1613,0.2113,3.22953,3.31632,3.27751,0.001
0.1614,0.2114,3.2557,3.21039,3.31461,0.001
0.1615,0.2115,3.30804,3.12749,3.37026,0.001
0.1616,0.2116,3.36475,3.03078,3.40272,0.001
0.1617,0.2117,3.41274,2.95248,3.43982,0.001
0.1618,0.2118,3.43018,2.83734,3.45836,0.001
0.1619,0.2119,3.45636,2.7176,3.44445,0.001
0.162,0.212,3.48253,2.61628,3.43518,0.001
0.1621,0.2121,3.51743,2.52877,3.43982,0.001
0.1622,0.2122,3.54796,2.45969,3.42127,0.001
0.1623,0.2123,3.5785,2.37679,3.41199,0.001
0.1624,0.2124,3.59595,2.28468,3.39808,0.001
0.1625,0.2125,3.59158,2.19717,3.39808,0.001
0.1626,0.2126,3.57414,2.09585,3.38417,0.001
0.1627,0.2127,3.5436,2.00374,3.38417,0.001
0.1628,0.2128,3.53924,1.92544,3.39344,0.001
0.1629,0.2129,3.5087,1.88399,3.39808,0.001
0.163,0.213,3.47381,1.83333,3.40272,0.001
0.1631,0.2131,3.46508,1.78728,3.40272,0.001
0.1632,0.2132,3.44763,1.76425,3.38417,0.001
0.1633,0.2133,3.43018,1.74122,3.36098,0.001
0.1634,0.2134,3.40401,1.71359,3.35635,0.001
0.1635,0.2135,3.37348,1.69977,3.35171,0.001
0.1636,0.2136,3.37348,1.69056,3.35635,0.001
0.1637,0.2137,3.39529,1.69056,3.3378,0.001
0.1638,0.2138,3.41274,1.67214,3.32852,0.001
0.1639,0.2139,3.42582,1.64451,3.28679,0.001
0.164,0.214,3.44763,1.63069,3.26824,0.001
0.1641,0.2141,3.452,1.61687,3.23114,0.001
0.1642,0.2142,3.46508,1.61227,3.19868,0.001
0.1643,0.2143,3.47817,1.60766,3.12448,0.001
0.1644,0.2144,3.49126,1.62148,3.09666,0.001
0.1645,0.2145,3.5087,1.62608,3.0642,0.001
0.1646,0.2146,3.51307,1.67214,3.03638,0.001
0.1647,0.2147,3.52615,1.71359,3.00392,0.001
0.1648,0.2148,3.53051,1.75504,2.98073,0.001
0.1649,0.2149,3.49998,1.80109,2.95291,0.001
0.165,0.215,3.49562,1.84715,2.94827,0.001
0.1651,0.2151,3.49998,1.87478,2.94827,0.001
0.1652,0.2152,3.52179,1.90702,2.89726,0.001
0.1653,0.2153,3.56977,1.93926,2.89262,0.001
0.1654,0.2154,3.63957,1.99453,2.8648,0.001
0.1655,0.2155,3.70936,2.03598,2.86944,0.001
0.1656,0.2156,3.79224,2.11427,2.83698,0.001
0.1657,0.2157,3.86204,2.16493,2.77669,0.001
0.1658,0.2158,3.9362,2.2202,2.71177,0.001
0.1659,0.2159,3.98854,2.26165,2.65613,0.001
0.166,0.216,4.03216,2.31231,2.60048,0.001
0.1661,0.2161,4.05834,2.37679,2.5402,0.001
0.1662,0.2162,4.08015,2.41363,2.48455,0.001
0.1663,0.2163,4.10196,2.45969,2.41963,0.001
0.1664,0.2164,4.11068,2.4689,2.37789,0.001
0.1665,0.2165,4.10632,2.52416,2.30834,0.001
0.1666,0.2166,4.08451,2.53798,2.23414,0.001
0.1667,0.2167,4.06706,2.54719,2.16922,0.001
0.1668,0.2168,4.05834,2.56561,2.11821,0.001
0.1669,0.2169,4.04961,2.57943,2.09966,0.001
0.167,0.217,4.04525,2.59325,2.07184,0.001
0.1671,0.2171,4.0278,2.59325,2.07648,0.001
0.1672,0.2172,4.01908,2.59785,2.11821,0.001
0.1673,0.2173,3.98854,2.58864,2.13676,0.001
0.1674,0.2174,3.94928,2.59325,2.18777,0.001
0.1675,0.2175,3.90566,2.59785,2.2295,0.001
0.1676,0.2176,3.87949,2.60246,2.28979,0.001
0.1677,0.2177,3.83587,2.60706,2.33616,0.001
0.1678,0.2178,3.77043,2.62549,2.39181,0.001
0.1679,0.2179,3.72245,2.65773,2.466,0.001
0.168,0.218,3.66574,2.69918,2.53092,0.001
0.1681,0.2181,3.61776,2.73602,2.60512,0.001
0.1682,0.2182,3.5785,2.73602,2.67004,0.001
0.1683,0.2183,3.56541,2.75444,2.73032,0.001
0.1684,0.2184,3.56541,2.78208,2.76278,0.001
0.1685,0.2185,3.56541,2.81431,2.80452,0.001
0.1686,0.2186,3.5785,2.83274,2.84161,0.001
0.1687,0.2187,3.59158,2.82353,2.87408,0.001
0.1688,0.2188,3.59158,2.86958,2.94363,0.001
0.1689,0.2189,3.60031,2.86037,2.97146,0.001
0.169,0.219,3.60467,2.86037,3.01319,0.001
0.1691,0.2191,3.66574,2.87879,3.04102,0.001
0.1692,0.2192,3.705,2.87419,3.05956,0.001
0.1693,0.2193,3.77916,2.86037,3.09666,0.001
0.1694,0.2194,3.87949,2.85576,3.11521,0.001
0.1695,0.2195,3.98418,2.85576,3.15695,0.001
0.1696,0.2196,4.08015,2.85576,3.19868,0.001
0.1697,0.2197,4.18484,2.85116,3.24042,0.001
0.1698,0.2198,4.26336,2.84655,3.29606,0.001
0.1699,0.2199,4.34188,2.85576,3.3378,0.001
0.17,0.22,4.4204,2.87419,3.37953,0.001
0.1701,0.2201,4.48147,2.89721,3.43518,0.001
0.1702,0.2202,4.52073,2.92945,3.51865,0.001
0.1703,0.2203,4.54254,2.98012,3.58821,0.001
0.1704,0.2204,4.57307,3.04459,3.65313,0.001
0.1705,0.2205,4.59052,3.10447,3.71805,0.001
0.1706,0.2206,4.59488,3.16894,3.77833,0.001
0.1707,0.2207,4.62106,3.21961,3.80616,0.001
0.1708,0.2208,4.62542,3.27948,3.84325,0.001
0.1709,0.2209,4.61233,3.31172,3.85253,0.001
0.171,0.221,4.62106,3.33935,3.85253,0.001
0.1711,0.2211,4.60797,3.35777,3.88499,0.001
0.1712,0.2212,4.62542,3.3808,3.88963,0.001
0.1713,0.2213,4.61669,3.40383,3.90354,0.001
0.1714,0.2214,4.59925,3.42686,3.91745,0.001
0.1715,0.2215,4.57307,3.47291,3.93136,0.001
0.1716,0.2216,4.52073,3.50515,3.95918,0.001
0.1717,0.2217,4.46838,3.542,3.94991,0.001
0.1718,0.2218,4.41167,3.60187,3.936,0.001
0.1719,0.2219,4.35496,3.68017,3.92209,0.001
0.172,0.222,4.28953,3.76767,3.90354,0.001
0.1721,0.2221,4.21537,3.85978,3.91281,0.001
0.1722,0.2222,4.14994,3.98414,3.92209,0.001
0.1723,0.2223,4.08451,4.08546,3.95918,0.001
0.1724,0.2224,4.02344,4.15454,3.99628,0.001
0.1725,0.2225,3.96673,4.21902,4.04729,0.001
0.1726,0.2226,3.88821,4.26968,4.10758,0.001
0.1727,0.2227,3.8315,4.32035,4.18177,0.001
0.1728,0.2228,3.75735,4.37561,4.20032,0.001
0.1729,0.2229,3.72681,4.42167,4.20032,0.001
0.173,0.223,3.69628,4.49997,4.19568,0.001
0.1731,0.2231,3.66138,4.58747,4.18177,0.001
0.1732,0.2232,3.64393,4.66116,4.17713,0.001
0.1733,0.2233,3.60467,4.72564,4.16322,0.001
0.1734,0.2234,3.60031,4.79473,4.15858,0.001
0.1735,0.2235,3.61776,4.88224,4.1354,0.001
0.1736,0.2236,3.64393,4.94671,4.11221,0.001
0.1737,0.2237,3.6701,5.00198,4.08903,0.001
0.1738,0.2238,3.68755,5.08949,4.0612,0.001
0.1739,0.2239,3.67447,5.16318,4.04265,0.001
0.174,0.224,3.67883,5.23687,3.99164,0.001
0.1741,0.2241,3.68755,5.30135,3.95918,0.001
0.1742,0.2242,3.68755,5.37965,3.90818,0.001
0.1743,0.2243,3.71373,5.43491,3.85253,0.001
0.1744,0.2244,3.7399,5.49018,3.81079,0.001
0.1745,0.2245,3.77043,5.55927,3.80152,0.001
0.1746,0.2246,3.80533,5.61454,3.81079,0.001
0.1747,0.2247,3.8315,5.67902,3.84789,0.001
0.1748,0.2248,3.86204,5.73889,3.85717,0.001
0.1749,0.2249,3.90566,5.79416,3.89426,0.001
0.175,0.225,3.94928,5.8264,3.94527,0.001
0.1751,0.2251,4.01471,5.85403,4.01947,0.001
0.1752,0.2252,4.05397,5.89548,4.05657,0.001
0.1753,0.2253,4.09323,5.91391,4.0983,0.001
0.1754,0.2254,4.11941,5.95075,4.13076,0.001
0.1755,0.2255,4.12813,5.96457,4.15858,0.001
0.1756,0.2256,4.13686,5.9876,4.20496,0.001
0.1757,0.2257,4.11504,5.9876,4.24206,0.001
0.1758,0.2258,4.09323,5.98299,4.2606,0.001
0.1759,0.2259,4.07578,5.97839,4.26988,0.001
0.176,0.226,4.08451,6.00141,4.28843,0.001
0.1761,0.2261,4.08451,6.01523,4.27452,0.001
0.1762,0.2262,4.10196,6.02905,4.26524,0.001
0.1763,0.2263,4.1543,6.01984,4.22814,0.001
0.1764,0.2264,4.19356,6.00141,4.24206,0.001
0.1765,0.2265,4.26772,5.95075,4.21887,0.001
0.1766,0.2266,4.3506,5.91851,4.22351,0.001
0.1767,0.2267,4.45529,5.84022,4.20959,0.001
0.1768,0.2268,4.5469,5.75731,4.20959,0.001
0.1769,0.2269,4.65159,5.68823,4.23278,0.001
0.177,0.227,4.74756,5.63296,4.25597,0.001
0.1771,0.2271,4.82608,5.59611,4.25133,0.001
0.1772,0.2272,4.87842,5.55006,4.2606,0.001
0.1773,0.2273,4.94822,5.49939,4.27915,0.001
0.1774,0.2274,5.00929,5.44413,4.30234,0.001
0.1775,0.2275,5.09653,5.37965,4.30234,0.001
0.1776,0.2276,5.17941,5.32898,4.33016,0.001
0.1777,0.2277,5.26666,5.28293,4.3719,0.001
0.1778,0.2278,5.38007,5.21384,4.409,0.001
0.1779,0.2279,5.46732,5.16318,4.44609,0.001
0.178,0.228,5.5502,5.0941,4.46001,0.001
0.1781,0.2281,5.61563,5.05264,4.47855,0.001
0.1782,0.2282,5.67234,5.02962,4.47392,0.001
0.1783,0.2283,5.72905,5.0158,4.47855,0.001
0.1784,0.2284,5.7814,5.00198,4.51102,0.001
0.1785,0.2285,5.81629,4.99277,4.5713,0.001
0.1786,0.2286,5.84247,4.96974,4.64086,0.001
0.1787,0.2287,5.87736,4.9375,4.67332,0.001
0.1788,0.2288,5.89481,4.90526,4.72433,0.001
0.1789,0.2289,5.92971,4.86842,4.79389,0.001
0.179,0.229,5.96025,4.81315,4.86808,0.001
0.1791,0.2291,5.97333,4.79012,4.933,0.001
0.1792,0.2292,5.98642,4.7717,4.98865,0.001
0.1793,0.2293,5.99951,4.77631,5.08603,0.001
0.1794,0.2294,6.01695,4.81776,5.16023,0.001
0.1795,0.2295,6.01695,4.84539,5.2066,0.001
0.1796,0.2296,6.00387,4.85,5.25297,0.001
0.1797,0.2297,5.98642,4.90066,5.30398,0.001
0.1798,0.2298,5.96461,4.94671,5.3689,0.001
0.1799,0.2299,5.9428,4.99277,5.42455,0.001
0.18,0.23,5.88609,5.02962,5.45237,0.001
0.1801,0.2301,5.82938,5.05264,5.53121,0.001
0.1802,0.2302,5.76831,5.07107,5.5683,0.001
0.1803,0.2303,5.73341,5.06646,5.61468,0.001
0.1804,0.2304,5.6767,5.05264,5.63323,0.001
0.1805,0.2305,5.60691,5.05264,5.6796,0.001
0.1806,0.2306,5.54584,5.06646,5.70279,0.001
0.1807,0.2307,5.49785,5.07107,5.75379,0.001
0.1808,0.2308,5.46296,5.07567,5.75379,0.001
0.1809,0.2309,5.4237,5.08949,5.82335,0.001
0.181,0.231,5.39752,5.0987,5.82799,0.001
0.1811,0.2311,5.34081,5.08949,5.85118,0.001
0.1812,0.2312,5.28411,5.12173,5.83726,0.001
0.1813,0.2313,5.2274,5.11252,5.82799,0.001
0.1814,0.2314,5.14015,5.13094,5.84654,0.001
0.1815,0.2315,5.066,5.14476,5.81872,0.001
0.1816,0.2316,4.97875,5.13094,5.78625,0.001
0.1817,0.2317,4.92205,5.13094,5.75379,0.001
0.1818,0.2318,4.87406,5.0987,5.73988,0.001
0.1819,0.2319,4.85225,5.0941,5.72597,0.001
0.182,0.232,4.81735,5.07107,5.72133,0.001
0.1821,0.2321,4.79118,5.11252,5.78625,0.001
0.1822,0.2322,4.75628,5.12634,5.80017,0.001
0.1823,0.2323,4.73447,5.15397,5.76771,0.001
0.1824,0.2324,4.68213,5.1816,5.75843,0.001
0.1825,0.2325,4.63414,5.23687,5.73524,0.001
0.1826,0.2326,4.59052,5.28753,5.73061,0.001
0.1827,0.2327,4.53818,5.31977,5.76307,0.001
0.1828,0.2328,4.46838,5.32898,5.78625,0.001
0.1829,0.2329,4.40295,5.31977,5.83263,0.001
0.183,0.233,4.33752,5.30135,5.9161,0.001
0.1831,0.2331,4.28081,5.27832,6.01348,0.001
0.1832,0.2332,4.20229,5.27372,6.12014,0.001
0.1833,0.2333,4.10632,5.30135,6.20361,0.001
0.1834,0.2334,4.01471,5.32438,6.28708,0.001
0.1835,0.2335,3.94492,5.36122,6.37055,0.001
0.1836,0.2336,3.85768,5.36122,6.47257,0.001
0.1837,0.2337,3.75298,5.36583,6.55604,0.001
0.1838,0.2338,3.65266,5.41189,6.61169,0.001
0.1839,0.2339,3.56977,5.43952,6.69052,0.001
0.184,0.234,3.48253,5.46255,6.79718,0.001
0.1841,0.2341,3.452,5.50861,6.89919,0.001
0.1842,0.2342,3.42146,5.54545,6.99194,0.001
0.1843,0.2343,3.3822,5.55006,7.06614,0.001
0.1844,0.2344,3.34294,5.53624,7.14033,0.001
0.1845,0.2345,3.31241,5.54085,7.21917,0.001
0.1846,0.2346,3.26878,5.55927,7.27481,0.001
0.1847,0.2347,3.22953,5.54545,7.32118,0.001
0.1848,0.2348,3.20771,5.53163,7.33973,0.001
0.1849,0.2349,3.1859,5.49939,7.33046,0.001
0.185,0.235,3.16846,5.49479,7.33046,0.001
0.1851,0.2351,3.17718,5.45794,7.33973,0.001
0.1852,0.2352,3.17718,5.44413,7.34437,0.001
0.1853,0.2353,3.19463,5.4211,7.32118,0.001
0.1854,0.2354,3.23389,5.41649,7.32118,0.001
0.1855,0.2355,3.24261,5.39807,7.31655,0.001
0.1856,0.2356,3.27751,5.38425,7.31191,0.001
0.1857,0.2357,3.28187,5.37504,7.3351,0.001
0.1858,0.2358,3.29496,5.36583,7.35365,0.001
0.1859,0.2359,3.28187,5.36122,7.38147,0.001
0.186,0.236,3.29496,5.33359,7.41857,0.001
0.1861,0.2361,3.30804,5.29675,7.4603,0.001
0.1862,0.2362,3.32113,5.2599,7.49276,0.001
0.1863,0.2363,3.36039,5.21845,7.50204,0.001
0.1864,0.2364,3.39093,5.19542,7.52059,0.001
0.1865,0.2365,3.44327,5.16318,7.52059,0.001
0.1866,0.2366,3.47817,5.12173,7.53914,0.001
0.1867,0.2367,3.51743,5.0941,7.54841,0.001
0.1868,0.2368,3.56541,5.08488,7.58551,0.001
0.1869,0.2369,3.65266,5.12173,7.62261,0.001
0.187,0.237,3.72681,5.18621,7.66898,0.001
0.1871,0.2371,3.79224,5.20463,7.68753,0.001
0.1872,0.2372,3.84459,5.16779,7.72463,0.001
0.1873,0.2373,3.91439,5.15858,7.74781,0.001
0.1874,0.2374,3.97546,5.16318,7.77564,0.001
0.1875,0.2375,4.04961,5.16318,7.771,0.001
0.1876,0.2376,4.10632,5.16779,7.79419,0.001
0.1877,0.2377,4.14122,5.19082,7.79419,0.001
0.1878,0.2378,4.15867,5.21845,7.79882,0.001
0.1879,0.2379,4.17612,5.2599,7.79882,0.001
0.188,0.238,4.1892,5.26911,7.82665,0.001
0.1881,0.2381,4.23282,5.30596,7.84056,0.001
0.1882,0.2382,4.30698,5.34741,7.88693,0.001
0.1883,0.2383,4.3506,5.37504,7.9333,0.001
0.1884,0.2384,4.40295,5.39807,8.00286,0.001
0.1885,0.2385,4.46838,5.43952,8.03996,0.001
0.1886,0.2386,4.55562,5.46715,8.08633,0.001
0.1887,0.2387,4.6385,5.45334,8.11416,0.001
0.1888,0.2388,4.7083,5.50861,8.13734,0.001
0.1889,0.2389,4.77809,5.55466,8.16517,0.001
0.189,0.239,4.87406,5.59151,8.15589,0.001
0.1891,0.2391,4.93077,5.62375,8.16517,0.001
0.1892,0.2392,4.96567,5.62835,8.1698,0.001
0.1893,0.2393,4.9962,5.64678,8.17444,0.001
0.1894,0.2394,5.0311,5.65599,8.18372,0.001
0.1895,0.2395,5.05727,5.64678,8.18835,0.001
0.1896,0.2396,5.08345,5.63296,8.18372,0.001
0.1897,0.2397,5.11398,5.63756,8.17908,0.001
0.1898,0.2398,5.16197,5.65599,8.17908,0.001
0.1899,0.2399,5.20123,5.67902,8.18835,0.001
0.19,0.24,5.24049,5.69283,8.2069,0.001
0.1901,0.2401,5.30592,5.71126,8.21154,0.001
0.1902,0.2402,5.3539,5.73429,8.21154,0.001
0.1903,0.2403,5.41061,5.71586,8.23473,0.001
0.1904,0.2404,5.43242,5.71586,8.244,0.001
0.1905,0.2405,5.44987,5.70665,8.27646,0.001
0.1906,0.2406,5.44551,5.72507,8.29501,0.001
0.1907,0.2407,5.44551,5.69744,8.3182,0.001
0.1908,0.2408,5.44115,5.71586,8.34602,0.001
0.1909,0.2409,5.43678,5.75271,8.34602,0.001
0.191,0.241,5.41933,5.78495,8.34602,0.001
0.1911,0.2411,5.39752,5.81258,8.3553,0.001
0.1912,0.2412,5.36699,5.83561,8.39703,0.001
0.1913,0.2413,5.31464,5.86785,8.41094,0.001
0.1914,0.2414,5.25357,5.92312,8.43877,0.001
0.1915,0.2415,5.19686,5.95536,8.47123,0.001
0.1916,0.2416,5.14452,6.01523,8.50833,0.001
0.1917,0.2417,5.14452,6.06589,8.54079,0.001
0.1918,0.2418,5.17505,6.15801,8.55934,0.001
0.1919,0.2419,5.14888,6.21788,8.58252,0.001
0.192,0.242,5.10526,6.27776,8.61035,0.001
0.1921,0.2421,5.07036,6.32381,8.6289,0.001
0.1922,0.2422,5.03983,6.3883,8.65208,0.001
0.1923,0.2423,5.03546,6.46199,8.67063,0.001
0.1924,0.2424,5.04855,6.54028,8.69845,0.001
0.1925,0.2425,5.08345,6.61397,8.72628,0.001
0.1926,0.2426,5.11398,6.67385,8.74946,0.001
0.1927,0.2427,5.15324,6.72912,8.80047,0.001
0.1928,0.2428,5.19686,6.80281,8.80511,0.001
0.1929,0.2429,5.24921,6.8765,8.84221,0.001
0.193,0.243,5.28847,6.95019,8.86076,0.001
0.1931,0.2431,5.30156,7.04691,8.91177,0.001
0.1932,0.2432,5.34081,7.17127,8.92568,0.001
0.1933,0.2433,5.37571,7.25417,8.95814,0.001
0.1934,0.2434,5.37135,7.36011,8.96742,0.001
0.1935,0.2435,5.37571,7.45683,9.00915,0.001
0.1936,0.2436,5.39316,7.53512,9.0277,0.001
0.1937,0.2437,5.44115,7.595,9.06016,0.001
0.1938,0.2438,5.49349,7.65487,9.08335,0.001
0.1939,0.2439,5.54584,7.70093,9.07407,0.001
0.194,0.244,5.60255,7.74238,9.1019,0.001
0.1941,0.2441,5.64617,7.77923,9.1019,0.001
0.1942,0.2442,5.66798,7.80686,9.09726,0.001
0.1943,0.2443,5.65053,7.85292,9.10653,0.001
0.1944,0.2444,5.62436,7.89437,9.14827,0.001
0.1945,0.2445,5.59818,7.93583,9.17609,0.001
0.1946,0.2446,5.60691,7.97267,9.23174,0.001
0.1947,0.2447,5.61563,8.02334,9.23174,0.001
0.1948,0.2448,5.63308,8.09703,9.25029,0.001
0.1949,0.2449,5.63308,8.1569,9.27348,0.001
0.195,0.245,5.62436,8.22599,9.3013,0.001
0.1951,0.2451,5.59818,8.28587,9.3013,0.001
0.1952,0.2452,5.57637,8.3089,9.31521,0.001
0.1953,0.2453,5.54584,8.32271,9.32449,0.001
0.1954,0.2454,5.51094,8.34574,9.32912,0.001
0.1955,0.2455,5.47168,8.35956,9.37086,0.001
0.1956,0.2456,5.44551,8.38719,9.41723,0.001
0.1957,0.2457,5.39752,8.41483,9.48679,0.001
0.1958,0.2458,5.33209,8.43325,9.52389,0.001
0.1959,0.2459,5.26666,8.44707,9.58881,0.001
0.196,0.246,5.23612,8.44246,9.64446,0.001
0.1961,0.2461,5.1925,8.4747,9.66765,0.001
0.1962,0.2462,5.12271,8.48392,9.66765,0.001
0.1963,0.2463,5.08781,8.48852,9.70011,0.001
0.1964,0.2464,5.06164,8.50234,9.70474,0.001
0.1965,0.2465,5.05291,8.53919,9.72793,0.001
0.1966,0.2466,5.06164,8.57603,9.75112,0.001
0.1967,0.2467,5.05727,8.58524,9.78358,0.001
0.1968,0.2468,5.05727,8.61288,9.82068,0.001
0.1969,0.2469,5.06164,8.64972,9.87632,0.001
0.197,0.247,5.07472,8.68197,9.93197,0.001
0.1971,0.2471,5.08345,8.7096,10.0015,0.001
0.1972,0.2472,5.09653,8.76026,10.0479,0.001
0.1973,0.2473,5.10526,8.79711,10.0757,0.001
0.1974,0.2474,5.12707,8.83856,10.1082,0.001
0.1975,0.2475,5.14888,8.8708,10.1267,0.001
0.1976,0.2476,5.18814,8.90765,10.136,0.001
0.1977,0.2477,5.21431,8.9445,10.1499,0.001
0.1978,0.2478,5.24921,8.9491,10.1685,0.001
0.1979,0.2479,5.30156,8.95831,10.2427,0.001
0.198,0.248,5.35826,8.9491,10.2983,0.001
0.1981,0.2481,5.41061,8.95371,10.3864,0.001
0.1982,0.2482,5.47168,8.95371,10.4142,0.001
0.1983,0.2483,5.52839,8.9491,10.4282,0.001
0.1984,0.2484,5.58946,8.9491,10.4699,0.001
0.1985,0.2485,5.62,8.96753,10.4977,0.001
0.1986,0.2486,5.61127,8.97674,10.5348,0.001
0.1987,0.2487,5.61563,9.00898,10.5534,0.001
0.1988,0.2488,5.60691,9.05964,10.5673,0.001
0.1989,0.2489,5.5851,9.08267,10.5534,0.001
0.199,0.249,5.56329,9.07807,10.558,0.001
0.1991,0.2491,5.52839,9.07346,10.5997,0.001
0.1992,0.2492,5.50658,9.08267,10.6368,0.001
0.1993,0.2493,5.48913,9.09649,10.6739,0.001
0.1994,0.2494,5.47604,9.13794,10.7481,0.001
0.1995,0.2495,5.49349,9.17018,10.8131,0.001
0.1996,0.2496,5.48041,9.17018,10.878,0.001
0.1997,0.2497,5.46732,9.184,10.9244,0.001
0.1998,0.2498,5.45423,9.17018,10.9707,0.001
0.1999,0.2499,5.42806,9.14255,11.0125,0.001
0.2,0.25,5.40625,9.14715,11.0403,0.001
0.2001,0.2501,5.3888,9.13334,11.0588,0.001
0.2002,0.2502,5.36263,9.12412,11.1052,0.001
0.2003,0.2503,5.33645,9.11952,11.1238,0.001
0.2004,0.2504,5.31901,9.11031,11.1701,0.001
0.2005,0.2505,5.30592,9.09188,11.2211,0.001
0.2006,0.2506,5.32773,9.06425,11.2536,0.001
0.2007,0.2507,5.31464,9.05964,11.3046,0.001
0.2008,0.2508,5.33209,9.03661,11.3278,0.001
0.2009,0.2509,5.34518,8.98595,11.3232,0.001
0.201,0.251,5.37571,8.92607,11.3417,0.001
0.2011,0.2511,5.41497,8.8708,11.3649,0.001
0.2012,0.2512,5.44987,8.80172,11.3927,0.001
0.2013,0.2513,5.48041,8.76487,11.4345,0.001
0.2014,0.2514,5.51966,8.73263,11.4623,0.001
0.2015,0.2515,5.55456,8.7096,11.4901,0.001
0.2016,0.2516,5.5851,8.70499,11.5504,0.001
0.2017,0.2517,5.61127,8.70039,11.5875,0.001
0.2018,0.2518,5.64181,8.7096,11.6617,0.001
0.2019,0.2519,5.69851,8.7096,11.722,0.001
0.202,0.252,5.72469,8.70499,11.8008,0.001
0.2021,0.2521,5.76395,8.69578,11.8425,0.001
0.2022,0.2522,5.82502,8.65433,11.8472,0.001
0.2023,0.2523,5.89045,8.64972,11.8611,0.001
0.2024,0.2524,5.95152,8.61748,11.8657,0.001
0.2025,0.2525,6.01695,8.56221,11.8565,0.001
0.2026,0.2526,6.05621,8.553,11.8472,0.001
0.2027,0.2527,6.09983,8.52997,11.824,0.001
0.2028,0.2528,6.13909,8.52076,11.7823,0.001
0.2029,0.2529,6.17399,8.52076,11.7405,0.001
0.203,0.253,6.17835,8.53458,11.6802,0.001
0.2031,0.2531,6.20889,8.56221,11.6385,0.001
0.2032,0.2532,6.23506,8.55761,11.5782,0.001
0.2033,0.2533,6.26124,8.5484,11.555,0.001
0.2034,0.2534,6.28305,8.52997,11.5318,0.001
0.2035,0.2535,6.3005,8.48392,11.5226,0.001
0.2036,0.2536,6.31794,8.44707,11.5087,0.001
0.2037,0.2537,6.33976,8.38259,11.4623,0.001
0.2038,0.2538,6.33539,8.33192,11.4391,0.001
0.2039,0.2539,6.34412,8.28126,11.4066,0.001
0.204,0.254,6.33539,8.2352,11.4159,0.001
0.2041,0.2541,6.31794,8.2306,11.4298,0.001
0.2042,0.2542,6.30486,8.2306,11.4623,0.001
0.2043,0.2543,6.26996,8.23981,11.4855,0.001
0.2044,0.2544,6.24815,8.24902,11.4947,0.001
0.2045,0.2545,6.20889,8.22599,11.4901,0.001
0.2046,0.2546,6.17835,8.21678,11.4808,0.001
0.2047,0.2547,6.15654,8.20757,11.4623,0.001
0.2048,0.2548,6.13037,8.20296,11.4252,0.001
0.2049,0.2549,6.09983,8.19375,11.3927,0.001
0.205,0.255,6.05621,8.18454,11.3556,0.001
0.2051,0.2551,6.02132,8.19836,11.3139,0.001
0.2052,0.2552,5.98206,8.21217,11.2397,0.001
0.2053,0.2553,5.93407,8.22138,11.1748,0.001
0.2054,0.2554,5.92099,8.25823,11.1284,0.001
0.2055,0.2555,5.873,8.3089,11.1423,0.001
0.2056,0.2556,5.84683,8.31811,11.1191,0.001
0.2057,0.2557,5.81193,8.35956,11.0727,0.001
0.2058,0.2558,5.75086,8.38259,11.0356,0.001
0.2059,0.2559,5.70724,8.42404,11.0078,0.001
0.206,0.256,5.65053,8.45167,10.9846,0.001
0.2061,0.2561,5.62,8.4701,10.9661,0.001
0.2062,0.2562,5.56329,8.51155,10.9893,0.001
0.2063,0.2563,5.52839,8.53458,10.9939,0.001
0.2064,0.2564,5.48041,8.56221,11.0125,0.001
0.2065,0.2565,5.43678,8.59445,11.0588,0.001
0.2066,0.2566,5.39316,8.64512,11.0588,0.001
0.2067,0.2567,5.33645,8.69578,11.0913,0.001
0.2068,0.2568,5.27975,8.74184,11.082,0.001
0.2069,0.2569,5.21431,8.77869,11.0913,0.001
0.207,0.257,5.13579,8.80172,11.1052,0.001
0.2071,0.2571,5.05291,8.83396,11.0959,0.001
0.2072,0.2572,4.97439,8.88462,11.0867,0.001
0.2073,0.2573,4.89151,8.91226,11.0635,0.001
0.2074,0.2574,4.81735,8.92607,11.0727,0.001
0.2075,0.2575,4.76501,8.95371,11.0635,0.001
0.2076,0.2576,4.72575,8.96292,11.0542,0.001
0.2077,0.2577,4.69085,8.9491,11.0449,0.001
0.2078,0.2578,4.64287,8.93529,11.0403,0.001
0.2079,0.2579,4.5818,8.93068,11.0078,0.001
0.208,0.258,4.53381,8.93068,10.98,0.001
0.2081,0.2581,4.49019,8.90765,10.9383,0.001
0.2082,0.2582,4.44657,8.89383,10.8919,0.001
0.2083,0.2583,4.41603,8.8662,10.8502,0.001
0.2084,0.2584,4.38114,8.83396,10.7945,0.001
0.2085,0.2585,4.34188,8.84317,10.7574,0.001
0.2086,0.2586,4.30698,8.82935,10.7203,0.001
0.2087,0.2587,4.28081,8.80172,10.6925,0.001
0.2088,0.2588,4.28953,8.78329,10.6786,0.001
0.2089,0.2589,4.30262,8.76026,10.66,0.001
0.209,0.259,4.32879,8.75105,10.6554,0.001
0.2091,0.2591,4.35496,8.70499,10.6461,0.001
0.2092,0.2592,4.37241,8.68657,10.5997,0.001
0.2093,0.2593,4.37678,8.65433,10.558,0.001
0.2094,0.2594,4.39422,8.59906,10.5163,0.001
0.2095,0.2595,4.41167,8.56682,10.4374,0.001
0.2096,0.2596,4.46402,8.50694,10.3725,0.001
0.2097,0.2597,4.50328,8.44707,10.3215,0.001
0.2098,0.2598,4.55999,8.37338,10.2566,0.001
0.2099,0.2599,4.60361,8.29047,10.2241,0.001
0.21,0.26,4.6734,8.2306,10.1824,0.001
0.2101,0.2601,4.72575,8.14769,10.1406,0.001
0.2102,0.2602,4.79554,8.08321,10.0896,0.001
0.2103,0.2603,4.86534,8.04176,10.0572,0.001
0.2104,0.2604,4.93077,8.02334,10.0108,0.001
0.2105,0.2605,5.01801,7.98188,9.94588,0.001
0.2106,0.2606,5.07036,7.95886,9.89024,0.001
0.2107,0.2607,5.14888,7.94043,9.85314,0.001
0.2108,0.2608,5.21867,7.88056,9.78822,0.001
0.2109,0.2609,5.30156,7.84371,9.75112,0.001
0.211,0.261,5.38007,7.82989,9.70938,0.001
0.2111,0.2611,5.44987,7.80686,9.6862,0.001
0.2112,0.2612,5.5153,7.81608,9.68156,0.001
0.2113,0.2613,5.57637,7.78384,9.61664,0.001
0.2114,0.2614,5.64181,7.7516,9.58881,0.001
0.2115,0.2615,5.70288,7.71014,9.55635,0.001
0.2116,0.2616,5.75958,7.66869,9.49607,0.001
0.2117,0.2617,5.79884,7.62263,9.45433,0.001
0.2118,0.2618,5.8381,7.59039,9.40796,0.001
0.2119,0.2619,5.85992,7.57658,9.36622,0.001
0.212,0.262,5.91662,7.52131,9.31985,0.001
0.2121,0.2621,5.95152,7.45683,9.27348,0.001
0.2122,0.2622,5.96461,7.41998,9.24102,0.001
0.2123,0.2623,5.98642,7.39234,9.19464,0.001
0.2124,0.2624,5.98642,7.3555,9.15291,0.001
0.2125,0.2625,5.96897,7.32326,9.1019,0.001
0.2126,0.2626,5.93843,7.2772,9.06944,0.001
0.2127,0.2627,5.89917,7.20811,9.03234,0.001
0.2128,0.2628,5.86428,7.16206,8.99988,0.001
0.2129,0.2629,5.8381,7.116,8.98597,0.001
0.213,0.263,5.84247,7.06534,8.9535,0.001
0.2131,0.2631,5.83374,7.01928,8.91641,0.001
0.2132,0.2632,5.83374,6.97322,8.87003,0.001
0.2133,0.2633,5.8381,6.94098,8.84221,0.001
0.2134,0.2634,5.86428,6.92256,8.7912,0.001
0.2135,0.2635,5.873,6.90414,8.73091,0.001
0.2136,0.2636,5.873,6.88111,8.68454,0.001
0.2137,0.2637,5.86428,6.85808,8.61035,0.001
0.2138,0.2638,5.85119,6.85808,8.57325,0.001
0.2139,0.2639,5.84247,6.83966,8.53615,0.001
0.214,0.264,5.80757,6.81663,8.48514,0.001
0.2141,0.2641,5.77267,6.78899,8.43877,0.001
0.2142,0.2642,5.7465,6.76596,8.41094,0.001
0.2143,0.2643,5.71596,6.73372,8.35993,0.001
0.2144,0.2644,5.68543,6.70148,8.29965,0.001
0.2145,0.2645,5.64617,6.69688,8.23473,0.001
0.2146,0.2646,5.59382,6.69227,8.16517,0.001
0.2147,0.2647,5.56329,6.68767,8.11416,0.001
0.2148,0.2648,5.50658,6.69227,8.06779,0.001
0.2149,0.2649,5.47168,6.70148,7.99359,0.001
0.215,0.265,5.43242,6.67846,7.94722,0.001
0.2151,0.2651,5.41933,6.69688,7.91939,0.001
0.2152,0.2652,5.4237,6.69227,7.86375,0.001
0.2153,0.2653,5.4237,6.71991,7.81274,0.001
0.2154,0.2654,5.40625,6.7107,7.771,0.001
0.2155,0.2655,5.38007,6.70609,7.71999,0.001
0.2156,0.2656,5.33645,6.69688,7.65971,0.001
0.2157,0.2657,5.32773,6.7153,7.58087,0.001
0.2158,0.2658,5.31028,6.73372,7.51131,0.001
0.2159,0.2659,5.29283,6.72451,7.44175,0.001
0.216,0.266,5.24921,6.71991,7.35365,0.001
0.2161,0.2661,5.22304,6.70609,7.27481,0.001
0.2162,0.2662,5.19686,6.66924,7.1867,0.001
0.2163,0.2663,5.16633,6.64161,7.11251,0.001
0.2164,0.2664,5.10962,6.58174,7.01049,0.001
0.2165,0.2665,5.07036,6.5495,6.93166,0.001
0.2166,0.2666,5.0311,6.53568,6.84819,0.001
0.2167,0.2667,4.98748,6.49423,6.76471,0.001
0.2168,0.2668,4.94386,6.46199,6.65806,0.001
0.2169,0.2669,4.89587,6.42514,6.57459,0.001
0.217,0.267,4.86534,6.38369,6.49112,0.001
0.2171,0.2671,4.83044,6.35606,6.41692,0.001
0.2172,0.2672,4.79991,6.30539,6.34272,0.001
0.2173,0.2673,4.76937,6.25012,6.29172,0.001
0.2174,0.2674,4.70394,6.19025,6.22679,0.001
0.2175,0.2675,4.65159,6.13959,6.16651,0.001
0.2176,0.2676,4.59052,6.10735,6.10622,0.001
0.2177,0.2677,4.52073,6.05668,6.07376,0.001
0.2178,0.2678,4.44657,6.04747,5.99493,0.001
0.2179,0.2679,4.39859,6.01984,5.95783,0.001
0.218,0.268,4.35933,5.9876,5.88827,0.001
0.2181,0.2681,4.35496,5.9876,5.82335,0.001
0.2182,0.2682,4.34624,5.95075,5.76307,0.001
0.2183,0.2683,4.31134,5.92772,5.7167,0.001
0.2184,0.2684,4.27208,5.87246,5.63786,0.001
0.2185,0.2685,4.24591,5.81719,5.6054,0.001
0.2186,0.2686,4.2241,5.78034,5.55903,0.001
0.2187,0.2687,4.20229,5.72507,5.48483,0.001
0.2188,0.2688,4.17612,5.68362,5.4431,0.001
0.2189,0.2689,4.16739,5.65138,5.39673,0.001
0.219,0.269,4.1543,5.62835,5.32717,0.001
0.2191,0.2691,4.11941,5.60533,5.30398,0.001
0.2192,0.2692,4.09323,5.5823,5.27152,0.001
0.2193,0.2693,4.08887,5.55466,5.22515,0.001
0.2194,0.2694,4.10196,5.52242,5.2066,0.001
0.2195,0.2695,4.11941,5.49479,5.19269,0.001
0.2196,0.2696,4.14122,5.48097,5.14632,0.001
0.2197,0.2697,4.1543,5.43952,5.12313,0.001
0.2198,0.2698,4.1543,5.41189,5.11385,0.001
0.2199,0.2699,4.14994,5.37044,5.09067,0.001
0.22,0.27,4.17175,5.35201,5.08603,0.001
0.2201,0.2701,4.1892,5.30135,5.08139,0.001
0.2202,0.2702,4.18048,5.2599,5.07676,0.001
0.2203,0.2703,4.19793,5.21845,5.05821,0.001
0.2204,0.2704,4.20229,5.15858,5.05357,0.001
0.2205,0.2705,4.23282,5.11252,5.05821,0.001
0.2206,0.2706,4.25463,5.05264,5.0443,0.001
0.2207,0.2707,4.27208,4.98356,5.01184,0.001
0.2208,0.2708,4.30262,4.90066,4.9701,0.001
0.2209,0.2709,4.32879,4.84078,4.933,0.001
0.221,0.271,4.35933,4.75788,4.88663,0.001
0.2211,0.2711,4.35933,4.70261,4.83562,0.001
0.2212,0.2712,4.38986,4.62432,4.79389,0.001
0.2213,0.2713,4.39422,4.55523,4.75679,0.001
0.2214,0.2714,4.38986,4.48615,4.75215,0.001
0.2215,0.2715,4.39422,4.39864,4.72433,0.001
0.2216,0.2716,4.39422,4.30653,4.70578,0.001
0.2217,0.2717,4.40295,4.22363,4.67796,0.001
0.2218,0.2718,4.41603,4.16376,4.64086,0.001
0.2219,0.2719,4.40731,4.09006,4.61767,0.001
0.222,0.272,4.41167,4.02559,4.59448,0.001
0.2221,0.2721,4.38114,3.96571,4.56202,0.001
0.2222,0.2722,4.35933,3.89663,4.54347,0.001
0.2223,0.2723,4.32879,3.83215,4.52493,0.001
0.2224,0.2724,4.3157,3.75386,4.52956,0.001
0.2225,0.2725,4.29389,3.65253,4.52029,0.001
0.2226,0.2726,4.28081,3.57424,4.5342,0.001
0.2227,0.2727,4.25027,3.48673,4.52029,0.001
0.2228,0.2728,4.23282,3.41304,4.52029,0.001
0.2229,0.2729,4.20665,3.36238,4.52493,0.001
0.223,0.273,4.17175,3.28869,4.50174,0.001
0.2231,0.2731,4.12377,3.22421,4.45537,0.001
0.2232,0.2732,4.10196,3.14131,4.39508,0.001
0.2233,0.2733,4.05834,3.06302,4.34407,0.001
0.2234,0.2734,4.0278,3.01696,4.30698,0.001
0.2235,0.2735,4.03216,2.98012,4.24206,0.001
0.2236,0.2736,4.04089,2.93406,4.22351,0.001
0.2237,0.2737,4.06706,2.8834,4.18177,0.001
0.2238,0.2738,4.08887,2.85116,4.15395,0.001
0.2239,0.2739,4.08451,2.82813,4.11685,0.001
0.224,0.274,4.08451,2.76365,4.07975,0.001
0.2241,0.2741,4.08451,2.75905,4.02411,0.001
0.2242,0.2742,4.08451,2.73602,3.98701,0.001
0.2243,0.2743,4.07142,2.73141,3.94527,0.001
0.2244,0.2744,4.05834,2.70839,3.92209,0.001
0.2245,0.2745,4.04089,2.69457,3.8618,0.001
0.2246,0.2746,4.01908,2.68996,3.84325,0.001
0.2247,0.2747,3.98418,2.68075,3.81079,0.001
0.2248,0.2748,3.97109,2.68536,3.78761,0.001
0.2249,0.2749,3.95364,2.68536,3.75051,0.001
0.225,0.275,3.93183,2.68536,3.72732,0.001
0.2251,0.2751,3.89694,2.68996,3.68095,0.001
0.2252,0.2752,3.88385,2.69457,3.62994,0.001
0.2253,0.2753,3.8664,2.69457,3.56966,0.001
0.2254,0.2754,3.85768,2.69918,3.52792,0.001
0.2255,0.2755,3.81842,2.70378,3.44445,0.001
0.2256,0.2756,3.79224,2.70839,3.35635,0.001
0.2257,0.2757,3.76171,2.69457,3.30997,0.001
0.2258,0.2758,3.73554,2.71299,3.24969,0.001
0.2259,0.2759,3.73117,2.7222,3.18941,0.001
0.226,0.276,3.705,2.72681,3.14767,0.001
0.2261,0.2761,3.68319,2.74984,3.09202,0.001
0.2262,0.2762,3.66138,2.77747,3.05493,0.001
0.2263,0.2763,3.64393,2.78208,2.98073,0.001
0.2264,0.2764,3.61776,2.8005,2.939,0.001
0.2265,0.2765,3.60031,2.81431,2.88335,0.001
0.2266,0.2766,3.59595,2.81892,2.83698,0.001
0.2267,0.2767,3.59158,2.82353,2.79988,0.001
0.2268,0.2768,3.5785,2.8051,2.76278,0.001
0.2269,0.2769,3.56105,2.82353,2.73032,0.001
0.227,0.277,3.55669,2.8005,2.67931,0.001
0.2271,0.2771,3.55233,2.81431,2.64221,0.001
0.2272,0.2772,3.55233,2.82813,2.59584,0.001
0.2273,0.2773,3.5436,2.81431,2.51237,0.001
0.2274,0.2774,3.53924,2.82813,2.46136,0.001
0.2275,0.2775,3.53051,2.83274,2.43818,0.001
0.2276,0.2776,3.53924,2.82813,2.40572,0.001
0.2277,0.2777,3.53488,2.82813,2.36398,0.001
0.2278,0.2778,3.54796,2.8051,2.35007,0.001
0.2279,0.2779,3.56105,2.77747,2.30834,0.001
0.228,0.278,3.56541,2.74523,2.26196,0.001
0.2281,0.2781,3.5785,2.69918,2.22023,0.001
0.2282,0.2782,3.60031,2.68536,2.19241,0.001
0.2283,0.2783,3.60903,2.67154,2.18777,0.001
0.2284,0.2784,3.61776,2.68536,2.19241,0.001
0.2285,0.2785,3.62212,2.70378,2.19241,0.001
0.2286,0.2786,3.61776,2.71299,2.18313,0.001
0.2287,0.2787,3.6134,2.69918,2.16458,0.001
0.2288,0.2788,3.62212,2.70378,2.17386,0.001
0.2289,0.2789,3.64829,2.70378,2.18777,0.001
0.229,0.279,3.66574,2.66233,2.20632,0.001
0.2291,0.2791,3.67447,2.6393,2.22487,0.001
0.2292,0.2792,3.69628,2.60706,2.24805,0.001
0.2293,0.2793,3.70936,2.57022,2.23878,0.001
0.2294,0.2794,3.72245,2.56561,2.23878,0.001
0.2295,0.2795,3.72681,2.54719,2.24805,0.001
0.2296,0.2796,3.73117,2.53798,2.25733,0.001
0.2297,0.2797,3.71809,2.53798,2.28979,0.001
0.2298,0.2798,3.705,2.52416,2.32688,0.001
0.2299,0.2799,3.68319,2.54719,2.35471,0.001
0.23,0.28,3.67883,2.52877,2.38717,0.001
0.2301,0.2801,3.66574,2.52416,2.40572,0.001
0.2302,0.2802,3.66138,2.52416,2.41035,0.001
0.2303,0.2803,3.66574,2.50574,2.4289,0.001
0.2304,0.2804,3.64393,2.4735,2.47064,0.001
0.2305,0.2805,3.65266,2.46429,2.50774,0.001
0.2306,0.2806,3.65266,2.45048,2.54483,0.001
0.2307,0.2807,3.65702,2.45508,2.56802,0.001
0.2308,0.2808,3.65702,2.45508,2.59121,0.001
0.2309,0.2809,3.65702,2.44587,2.6283,0.001
0.231,0.281,3.66138,2.44126,2.64221,0.001
0.2311,0.2811,3.65702,2.45048,2.67931,0.001
0.2312,0.2812,3.66574,2.45048,2.71641,0.001
0.2313,0.2813,3.67447,2.44126,2.74423,0.001
0.2314,0.2814,3.66574,2.46429,2.7396,0.001
0.2315,0.2815,3.67447,2.48271,2.72105,0.001
0.2316,0.2816,3.67883,2.4735,2.72568,0.001
0.2317,0.2817,3.69628,2.4735,2.70714,0.001
0.2318,0.2818,3.71373,2.48271,2.69786,0.001
0.2319,0.2819,3.72245,2.48271,2.68395,0.001
0.232,0.282,3.74426,2.48732,2.6654,0.001
0.2321,0.2821,3.74862,2.48732,2.65149,0.001
0.2322,0.2822,3.76171,2.51035,2.61903,0.001
0.2323,0.2823,3.78788,2.51956,2.60048,0.001
0.2324,0.2824,3.79224,2.5564,2.60512,0.001
0.2325,0.2825,3.81406,2.59325,2.58193,0.001
0.2326,0.2826,3.80969,2.60706,2.55874,0.001
0.2327,0.2827,3.80533,2.64851,2.5402,0.001
0.2328,0.2828,3.79224,2.67615,2.49846,0.001
0.2329,0.2829,3.77916,2.70839,2.466,0.001
0.233,0.283,3.79224,2.76365,2.44281,0.001
0.2331,0.2831,3.79224,2.79589,2.42427,0.001
0.2332,0.2832,3.80533,2.83734,2.41499,0.001
0.2333,0.2833,3.81842,2.86958,2.43818,0.001
0.2334,0.2834,3.83587,2.92485,2.46136,0.001
0.2335,0.2835,3.84895,2.9663,2.46136,0.001
0.2336,0.2836,3.84459,3.00775,2.47064,0.001
0.2337,0.2837,3.85331,3.0538,2.45673,0.001
0.2338,0.2838,3.8664,3.12749,2.44281,0.001
0.2339,0.2839,3.87076,3.18737,2.41499,0.001
0.234,0.284,3.87949,3.25184,2.37326,0.001
0.2341,0.2841,3.89694,3.31172,2.35934,0.001
0.2342,0.2842,3.92311,3.33935,2.33616,0.001
0.2343,0.2843,3.9362,3.36698,2.32688,0.001
0.2344,0.2844,3.96237,3.38541,2.31297,0.001
0.2345,0.2845,3.98854,3.41765,2.29906,0.001
0.2346,0.2846,4.01908,3.42225,2.29906,0.001
0.2347,0.2847,4.02344,3.4591,2.32688,0.001
0.2348,0.2848,4.04961,3.49594,2.33616,0.001
0.2349,0.2849,4.06706,3.49134,2.30834,0.001
0.235,0.285,4.07578,3.50055,2.28979,0.001
0.2351,0.2851,4.07142,3.50055,2.28051,0.001
0.2352,0.2852,4.08451,3.51436,2.29442,0.001
0.2353,0.2853,4.08015,3.52818,2.3037,0.001
0.2354,0.2854,4.11068,3.56042,2.33152,0.001
0.2355,0.2855,4.13249,3.57424,2.33616,0.001
0.2356,0.2856,4.14994,3.56503,2.3408,0.001
0.2357,0.2857,4.16303,3.57424,2.34543,0.001
0.2358,0.2858,4.17612,3.58345,2.35007,0.001
0.2359,0.2859,4.18048,3.58345,2.36398,0.001
0.236,0.286,4.1892,3.59266,2.36398,0.001
0.2361,0.2861,4.19793,3.59726,2.35007,0.001
0.2362,0.2862,4.2241,3.60187,2.39181,0.001
0.2363,0.2863,4.2241,3.59726,2.37326,0.001
0.2364,0.2864,4.24155,3.58345,2.38253,0.001
0.2365,0.2865,4.26336,3.61108,2.37789,0.001
0.2366,0.2866,4.28517,3.59266,2.39181,0.001
0.2367,0.2867,4.30262,3.61569,2.36862,0.001
0.2368,0.2868,4.31134,3.61108,2.37789,0.001
0.2369,0.2869,4.32443,3.62029,2.38717,0.001
0.237,0.287,4.32007,3.61569,2.39644,0.001
0.2371,0.2871,4.32007,3.62029,2.39644,0.001
0.2372,0.2872,4.32879,3.6249,2.40572,0.001
0.2373,0.2873,4.32879,3.6295,2.40572,0.001
0.2374,0.2874,4.3506,3.64332,2.43354,0.001
0.2375,0.2875,4.3506,3.6249,2.45209,0.001
0.2376,0.2876,4.36805,3.6249,2.5031,0.001
0.2377,0.2877,4.3855,3.62029,2.5402,0.001
0.2378,0.2878,4.38986,3.61569,2.57729,0.001
0.2379,0.2879,4.40295,3.61108,2.60048,0.001
0.238,0.288,4.40295,3.60648,2.64221,0.001
0.2381,0.2881,4.39859,3.62029,2.67468,0.001
0.2382,0.2882,4.39422,3.64793,2.7025,0.001
0.2383,0.2883,4.37678,3.68477,2.72568,0.001
0.2384,0.2884,4.37241,3.72622,2.74887,0.001
0.2385,0.2885,4.35933,3.74004,2.76742,0.001
0.2386,0.2886,4.37241,3.77228,2.76278,0.001
0.2387,0.2887,4.37241,3.78609,2.78597,0.001
0.2388,0.2888,4.39422,3.79531,2.78597,0.001
0.2389,0.2889,4.39422,3.78609,2.79524,0.001
0.239,0.289,4.3855,3.7907,2.79988,0.001
0.2391,0.2891,4.36805,3.82294,2.78133,0.001
0.2392,0.2892,4.37678,3.81833,2.76742,0.001
0.2393,0.2893,4.3506,3.84597,2.76278,0.001
0.2394,0.2894,4.34624,3.86439,2.73496,0.001
0.2395,0.2895,4.3506,3.89202,2.73032,0.001
0.2396,0.2896,4.3506,3.89202,2.71641,0.001
0.2397,0.2897,4.34624,3.91966,2.7025,0.001
0.2398,0.2898,4.35933,3.91505,2.68395,0.001
0.2399,0.2899,4.3506,3.90584,2.67931,0.001
0.24,0.29,4.35496,3.92426,2.67468,0.001
0.2401,0.2901,4.37678,3.9565,2.69322,0.001
0.2402,0.2902,4.39422,3.97953,2.67931,0.001
0.2403,0.2903,4.40731,4.01638,2.6654,0.001
0.2404,0.2904,4.3855,4.02098,2.6654,0.001
0.2405,0.2905,4.35933,4.02559,2.6654,0.001
0.2406,0.2906,4.3506,4.04401,2.67004,0.001
0.2407,0.2907,4.35933,4.05783,2.6654,0.001
0.2408,0.2908,4.3506,4.07625,2.67468,0.001
0.2409,0.2909,4.34624,4.08546,2.67468,0.001
0.241,0.291,4.32443,4.09006,2.69322,0.001
0.2411,0.2911,4.30698,4.1177,2.68859,0.001
0.2412,0.2912,4.28081,4.1223,2.7025,0.001
0.2413,0.2913,4.28081,4.14073,2.70714,0.001
0.2414,0.2914,4.27208,4.15915,2.72105,0.001
0.2415,0.2915,4.27208,4.17297,2.7025,0.001
0.2416,0.2916,4.28081,4.18678,2.67468,0.001
0.2417,0.2917,4.28517,4.18218,2.67004,0.001
0.2418,0.2918,4.27208,4.18678,2.65613,0.001
0.2419,0.2919,4.25463,4.18218,2.67931,0.001
0.242,0.292,4.23282,4.19139,2.69322,0.001
0.2421,0.2921,4.2241,4.19139,2.71641,0.001
0.2422,0.2922,4.23282,4.18678,2.72105,0.001
0.2423,0.2923,4.23282,4.21442,2.72568,0.001
0.2424,0.2924,4.22846,4.23284,2.72568,0.001
0.2425,0.2925,4.2241,4.24205,2.72105,0.001
0.2426,0.2926,4.19356,4.26508,2.7396,0.001
0.2427,0.2927,4.17612,4.26968,2.73032,0.001
0.2428,0.2928,4.1543,4.2789,2.7396,0.001
0.2429,0.2929,4.17175,4.24666,2.7396,0.001
0.243,0.293,4.1892,4.23284,2.73032,0.001
0.2431,0.2931,4.19356,4.22363,2.76742,0.001
0.2432,0.2932,4.20229,4.18678,2.77206,0.001
0.2433,0.2933,4.20229,4.15454,2.80915,0.001
0.2434,0.2934,4.19793,4.09928,2.81843,0.001
0.2435,0.2935,4.17612,4.07625,2.85089,0.001
0.2436,0.2936,4.16303,4.04861,2.86944,0.001
0.2437,0.2937,4.1543,4.02098,2.8648,0.001
0.2438,0.2938,4.16303,4.00256,2.87408,0.001
0.2439,0.2939,4.16739,3.97493,2.8648,0.001
0.244,0.294,4.1892,3.94269,2.86016,0.001
0.2441,0.2941,4.19793,3.90584,2.85553,0.001
0.2442,0.2942,4.19793,3.85057,2.85089,0.001
0.2443,0.2943,4.21974,3.81833,2.87871,0.001
0.2444,0.2944,4.25027,3.78149,2.87871,0.001
0.2445,0.2945,4.25027,3.75846,2.89262,0.001
0.2446,0.2946,4.24591,3.72162,2.90654,0.001
0.2447,0.2947,4.22846,3.68477,2.9019,0.001
0.2448,0.2948,4.2241,3.65714,2.92508,0.001
0.2449,0.2949,4.24591,3.63411,2.93436,0.001
0.245,0.295,4.259,3.61108,2.939,0.001
0.2451,0.2951,4.26772,3.59266,2.94363,0.001
0.2452,0.2952,4.27208,3.55581,2.96218,0.001
0.2453,0.2953,4.28517,3.52357,2.94363,0.001
0.2454,0.2954,4.29389,3.49134,2.94363,0.001
0.2455,0.2955,4.27644,3.47752,2.95291,0.001
0.2456,0.2956,4.259,3.44989,2.95755,0.001
0.2457,0.2957,4.23718,3.44528,2.97146,0.001
0.2458,0.2958,4.21537,3.43146,2.97609,0.001
0.2459,0.2959,4.21101,3.41304,2.99928,0.001
0.246,0.296,4.20665,3.41304,2.99928,0.001
0.2461,0.2961,4.1892,3.40383,3.0271,0.001
0.2462,0.2962,4.18484,3.40844,3.02247,0.001
0.2463,0.2963,4.1892,3.41765,3.02247,0.001
0.2464,0.2964,4.18048,3.42225,3.03638,0.001
0.2465,0.2965,4.16303,3.41765,3.03174,0.001
0.2466,0.2966,4.14994,3.41304,3.01319,0.001
0.2467,0.2967,4.13249,3.39922,3.01783,0.001
0.2468,0.2968,4.11504,3.40844,3.01783,0.001
0.2469,0.2969,4.09323,3.41765,3.0271,0.001
0.247,0.297,4.06706,3.44067,3.03174,0.001
0.2471,0.2971,4.07578,3.4637,3.05493,0.001
0.2472,0.2972,4.09323,3.45449,3.05493,0.001
0.2473,0.2973,4.11068,3.4591,3.06884,0.001
0.2474,0.2974,4.12813,3.45449,3.05956,0.001
0.2475,0.2975,4.12813,3.44067,3.05956,0.001
0.2476,0.2976,4.11068,3.41304,3.04565,0.001
0.2477,0.2977,4.11941,3.42686,3.01319,0.001
0.2478,0.2978,4.11941,3.40844,2.99928,0.001
0.2479,0.2979,4.10196,3.40383,2.97609,0.001
0.248,0.298,4.0976,3.39001,2.97146,0.001
0.2481,0.2981,4.07578,3.3762,2.98537,0.001
0.2482,0.2982,4.08015,3.36698,2.99001,0.001
0.2483,0.2983,4.05834,3.36238,2.97146,0.001
0.2484,0.2984,4.04525,3.35777,2.96682,0.001
0.2485,0.2985,4.01908,3.34396,2.95291,0.001
0.2486,0.2986,4.02344,3.33475,2.94363,0.001
0.2487,0.2987,4.04089,3.33014,2.93436,0.001
0.2488,0.2988,4.02344,3.30251,2.91581,0.001
0.2489,0.2989,4.01035,3.27487,2.89726,0.001
0.249,0.299,3.9929,3.28408,2.88799,0.001
0.2491,0.2991,3.96673,3.27948,2.88335,0.001
0.2492,0.2992,3.94492,3.27487,2.90654,0.001
0.2493,0.2993,3.93183,3.28408,2.91117,0.001
0.2494,0.2994,3.90566,3.28408,2.93436,0.001
0.2495,0.2995,3.89257,3.27027,2.93436,0.001
0.2496,0.2996,3.87513,3.26106,2.94363,0.001
0.2497,0.2997,3.8664,3.24724,2.96218,0.001
0.2498,0.2998,3.87076,3.24263,2.94363,0.001
0.2499,0.2999,3.84459,3.23803,2.92972,0.001
0.25,0.3,3.84459,3.23803,2.92972,0.001
0.2501,0.3001,3.84459,3.25645,2.91581,0.001
0.2502,0.3002,3.8315,3.23803,2.92508,0.001
0.2503,0.3003,3.8315,3.215,2.93436,0.001
0.2504,0.3004,3.82714,3.21039,2.95291,0.001
0.2505,0.3005,3.8315,3.18737,2.95291,0.001
0.2506,0.3006,3.84023,3.19197,2.96218,0.001
0.2507,0.3007,3.84023,3.19197,2.97146,0.001
0.2508,0.3008,3.85331,3.18276,2.99001,0.001
0.2509,0.3009,3.85768,3.19658,2.99928,0.001
0.251,0.301,3.87513,3.18737,3.01319,0.001
0.2511,0.3011,3.8664,3.17816,3.0271,0.001
0.2512,0.3012,3.84895,3.16894,3.03638,0.001
0.2513,0.3013,3.84023,3.14131,3.05029,0.001
0.2514,0.3014,3.83587,3.13671,3.05956,0.001
0.2515,0.3015,3.85331,3.11828,3.07348,0.001
0.2516,0.3016,3.86204,3.10907,3.1013,0.001
0.2517,0.3017,3.88385,3.09525,3.11985,0.001
0.2518,0.3018,3.89257,3.08604,3.14767,0.001
0.2519,0.3019,3.90566,3.08604,3.17086,0.001
0.252,0.302,3.91002,3.09525,3.15695,0.001
0.2521,0.3021,3.91002,3.10447,3.16158,0.001
0.2522,0.3022,3.89694,3.09065,3.15231,0.001
0.2523,0.3023,3.9013,3.06302,3.15695,0.001
0.2524,0.3024,3.87076,3.0492,3.15695,0.001
0.2525,0.3025,3.86204,3.01696,3.16158,0.001
0.2526,0.3026,3.85768,3.00775,3.16622,0.001
0.2527,0.3027,3.84459,3.00775,3.16158,0.001
0.2528,0.3028,3.85331,3.00314,3.14767,0.001
0.2529,0.3029,3.87076,2.99854,3.15695,0.001
0.253,0.303,3.8664,3.00775,3.13376,0.001
0.2531,0.3031,3.87513,3.00775,3.12912,0.001
0.2532,0.3032,3.86204,3.00775,3.13376,0.001
0.2533,0.3033,3.84895,3.02157,3.14303,0.001
0.2534,0.3034,3.8315,3.02617,3.1384,0.001
0.2535,0.3035,3.80969,3.03078,3.13376,0.001
0.2536,0.3036,3.79224,3.03999,3.12912,0.001
0.2537,0.3037,3.79661,3.03999,3.12448,0.001
0.2538,0.3038,3.79224,3.03538,3.14303,0.001
0.2539,0.3039,3.79224,3.0538,3.15695,0.001
0.254,0.304,3.77916,3.06302,3.17086,0.001
0.2541,0.3041,3.77916,3.08604,3.21259,0.001
0.2542,0.3042,3.77916,3.11368,3.17549,0.001
0.2543,0.3043,3.78352,3.15973,3.18013,0.001
0.2544,0.3044,3.77916,3.19658,3.18013,0.001
0.2545,0.3045,3.78788,3.21039,3.18013,0.001
0.2546,0.3046,3.79661,3.25645,3.21259,0.001
0.2547,0.3047,3.80097,3.27027,3.2265,0.001
0.2548,0.3048,3.81842,3.28408,3.21723,0.001
0.2549,0.3049,3.8315,3.30711,3.22187,0.001
0.255,0.305,3.85768,3.31632,3.21259,0.001
0.2551,0.3051,3.88385,3.33935,3.19404,0.001
0.2552,0.3052,3.9013,3.3762,3.17086,0.001
0.2553,0.3053,3.91875,3.39462,3.16158,0.001
0.2554,0.3054,3.95801,3.42225,3.17549,0.001
0.2555,0.3055,3.97982,3.44528,3.18013,0.001
0.2556,0.3056,3.97982,3.48212,3.17549,0.001
0.2557,0.3057,4.00163,3.51436,3.18477,0.001
0.2558,0.3058,4.0278,3.50976,3.19404,0.001
0.2559,0.3059,4.04525,3.51897,3.20332,0.001
0.256,0.306,4.05397,3.53739,3.19404,0.001
0.2561,0.3061,4.08451,3.52357,3.20332,0.001
0.2562,0.3062,4.08015,3.56042,3.17549,0.001
0.2563,0.3063,4.09323,3.57884,3.17086,0.001
0.2564,0.3064,4.08451,3.60648,3.17549,0.001
0.2565,0.3065,4.08887,3.62029,3.17549,0.001
0.2566,0.3066,4.08887,3.63872,3.19868,0.001
0.2567,0.3067,4.09323,3.66635,3.21723,0.001
0.2568,0.3068,4.08451,3.67095,3.23114,0.001
0.2569,0.3069,4.08887,3.69398,3.24505,0.001
0.257,0.307,4.08887,3.68938,3.23114,0.001
0.2571,0.3071,4.08887,3.68938,3.2265,0.001
0.2572,0.3072,4.08887,3.68938,3.19868,0.001
0.2573,0.3073,4.09323,3.69859,3.18941,0.001
0.2574,0.3074,4.10632,3.68938,3.19404,0.001
0.2575,0.3075,4.11504,3.7078,3.19404,0.001
0.2576,0.3076,4.12377,3.7124,3.19868,0.001
0.2577,0.3077,4.14558,3.70319,3.19868,0.001
0.2578,0.3078,4.14558,3.70319,3.23114,0.001
0.2579,0.3079,4.13249,3.69859,3.2265,0.001
0.258,0.308,4.13249,3.69859,3.24042,0.001
0.2581,0.3081,4.12813,3.70319,3.25896,0.001
0.2582,0.3082,4.13686,3.68938,3.28215,0.001
0.2583,0.3083,4.12377,3.68477,3.29142,0.001
0.2584,0.3084,4.12377,3.69398,3.31461,0.001
0.2585,0.3085,4.14122,3.69398,3.32389,0.001
0.2586,0.3086,4.15867,3.70319,3.33316,0.001
0.2587,0.3087,4.1892,3.71701,3.34243,0.001
0.2588,0.3088,4.19793,3.73543,3.35635,0.001
0.2589,0.3089,4.21101,3.74464,3.36098,0.001
0.259,0.309,4.2241,3.74925,3.38881,0.001
0.2591,0.3091,4.24591,3.75846,3.39808,0.001
0.2592,0.3092,4.259,3.77228,3.41199,0.001
0.2593,0.3093,4.259,3.7907,3.41663,0.001
0.2594,0.3094,4.26336,3.82294,3.43054,0.001
0.2595,0.3095,4.27644,3.85057,3.42127,0.001
0.2596,0.3096,4.28081,3.8736,3.463,0.001
0.2597,0.3097,4.29826,3.88742,3.47228,0.001
0.2598,0.3098,4.31134,3.92426,3.46764,0.001
0.2599,0.3099,4.32879,3.94269,3.48619,0.001
0.26,0.31,4.34624,3.97032,3.47691,0.001
0.2601,0.3101,4.35933,3.98414,3.48155,0.001
0.2602,0.3102,4.37241,3.99335,3.48619,0.001
0.2603,0.3103,4.3855,4.02098,3.5001,0.001
0.2604,0.3104,4.3855,4.0394,3.51865,0.001
0.2605,0.3105,4.38986,4.05322,3.50474,0.001
0.2606,0.3106,4.40295,4.07625,3.49546,0.001
0.2607,0.3107,4.39859,4.10849,3.48619,0.001
0.2608,0.3108,4.39422,4.12691,3.48155,0.001
0.2609,0.3109,4.4204,4.15915,3.50937,0.001
0.261,0.311,4.42912,4.18678,3.53256,0.001
0.2611,0.3111,4.43784,4.20521,3.54647,0.001
0.2612,0.3112,4.44221,4.20981,3.56502,0.001
0.2613,0.3113,4.44221,4.21442,3.55575,0.001
0.2614,0.3114,4.43784,4.23284,3.56502,0.001
0.2615,0.3115,4.4204,4.24666,3.57893,0.001
0.2616,0.3116,4.42476,4.26968,3.58821,0.001
0.2617,0.3117,4.41167,4.29271,3.59284,0.001
0.2618,0.3118,4.4204,4.30192,3.58821,0.001
0.2619,0.3119,4.40731,4.31114,3.58357,0.001
0.262,0.312,4.40295,4.31574,3.58357,0.001
0.2621,0.3121,4.40731,4.33416,3.60212,0.001
0.2622,0.3122,4.40295,4.35259,3.60676,0.001
0.2623,0.3123,4.39859,4.3618,3.61139,0.001
0.2624,0.3124,4.38986,4.38943,3.62994,0.001
0.2625,0.3125,4.39422,4.40325,3.64385,0.001
0.2626,0.3126,4.38986,4.41707,3.63922,0.001
0.2627,0.3127,4.39422,4.42167,3.63922,0.001
0.2628,0.3128,4.39859,4.41246,3.63458,0.001
0.2629,0.3129,4.40295,4.40325,3.62994,0.001
0.263,0.313,4.40731,4.40785,3.63922,0.001
0.2631,0.3131,4.41167,4.42628,3.63922,0.001
0.2632,0.3132,4.4204,4.44009,3.64849,0.001
0.2633,0.3133,4.43348,4.4493,3.6624,0.001
0.2634,0.3134,4.45093,4.48154,3.65777,0.001
0.2635,0.3135,4.45966,4.49536,3.66704,0.001
0.2636,0.3136,4.46402,4.52299,3.67631,0.001
0.2637,0.3137,4.48583,4.5276,3.68095,0.001
0.2638,0.3138,4.48147,4.52299,3.68559,0.001
0.2639,0.3139,4.49019,4.54142,3.69486,0.001
0.264,0.314,4.49019,4.53681,3.70877,0.001
0.2641,0.3141,4.49019,4.53221,3.71341,0.001
0.2642,0.3142,4.50328,4.53681,3.73196,0.001
0.2643,0.3143,4.49892,4.54142,3.78761,0.001
0.2644,0.3144,4.52073,4.55063,3.78761,0.001
0.2645,0.3145,4.52073,4.58287,3.81079,0.001
0.2646,0.3146,4.52509,4.58287,3.84325,0.001
0.2647,0.3147,4.51636,4.55984,3.85717,0.001
0.2648,0.3148,4.512,4.55984,3.88499,0.001
0.2649,0.3149,4.50764,4.55984,3.90354,0.001
0.265,0.315,4.49455,4.55063,3.93136,0.001
0.2651,0.3151,4.48583,4.53221,3.96846,0.001
0.2652,0.3152,4.49455,4.53221,4.01019,0.001
0.2653,0.3153,4.46838,4.52299,4.04265,0.001
0.2654,0.3154,4.46838,4.51839,4.0612,0.001
0.2655,0.3155,4.45529,4.50918,4.07975,0.001
0.2656,0.3156,4.44221,4.50457,4.09366,0.001
0.2657,0.3157,4.44221,4.49536,4.11221,0.001
0.2658,0.3158,4.44657,4.49076,4.12612,0.001
0.2659,0.3159,4.43348,4.49997,4.14467,0.001
0.266,0.316,4.4204,4.48154,4.14004,0.001
0.2661,0.3161,4.39422,4.47694,4.14467,0.001
0.2662,0.3162,4.37678,4.45391,4.18177,0.001
0.2663,0.3163,4.35496,4.44009,4.20959,0.001
0.2664,0.3164,4.3506,4.43088,4.20032,0.001
0.2665,0.3165,4.3506,4.41707,4.21887,0.001
0.2666,0.3166,4.33752,4.40785,4.21887,0.001
0.2667,0.3167,4.30698,4.40785,4.22351,0.001
0.2668,0.3168,4.29826,4.40325,4.22351,0.001
0.2669,0.3169,4.27644,4.39864,4.23278,0.001
0.267,0.317,4.26772,4.40325,4.23278,0.001
0.2671,0.3171,4.27644,4.39404,4.23742,0.001
0.2672,0.3172,4.28081,4.38483,4.25133,0.001
0.2673,0.3173,4.27644,4.38943,4.2606,0.001
0.2674,0.3174,4.28953,4.39404,4.26524,0.001
0.2675,0.3175,4.29389,4.39404,4.26988,0.001
0.2676,0.3176,4.29389,4.40325,4.26524,0.001
0.2677,0.3177,4.29826,4.38022,4.25597,0.001
0.2678,0.3178,4.30262,4.39864,4.26988,0.001
0.2679,0.3179,4.31134,4.42167,4.28379,0.001
0.268,0.318,4.30262,4.43088,4.28843,0.001
0.2681,0.3181,4.3157,4.4447,4.33016,0.001
0.2682,0.3182,4.33315,4.44009,4.32089,0.001
0.2683,0.3183,4.33315,4.4447,4.3348,0.001
0.2684,0.3184,4.34188,4.4493,4.3348,0.001
0.2685,0.3185,4.35496,4.4447,4.3348,0.001
0.2686,0.3186,4.36805,4.44009,4.33944,0.001
0.2687,0.3187,4.34624,4.44009,4.31161,0.001
0.2688,0.3188,4.34188,4.4493,4.32089,0.001
0.2689,0.3189,4.36369,4.4447,4.35335,0.001
0.269,0.319,4.36369,4.45852,4.35799,0.001
0.2691,0.3191,4.3506,4.48615,4.36726,0.001
0.2692,0.3192,4.36805,4.49536,4.39045,0.001
0.2693,0.3193,4.38114,4.51378,4.39508,0.001
0.2694,0.3194,4.38114,4.51378,4.42291,0.001
0.2695,0.3195,4.36805,4.50457,4.44609,0.001
0.2696,0.3196,4.35933,4.51378,4.44609,0.001
0.2697,0.3197,4.3506,4.50457,4.46928,0.001
0.2698,0.3198,4.32443,4.50918,4.47855,0.001
0.2699,0.3199,4.3157,4.48154,4.4971,0.001
0.27,0.32,4.3157,4.51839,4.51565,0.001
0.2701,0.3201,4.28953,4.52299,4.52029,0.001
0.2702,0.3202,4.28081,4.50457,4.54347,0.001
0.2703,0.3203,4.26772,4.49536,4.5342,0.001
0.2704,0.3204,4.259,4.50918,4.54347,0.001
0.2705,0.3205,4.259,4.49076,4.55275,0.001
0.2706,0.3206,4.26336,4.48615,4.55275,0.001
0.2707,0.3207,4.26772,4.47233,4.56666,0.001
0.2708,0.3208,4.27208,4.46312,4.55739,0.001
0.2709,0.3209,4.26772,4.43549,4.5713,0.001
0.271,0.321,4.26772,4.43088,4.56666,0.001
0.2711,0.3211,4.26336,4.42628,4.56202,0.001
0.2712,0.3212,4.27208,4.41246,4.57594,0.001
0.2713,0.3213,4.26336,4.38022,4.56666,0.001
0.2714,0.3214,4.28081,4.3618,4.58521,0.001
0.2715,0.3215,4.28517,4.34337,4.59448,0.001
0.2716,0.3216,4.28953,4.31114,4.6084,0.001
0.2717,0.3217,4.29826,4.29732,4.62231,0.001
0.2718,0.3218,4.32879,4.27429,4.64086,0.001
0.2719,0.3219,4.32443,4.26047,4.65941,0.001
0.272,0.322,4.33752,4.25587,4.64549,0.001
0.2721,0.3221,4.3506,4.24666,4.65477,0.001
0.2722,0.3222,4.35933,4.22363,4.66868,0.001
0.2723,0.3223,4.36369,4.23284,4.68259,0.001
0.2724,0.3224,4.34624,4.23284,4.70114,0.001
0.2725,0.3225,4.34624,4.21442,4.6965,0.001
0.2726,0.3226,4.35496,4.20981,4.72896,0.001
0.2727,0.3227,4.3506,4.2006,4.7336,0.001
0.2728,0.3228,4.3506,4.20521,4.77534,0.001
0.2729,0.3229,4.34624,4.196,4.7707,0.001
0.273,0.323,4.33752,4.20981,4.78461,0.001
0.2731,0.3231,4.34188,4.2006,4.78925,0.001
0.2732,0.3232,4.32879,4.22363,4.82171,0.001
0.2733,0.3233,4.32443,4.22823,4.81707,0.001
0.2734,0.3234,4.32879,4.24205,4.81707,0.001
0.2735,0.3235,4.30698,4.25126,4.82171,0.001
0.2736,0.3236,4.32007,4.25126,4.81707,0.001
0.2737,0.3237,4.30698,4.25587,4.82171,0.001
0.2738,0.3238,4.30698,4.26508,4.8449,0.001
0.2739,0.3239,4.30262,4.27429,4.85417,0.001
0.274,0.324,4.30262,4.2835,4.85881,0.001
0.2741,0.3241,4.30698,4.29271,4.87736,0.001
0.2742,0.3242,4.28081,4.29271,4.89591,0.001
0.2743,0.3243,4.28517,4.31114,4.89127,0.001
0.2744,0.3244,4.26336,4.32495,4.90054,0.001
0.2745,0.3245,4.259,4.32495,4.90518,0.001
0.2746,0.3246,4.25027,4.35259,4.90982,0.001
0.2747,0.3247,4.24155,4.35259,4.91909,0.001
0.2748,0.3248,4.25463,4.34798,4.93764,0.001
0.2749,0.3249,4.27208,4.3618,4.933,0.001
0.275,0.325,4.28081,4.3664,4.92836,0.001
0.2751,0.3251,4.26336,4.3664,4.96083,0.001
0.2752,0.3252,4.25027,4.37101,4.96546,0.001
0.2753,0.3253,4.24155,4.37561,4.97937,0.001
0.2754,0.3254,4.23718,4.40325,4.97937,0.001
0.2755,0.3255,4.23282,4.38943,4.9701,0.001
0.2756,0.3256,4.23718,4.42167,4.96083,0.001
0.2757,0.3257,4.24155,4.43549,4.95619,0.001
0.2758,0.3258,4.25027,4.46312,4.933,0.001
0.2759,0.3259,4.27644,4.46773,4.93764,0.001
0.276,0.326,4.29389,4.48615,4.91909,0.001
0.2761,0.3261,4.28517,4.49997,4.91445,0.001
0.2762,0.3262,4.28517,4.52299,4.88199,0.001
0.2763,0.3263,4.30262,4.53221,4.89127,0.001
0.2764,0.3264,4.29389,4.54602,4.88199,0.001
0.2765,0.3265,4.28517,4.55984,4.87736,0.001
0.2766,0.3266,4.28517,4.57826,4.87736,0.001
0.2767,0.3267,4.27208,4.60129,4.87272,0.001
0.2768,0.3268,4.28517,4.61511,4.87736,0.001
0.2769,0.3269,4.28081,4.62892,4.88199,0.001
0.277,0.327,4.28953,4.64274,4.88663,0.001
0.2771,0.3271,4.28953,4.65195,4.89127,0.001
0.2772,0.3272,4.29826,4.66116,4.90518,0.001
0.2773,0.3273,4.30698,4.67498,4.90054,0.001
0.2774,0.3274,4.28517,4.67498,4.91445,0.001
0.2775,0.3275,4.28517,4.68419,4.91445,0.001
0.2776,0.3276,4.28517,4.71183,4.90054,0.001
0.2777,0.3277,4.28517,4.72104,4.91909,0.001
0.2778,0.3278,4.30262,4.73946,4.92836,0.001
0.2779,0.3279,4.30262,4.75788,4.93764,0.001
0.278,0.328,4.29826,4.77631,4.96083,0.001
0.2781,0.3281,4.3157,4.77631,4.99792,0.001
0.2782,0.3282,4.32443,4.77631,4.99792,0.001
0.2783,0.3283,4.32443,4.78091,5.01647,0.001
0.2784,0.3284,4.31134,4.79473,5.03502,0.001
0.2785,0.3285,4.31134,4.77631,5.05357,0.001
0.2786,0.3286,4.32879,4.79473,5.07212,0.001
0.2787,0.3287,4.33315,4.79012,5.07212,0.001
0.2788,0.3288,4.34188,4.80394,5.09067,0.001
0.2789,0.3289,4.35933,4.79473,5.09994,0.001
0.279,0.329,4.36369,4.80394,5.10922,0.001
0.2791,0.3291,4.3855,4.80394,5.12313,0.001
0.2792,0.3292,4.41167,4.79473,5.12777,0.001
0.2793,0.3293,4.43348,4.78552,5.1324,0.001
0.2794,0.3294,4.45966,4.7717,5.12777,0.001
0.2795,0.3295,4.47274,4.76249,5.1324,0.001
0.2796,0.3296,4.49019,4.76249,5.12313,0.001
0.2797,0.3297,4.48147,4.79012,5.13704,0.001
0.2798,0.3298,4.50328,4.7717,5.15095,0.001
0.2799,0.3299,4.50328,4.79933,5.14632,0.001
0.28,0.33,4.50764,4.80394,5.15095,0.001
0.2801,0.3301,4.52073,4.80394,5.13704,0.001
0.2802,0.3302,4.512,4.79933,5.14632,0.001
0.2803,0.3303,4.52509,4.80855,5.13704,0.001
0.2804,0.3304,4.52945,4.80855,5.15095,0.001
0.2805,0.3305,4.54254,4.80394,5.14168,0.001
0.2806,0.3306,4.55999,4.81315,5.1695,0.001
0.2807,0.3307,4.55562,4.83157,5.15095,0.001
0.2808,0.3308,4.56435,4.83157,5.15095,0.001
0.2809,0.3309,4.56435,4.84539,5.16486,0.001
0.281,0.331,4.55126,4.85921,5.17414,0.001
0.2811,0.3311,4.5469,4.85921,5.17878,0.001
0.2812,0.3312,4.56435,4.88684,5.20196,0.001
0.2813,0.3313,4.56871,4.89605,5.21124,0.001
0.2814,0.3314,4.57307,4.90987,5.21587,0.001
0.2815,0.3315,4.59488,4.90987,5.21124,0.001
0.2816,0.3316,4.59488,4.9375,5.25297,0.001
0.2817,0.3317,4.59488,4.94671,5.27152,0.001
0.2818,0.3318,4.59925,4.96974,5.26688,0.001
0.2819,0.3319,4.59052,4.98356,5.25297,0.001
0.282,0.332,4.58616,5.02962,5.25761,0.001
0.2821,0.3321,4.56435,5.02501,5.25297,0.001
0.2822,0.3322,4.56435,5.03883,5.27616,0.001
0.2823,0.3323,4.55999,5.04343,5.27152,0.001
0.2824,0.3324,4.58616,5.06186,5.29471,0.001
0.2825,0.3325,4.59052,5.08028,5.30862,0.001
0.2826,0.3326,4.59052,5.0987,5.32253,0.001
0.2827,0.3327,4.59488,5.12634,5.30862,0.001
0.2828,0.3328,4.62542,5.14936,5.29935,0.001
0.2829,0.3329,4.6385,5.17239,5.32253,0.001
0.283,0.333,4.62542,5.18621,5.33644,0.001
0.2831,0.3331,4.62106,5.18621,5.3318,0.001
0.2832,0.3332,4.59488,5.19542,5.33644,0.001
0.2833,0.3333,4.60797,5.20463,5.3318,0.001
0.2834,0.3334,4.60361,5.21384,5.33644,0.001
0.2835,0.3335,4.60361,5.23227,5.34572,0.001
0.2836,0.3336,4.61669,5.23687,5.36427,0.001
0.2837,0.3337,4.61233,5.25069,5.37354,0.001
0.2838,0.3338,4.62542,5.25529,5.36427,0.001
0.2839,0.3339,4.63414,5.2599,5.35035,0.001
0.284,0.334,4.63414,5.27832,5.35035,0.001
0.2841,0.3341,4.63414,5.30135,5.34108,0.001
0.2842,0.3342,4.62542,5.29675,5.35035,0.001
0.2843,0.3343,4.62978,5.31056,5.35035,0.001
0.2844,0.3344,4.63414,5.31977,5.35499,0.001
0.2845,0.3345,4.64723,5.30135,5.37354,0.001
0.2846,0.3346,4.66032,5.30135,5.3689,0.001
0.2847,0.3347,4.66904,5.30596,5.36427,0.001
0.2848,0.3348,4.68213,5.31517,5.35035,0.001
0.2849,0.3349,4.69085,5.30596,5.36427,0.001
0.285,0.335,4.6734,5.29675,5.36427,0.001
0.2851,0.3351,4.66904,5.28293,5.3689,0.001
0.2852,0.3352,4.66468,5.29675,5.38281,0.001
0.2853,0.3353,4.66032,5.29675,5.38281,0.001
0.2854,0.3354,4.65595,5.31056,5.37818,0.001
0.2855,0.3355,4.66032,5.30135,5.38745,0.001
0.2856,0.3356,4.66032,5.28753,5.406,0.001
0.2857,0.3357,4.66032,5.29214,5.42455,0.001
0.2858,0.3358,4.66904,5.27832,5.41991,0.001
0.2859,0.3359,4.66032,5.28753,5.41991,0.001
0.286,0.336,4.66032,5.28753,5.43846,0.001
0.2861,0.3361,4.66032,5.28753,5.45237,0.001
0.2862,0.3362,4.65595,5.30596,5.45237,0.001
0.2863,0.3363,4.65159,5.30596,5.47092,0.001
0.2864,0.3364,4.65159,5.31977,5.4802,0.001
0.2865,0.3365,4.64723,5.31517,5.49411,0.001
0.2866,0.3366,4.64287,5.30596,5.48947,0.001
0.2867,0.3367,4.65595,5.30596,5.49875,0.001
0.2868,0.3368,4.66032,5.28293,5.51266,0.001
0.2869,0.3369,4.66904,5.26451,5.50338,0.001
0.287,0.337,4.64287,5.25529,5.49875,0.001
0.2871,0.3371,4.65159,5.25529,5.51729,0.001
0.2872,0.3372,4.6385,5.25069,5.53121,0.001
0.2873,0.3373,4.64723,5.2599,5.54512,0.001
0.2874,0.3374,4.6385,5.2599,5.54976,0.001
0.2875,0.3375,4.64287,5.23687,5.54976,0.001
0.2876,0.3376,4.64723,5.23687,5.53584,0.001
0.2877,0.3377,4.65595,5.23687,5.55903,0.001
0.2878,0.3378,4.65595,5.21384,5.54976,0.001
0.2879,0.3379,4.66032,5.22305,5.54976,0.001
0.288,0.338,4.66904,5.21845,5.54048,0.001
0.2881,0.3381,4.64287,5.21845,5.55439,0.001
0.2882,0.3382,4.64723,5.22766,5.54976,0.001
0.2883,0.3383,4.64287,5.24148,5.58222,0.001
0.2884,0.3384,4.62542,5.25529,5.5683,0.001
0.2885,0.3385,4.62106,5.24148,5.59149,0.001
0.2886,0.3386,4.62106,5.2599,5.59613,0.001
0.2887,0.3387,4.59925,5.26451,5.60077,0.001
0.2888,0.3388,4.60361,5.2599,5.6054,0.001
0.2889,0.3389,4.59925,5.24148,5.62395,0.001
0.289,0.339,4.59488,5.2599,5.61931,0.001
0.2891,0.3391,4.59052,5.2599,5.61931,0.001
0.2892,0.3392,4.57743,5.27372,5.6054,0.001
0.2893,0.3393,4.57743,5.29214,5.61468,0.001
0.2894,0.3394,4.57743,5.28753,5.60077,0.001
0.2895,0.3395,4.57743,5.27832,5.61468,0.001
0.2896,0.3396,4.58616,5.30135,5.60077,0.001
0.2897,0.3397,4.5818,5.29214,5.61931,0.001
0.2898,0.3398,4.57307,5.29214,5.61004,0.001
0.2899,0.3399,4.5469,5.29214,5.61004,0.001
0.29,0.34,4.54254,5.26911,5.61468,0.001
0.2901,0.3401,4.51636,5.27832,5.61931,0.001
0.2902,0.3402,4.51636,5.2599,5.61468,0.001
0.2903,0.3403,4.49455,5.26451,5.59149,0.001
0.2904,0.3404,4.50328,5.26451,5.61004,0.001
0.2905,0.3405,4.49455,5.26911,5.6054,0.001
0.2906,0.3406,4.50328,5.27372,5.59613,0.001
0.2907,0.3407,4.48583,5.28293,5.59149,0.001
0.2908,0.3408,4.49019,5.27372,5.59613,0.001
0.2909,0.3409,4.49455,5.27372,5.62395,0.001
0.291,0.341,4.512,5.28293,5.6054,0.001
0.2911,0.3411,4.512,5.27832,5.62395,0.001
0.2912,0.3412,4.52509,5.27372,5.62395,0.001
0.2913,0.3413,4.51636,5.27832,5.62395,0.001
0.2914,0.3414,4.53381,5.26451,5.6054,0.001
0.2915,0.3415,4.53381,5.25069,5.59613,0.001
0.2916,0.3416,4.51636,5.25069,5.59613,0.001
0.2917,0.3417,4.512,5.24148,5.57294,0.001
0.2918,0.3418,4.49892,5.22766,5.58685,0.001
0.2919,0.3419,4.52509,5.22305,5.61004,0.001
0.292,0.342,4.52509,5.21384,5.60077,0.001
0.2921,0.3421,4.52509,5.18621,5.59613,0.001
0.2922,0.3422,4.53818,5.17239,5.61468,0.001
0.2923,0.3423,4.5469,5.16318,5.60077,0.001
0.2924,0.3424,4.54254,5.14936,5.61004,0.001
0.2925,0.3425,4.55126,5.13555,5.6054,0.001
0.2926,0.3426,4.56435,5.11252,5.61004,0.001
0.2927,0.3427,4.56871,5.11252,5.61004,0.001
0.2928,0.3428,4.5818,5.08028,5.61468,0.001
0.2929,0.3429,4.57743,5.07567,5.6054,0.001
0.293,0.343,4.57743,5.06186,5.61468,0.001
0.2931,0.3431,4.57307,5.04804,5.61931,0.001
0.2932,0.3432,4.57743,5.03422,5.6425,0.001
0.2933,0.3433,4.5818,5.01119,5.61004,0.001
0.2934,0.3434,4.5818,5.00198,5.61468,0.001
0.2935,0.3435,4.57743,4.99277,5.60077,0.001
0.2936,0.3436,4.56871,4.98356,5.61468,0.001
0.2937,0.3437,4.55126,4.96974,5.61468,0.001
0.2938,0.3438,4.54254,4.97435,5.61931,0.001
0.2939,0.3439,4.52073,4.96974,5.61468,0.001
0.294,0.344,4.52509,4.95593,5.61931,0.001
0.2941,0.3441,4.512,4.95593,5.61468,0.001
0.2942,0.3442,4.50764,4.95132,5.61004,0.001
0.2943,0.3443,4.49019,4.95132,5.60077,0.001
0.2944,0.3444,4.49892,4.94211,5.57758,0.001
0.2945,0.3445,4.48147,4.94671,5.54976,0.001
0.2946,0.3446,4.48583,4.9375,5.55903,0.001
0.2947,0.3447,4.48583,4.91908,5.54048,0.001
0.2948,0.3448,4.49455,4.91447,5.52657,0.001
0.2949,0.3449,4.49455,4.91908,5.50802,0.001
0.295,0.345,4.48583,4.90987,5.52193,0.001
0.2951,0.3451,4.48583,4.90526,5.50802,0.001
0.2952,0.3452,4.49019,4.91908,5.49875,0.001
0.2953,0.3453,4.48147,4.91447,5.51266,0.001
0.2954,0.3454,4.49892,4.90987,5.50338,0.001
0.2955,0.3455,4.49455,4.90987,5.48483,0.001
0.2956,0.3456,4.49892,4.90066,5.4802,0.001
0.2957,0.3457,4.49455,4.91447,5.4802,0.001
0.2958,0.3458,4.48583,4.91447,5.49411,0.001
0.2959,0.3459,4.49892,4.90526,5.49411,0.001
0.296,0.346,4.49892,4.92369,5.4802,0.001
0.2961,0.3461,4.49892,4.90526,5.48483,0.001
0.2962,0.3462,4.51636,4.9329,5.4802,0.001
0.2963,0.3463,4.50764,4.91908,5.46629,0.001
0.2964,0.3464,4.49892,4.90987,5.47556,0.001
0.2965,0.3465,4.512,4.92369,5.46165,0.001
0.2966,0.3466,4.50328,4.92369,5.46165,0.001
0.2967,0.3467,4.50764,4.9375,5.46165,0.001
0.2968,0.3468,4.51636,4.95132,5.4431,0.001
0.2969,0.3469,4.512,4.96514,5.43846,0.001
0.297,0.347,4.512,4.96053,5.43846,0.001
0.2971,0.3471,4.49892,4.95132,5.43846,0.001
0.2972,0.3472,4.49455,4.95593,5.41991,0.001
0.2973,0.3473,4.4771,4.95593,5.41991,0.001
0.2974,0.3474,4.4771,4.96514,5.41064,0.001
0.2975,0.3475,4.46838,4.97435,5.40136,0.001
0.2976,0.3476,4.4771,4.96974,5.37818,0.001
0.2977,0.3477,4.45529,4.97435,5.36427,0.001
0.2978,0.3478,4.45966,4.98817,5.34572,0.001
0.2979,0.3479,4.46402,4.97435,5.34572,0.001
0.298,0.348,4.45093,4.98356,5.33644,0.001
0.2981,0.3481,4.44221,4.96514,5.30398,0.001
0.2982,0.3482,4.43784,4.96514,5.29935,0.001
0.2983,0.3483,4.41603,4.97895,5.30398,0.001
0.2984,0.3484,4.41167,4.97895,5.27152,0.001
0.2985,0.3485,4.41167,4.96974,5.26688,0.001
0.2986,0.3486,4.40295,4.95132,5.24834,0.001
0.2987,0.3487,4.38986,4.95593,5.27152,0.001
0.2988,0.3488,4.40731,4.95593,5.23442,0.001
0.2989,0.3489,4.41603,4.95593,5.2437,0.001
0.299,0.349,4.4204,4.94211,5.24834,0.001
0.2991,0.3491,4.40295,4.95132,5.25761,0.001
0.2992,0.3492,4.40731,4.94671,5.23906,0.001
0.2993,0.3493,4.41167,4.92369,5.23442,0.001
0.2994,0.3494,4.42476,4.90526,5.22979,0.001
0.2995,0.3495,4.41603,4.89605,5.21124,0.001
0.2996,0.3496,4.43348,4.88684,5.19733,0.001
0.2997,0.3497,4.4204,4.88224,5.18805,0.001
0.2998,0.3498,4.43784,4.87302,5.18341,0.001
0.2999,0.3499,4.45093,4.85,5.19269,0.001
0.3,0.35,4.44221,4.83618,5.17878,0.001
0.3001,0.3501,4.44221,4.82236,5.18341,0.001
0.3002,0.3502,4.44657,4.82236,5.1695,0.001
0.3003,0.3503,4.44657,4.81315,5.1695,0.001
0.3004,0.3504,4.44221,4.79473,5.1695,0.001
0.3005,0.3505,4.45966,4.79012,5.18341,0.001
0.3006,0.3506,4.47274,4.78552,5.17414,0.001
0.3007,0.3507,4.4771,4.77631,5.16023,0.001
0.3008,0.3508,4.48583,4.78552,5.18341,0.001
0.3009,0.3509,4.49892,4.79473,5.16023,0.001
0.301,0.351,4.49455,4.80394,5.15095,0.001
0.3011,0.3511,4.50764,4.79012,5.14168,0.001
0.3012,0.3512,4.49019,4.77631,5.11849,0.001
0.3013,0.3513,4.50764,4.78552,5.10922,0.001
0.3014,0.3514,4.512,4.7717,5.09531,0.001
0.3015,0.3515,4.50328,4.79473,5.09531,0.001
0.3016,0.3516,4.49455,4.79933,5.09531,0.001
0.3017,0.3517,4.49892,4.81315,5.09067,0.001
0.3018,0.3518,4.49019,4.82236,5.09531,0.001
0.3019,0.3519,4.48583,4.81315,5.08603,0.001
0.302,0.352,4.47274,4.80855,5.09994,0.001
0.3021,0.3521,4.48147,4.82236,5.08603,0.001
0.3022,0.3522,4.46838,4.82697,5.07676,0.001
0.3023,0.3523,4.47274,4.83157,5.07676,0.001
0.3024,0.3524,4.45093,4.81776,5.08139,0.001
0.3025,0.3525,4.46402,4.82236,5.03966,0.001
0.3026,0.3526,4.46402,4.81776,5.02111,0.001
0.3027,0.3527,4.44221,4.81315,5.0072,0.001
0.3028,0.3528,4.45529,4.81776,4.99792,0.001
0.3029,0.3529,4.45529,4.80855,4.97937,0.001
0.303,0.353,4.44221,4.80855,4.98401,0.001
0.3031,0.3531,4.45093,4.80394,4.94228,0.001
0.3032,0.3532,4.45529,4.81315,4.94228,0.001
0.3033,0.3533,4.45529,4.82697,4.91909,0.001
0.3034,0.3534,4.46402,4.81776,4.91445,0.001
0.3035,0.3535,4.46838,4.81315,4.90054,0.001
0.3036,0.3536,4.47274,4.82697,4.88663,0.001
0.3037,0.3537,4.4771,4.83618,4.87272,0.001
0.3038,0.3538,4.46838,4.82236,4.86344,0.001
0.3039,0.3539,4.46402,4.82236,4.85417,0.001
0.304,0.354,4.45966,4.82236,4.84953,0.001
0.3041,0.3541,4.44657,4.83157,4.82635,0.001
0.3042,0.3542,4.45093,4.81315,4.82171,0.001
0.3043,0.3543,4.45093,4.81315,4.82171,0.001
0.3044,0.3544,4.44657,4.78091,4.81707,0.001
0.3045,0.3545,4.46402,4.79473,4.8078,0.001
0.3046,0.3546,4.46402,4.80394,4.81243,0.001
0.3047,0.3547,4.4771,4.80394,4.79389,0.001
0.3048,0.3548,4.4771,4.79933,4.78925,0.001
0.3049,0.3549,4.48583,4.79933,4.77534,0.001
0.305,0.355,4.48583,4.79933,4.79852,0.001
0.3051,0.3551,4.48147,4.79012,4.77997,0.001
0.3052,0.3552,4.47274,4.79473,4.76606,0.001
0.3053,0.3553,4.48583,4.79933,4.74288,0.001
0.3054,0.3554,4.48583,4.79473,4.74751,0.001
0.3055,0.3555,4.50328,4.79012,4.76142,0.001
0.3056,0.3556,4.49892,4.78552,4.75215,0.001
0.3057,0.3557,4.50328,4.77631,4.75679,0.001
0.3058,0.3558,4.49455,4.75788,4.73824,0.001
0.3059,0.3559,4.49455,4.78091,4.73824,0.001
0.306,0.356,4.47274,4.75788,4.72433,0.001
0.3061,0.3561,4.47274,4.73946,4.72433,0.001
0.3062,0.3562,4.46402,4.72104,4.71505,0.001
0.3063,0.3563,4.48147,4.72104,4.71505,0.001
0.3064,0.3564,4.48583,4.71643,4.71505,0.001
0.3065,0.3565,4.49019,4.71183,4.6965,0.001
0.3066,0.3566,4.48583,4.6934,4.6965,0.001
0.3067,0.3567,4.49019,4.70261,4.69187,0.001
0.3068,0.3568,4.50764,4.68419,4.68259,0.001
0.3069,0.3569,4.49455,4.70261,4.68723,0.001
0.307,0.357,4.48147,4.66116,4.66868,0.001
0.3071,0.3571,4.46838,4.64735,4.67796,0.001
0.3072,0.3572,4.45093,4.64274,4.65941,0.001
0.3073,0.3573,4.45529,4.62432,4.64086,0.001
0.3074,0.3574,4.43784,4.62432,4.63158,0.001
0.3075,0.3575,4.44221,4.6105,4.62231,0.001
0.3076,0.3576,4.42476,4.6059,4.59912,0.001
0.3077,0.3577,4.42476,4.59669,4.58985,0.001
0.3078,0.3578,4.42912,4.59208,4.5713,0.001
0.3079,0.3579,4.43348,4.57826,4.5713,0.001
0.308,0.358,4.43348,4.55063,4.54811,0.001
0.3081,0.3581,4.42912,4.55523,4.55275,0.001
0.3082,0.3582,4.42476,4.55063,4.54347,0.001
0.3083,0.3583,4.44221,4.54602,4.54347,0.001
0.3084,0.3584,4.44221,4.5276,4.52956,0.001
0.3085,0.3585,4.43784,4.50918,4.51565,0.001
0.3086,0.3586,4.43348,4.49076,4.51565,0.001
0.3087,0.3587,4.44221,4.46773,4.50174,0.001
0.3088,0.3588,4.43784,4.47694,4.4971,0.001
0.3089,0.3589,4.43784,4.47233,4.4971,0.001
0.309,0.359,4.44657,4.45391,4.4971,0.001
0.3091,0.3591,4.44221,4.46312,4.4971,0.001
0.3092,0.3592,4.42912,4.46312,4.48319,0.001
0.3093,0.3593,4.42476,4.46312,4.4971,0.001
0.3094,0.3594,4.43784,4.45852,4.48783,0.001
0.3095,0.3595,4.4204,4.45852,4.49247,0.001
0.3096,0.3596,4.4204,4.47694,4.48319,0.001
0.3097,0.3597,4.4204,4.47694,4.46928,0.001
0.3098,0.3598,4.41167,4.48615,4.47855,0.001
0.3099,0.3599,4.40295,4.47233,4.46928,0.001
0.31,0.36,4.40295,4.47233,4.47855,0.001
0.3101,0.3601,4.39859,4.46773,4.47392,0.001
0.3102,0.3602,4.40295,4.46773,4.46464,0.001
0.3103,0.3603,4.40295,4.49076,4.46928,0.001
0.3104,0.3604,4.40295,4.47694,4.46464,0.001
0.3105,0.3605,4.38986,4.49076,4.45073,0.001
0.3106,0.3606,4.38114,4.48615,4.42291,0.001
0.3107,0.3607,4.36805,4.48615,4.42291,0.001
0.3108,0.3608,4.35933,4.48154,4.41827,0.001
0.3109,0.3609,4.34624,4.48154,4.40436,0.001
0.311,0.361,4.34188,4.46312,4.409,0.001
0.3111,0.3611,4.33315,4.46312,4.39508,0.001
0.3112,0.3612,4.32007,4.47233,4.39045,0.001
0.3113,0.3613,4.32879,4.46773,4.39045,0.001
0.3114,0.3614,4.33315,4.47233,4.36726,0.001
0.3115,0.3615,4.3157,4.46773,4.35799,0.001
0.3116,0.3616,4.31134,4.46312,4.3348,0.001
0.3117,0.3617,4.30262,4.45391,4.32552,0.001
0.3118,0.3618,4.29389,4.4493,4.33016,0.001
0.3119,0.3619,4.28517,4.4447,4.31625,0.001
0.312,0.362,4.28953,4.41707,4.31625,0.001
0.3121,0.3621,4.29389,4.40325,4.30234,0.001
0.3122,0.3622,4.27644,4.38483,4.2977,0.001
0.3123,0.3623,4.27644,4.3618,4.27915,0.001
0.3124,0.3624,4.26772,4.35719,4.28379,0.001
0.3125,0.3625,4.26772,4.33877,4.26988,0.001
0.3126,0.3626,4.25463,4.33877,4.26524,0.001
0.3127,0.3627,4.24155,4.31574,4.25597,0.001
0.3128,0.3628,4.259,4.2835,4.2606,0.001
0.3129,0.3629,4.27208,4.30192,4.24206,0.001
0.313,0.363,4.26772,4.26968,4.23742,0.001
0.3131,0.3631,4.26772,4.27429,4.23278,0.001
0.3132,0.3632,4.28517,4.26047,4.24206,0.001
0.3133,0.3633,4.28517,4.25587,4.23278,0.001
0.3134,0.3634,4.28953,4.22363,4.22814,0.001
0.3135,0.3635,4.28517,4.22363,4.23278,0.001
0.3136,0.3636,4.29389,4.20981,4.21887,0.001
0.3137,0.3637,4.28953,4.19139,4.21423,0.001
0.3138,0.3638,4.28953,4.196,4.21423,0.001
0.3139,0.3639,4.28953,4.18678,4.20496,0.001
0.314,0.364,4.28953,4.18218,4.21423,0.001
0.3141,0.3641,4.28953,4.16376,4.21423,0.001
0.3142,0.3642,4.29826,4.15454,4.21887,0.001
0.3143,0.3643,4.29826,4.15915,4.23742,0.001
0.3144,0.3644,4.29826,4.14533,4.21887,0.001
0.3145,0.3645,4.28953,4.14073,4.21423,0.001
0.3146,0.3646,4.28517,4.14073,4.20959,0.001
0.3147,0.3647,4.27208,4.12691,4.19568,0.001
0.3148,0.3648,4.26772,4.1223,4.20032,0.001
0.3149,0.3649,4.26336,4.13612,4.20032,0.001
0.315,0.365,4.25463,4.14994,4.20959,0.001
0.3151,0.3651,4.25463,4.12691,4.20496,0.001
0.3152,0.3652,4.25027,4.1223,4.19568,0.001
0.3153,0.3653,4.24591,4.11309,4.16786,0.001
0.3154,0.3654,4.25027,4.1177,4.18177,0.001
0.3155,0.3655,4.25463,4.10388,4.18641,0.001
0.3156,0.3656,4.23718,4.10388,4.17713,0.001
0.3157,0.3657,4.21974,4.10849,4.16322,0.001
0.3158,0.3658,4.21537,4.1223,4.16322,0.001
0.3159,0.3659,4.21101,4.1223,4.1725,0.001
0.316,0.366,4.22846,4.09928,4.1725,0.001
0.3161,0.3661,4.22846,4.1177,4.16786,0.001
0.3162,0.3662,4.2241,4.09928,4.15858,0.001
0.3163,0.3663,4.21537,4.10849,4.1354,0.001
0.3164,0.3664,4.2241,4.09467,4.14004,0.001
0.3165,0.3665,4.21537,4.09467,4.12612,0.001
0.3166,0.3666,4.21974,4.09928,4.0983,0.001
0.3167,0.3667,4.21101,4.07164,4.09366,0.001
0.3168,0.3668,4.21537,4.08085,4.09366,0.001
0.3169,0.3669,4.21537,4.08085,4.07975,0.001
0.317,0.367,4.21101,4.06704,4.07048,0.001
0.3171,0.3671,4.19793,4.05783,4.0612,0.001
0.3172,0.3672,4.19793,4.05783,4.05657,0.001
0.3173,0.3673,4.21101,4.05783,4.05657,0.001
0.3174,0.3674,4.21537,4.0394,4.04265,0.001
0.3175,0.3675,4.21537,4.04401,4.04729,0.001
0.3176,0.3676,4.20665,4.04861,4.03802,0.001
0.3177,0.3677,4.21101,4.02098,4.04265,0.001
0.3178,0.3678,4.20665,4.0348,4.01483,0.001
0.3179,0.3679,4.21101,4.04861,4.02411,0.001
0.318,0.368,4.21537,4.0348,4.01019,0.001
0.3181,0.3681,4.2241,4.04861,4.00092,0.001
0.3182,0.3682,4.2241,4.04401,3.98701,0.001
0.3183,0.3683,4.2241,4.05322,3.99164,0.001
0.3184,0.3684,4.2241,4.05783,3.99628,0.001
0.3185,0.3685,4.22846,4.07164,3.97773,0.001
0.3186,0.3686,4.25027,4.05783,3.98237,0.001
0.3187,0.3687,4.25463,4.07164,3.98237,0.001
0.3188,0.3688,4.259,4.06704,3.96382,0.001
0.3189,0.3689,4.25463,4.08085,3.9731,0.001
0.319,0.369,4.24591,4.08085,3.94527,0.001
0.3191,0.3691,4.23282,4.08085,3.94991,0.001
0.3192,0.3692,4.22846,4.08085,3.936,0.001
0.3193,0.3693,4.23282,4.08546,3.92672,0.001
0.3194,0.3694,4.24155,4.08085,3.92672,0.001
0.3195,0.3695,4.24591,4.08546,3.94064,0.001
0.3196,0.3696,4.25027,4.09006,3.94064,0.001
0.3197,0.3697,4.25463,4.08546,3.94064,0.001
0.3198,0.3698,4.26336,4.09006,3.94064,0.001
0.3199,0.3699,4.259,4.09467,3.94064,0.001
0.32,0.37,4.25463,4.09006,3.92209,0.001
0.3201,0.3701,4.259,4.08546,3.92209,0.001
0.3202,0.3702,4.25027,4.09467,3.92672,0.001
0.3203,0.3703,4.24155,4.08085,3.92672,0.001
0.3204,0.3704,4.24155,4.08546,3.92672,0.001
0.3205,0.3705,4.25027,4.06243,3.936,0.001
0.3206,0.3706,4.25463,4.06704,3.92209,0.001
0.3207,0.3707,4.259,4.06243,3.92209,0.001
0.3208,0.3708,4.25463,4.05322,3.92672,0.001
0.3209,0.3709,4.25027,4.07164,3.92209,0.001
0.321,0.371,4.25027,4.04861,3.92672,0.001
0.3211,0.3711,4.259,4.04861,3.92672,0.001
0.3212,0.3712,4.25463,4.0348,3.94064,0.001
0.3213,0.3713,4.26772,4.01177,3.92672,0.001
0.3214,0.3714,4.26772,4.01177,3.91745,0.001
0.3215,0.3715,4.26336,3.99335,3.936,0.001
0.3216,0.3716,4.26772,3.99795,3.91745,0.001
0.3217,0.3717,4.26336,3.98874,3.90354,0.001
0.3218,0.3718,4.26336,3.97953,3.88963,0.001
0.3219,0.3719,4.26772,3.98874,3.88963,0.001
0.322,0.372,4.26336,3.96111,3.88499,0.001
0.3221,0.3721,4.259,3.97493,3.88035,0.001
0.3222,0.3722,4.24155,3.98414,3.85717,0.001
0.3223,0.3723,4.259,3.96111,3.87108,0.001
0.3224,0.3724,4.259,3.96111,3.86644,0.001
0.3225,0.3725,4.259,3.97032,3.87108,0.001
0.3226,0.3726,4.25027,3.98414,3.86644,0.001
0.3227,0.3727,4.25027,3.97493,3.88035,0.001
0.3228,0.3728,4.25027,3.99795,3.88499,0.001
0.3229,0.3729,4.25027,4.01177,3.88035,0.001
0.323,0.373,4.24155,4.00256,3.87571,0.001
0.3231,0.3731,4.24155,4.02098,3.8618,0.001
0.3232,0.3732,4.23718,4.0394,3.88963,0.001
0.3233,0.3733,4.23718,4.0348,3.86644,0.001
0.3234,0.3734,4.23282,4.05783,3.87108,0.001
0.3235,0.3735,4.23282,4.06704,3.87108,0.001
0.3236,0.3736,4.25027,4.07625,3.88035,0.001
0.3237,0.3737,4.24155,4.08085,3.87571,0.001
0.3238,0.3738,4.259,4.10388,3.88035,0.001
0.3239,0.3739,4.24591,4.1177,3.89426,0.001
0.324,0.374,4.25463,4.1177,3.88963,0.001
0.3241,0.3741,4.24591,4.13152,3.85717,0.001
0.3242,0.3742,4.24591,4.14533,3.87571,0.001
0.3243,0.3743,4.24591,4.14073,3.87571,0.001
0.3244,0.3744,4.25463,4.15454,3.87108,0.001
0.3245,0.3745,4.259,4.16376,3.85717,0.001
0.3246,0.3746,4.26772,4.17297,3.8618,0.001
0.3247,0.3747,4.26336,4.16836,3.84325,0.001
0.3248,0.3748,4.26336,4.15915,3.84789,0.001
0.3249,0.3749,4.25463,4.18218,3.82934,0.001
0.325,0.375,4.259,4.16836,3.83398,0.001
0.3251,0.3751,4.26336,4.17757,3.82934,0.001
0.3252,0.3752,4.27644,4.17297,3.82471,0.001
0.3253,0.3753,4.28081,4.17757,3.81079,0.001
0.3254,0.3754,4.28953,4.17297,3.81543,0.001
0.3255,0.3755,4.28953,4.17297,3.81079,0.001
0.3256,0.3756,4.29826,4.16836,3.82471,0.001
0.3257,0.3757,4.28081,4.16836,3.82007,0.001
0.3258,0.3758,4.28517,4.16376,3.81079,0.001
0.3259,0.3759,4.28517,4.17757,3.80152,0.001
0.326,0.376,4.28517,4.17297,3.80152,0.001
0.3261,0.3761,4.29389,4.18678,3.79688,0.001
0.3262,0.3762,4.29826,4.17757,3.79224,0.001
0.3263,0.3763,4.28517,4.15454,3.78761,0.001
0.3264,0.3764,4.29826,4.17297,3.79224,0.001
0.3265,0.3765,4.29826,4.15454,3.78761,0.001
0.3266,0.3766,4.31134,4.15454,3.79688,0.001
0.3267,0.3767,4.30698,4.13612,3.79688,0.001
0.3268,0.3768,4.30262,4.14073,3.78761,0.001
0.3269,0.3769,4.29826,4.14073,3.79224,0.001
0.327,0.377,4.29826,4.1177,3.78761,0.001
0.3271,0.3771,4.29389,4.12691,3.80152,0.001
0.3272,0.3772,4.30262,4.1223,3.78297,0.001
0.3273,0.3773,4.29826,4.12691,3.78761,0.001
0.3274,0.3774,4.29826,4.12691,3.79688,0.001
0.3275,0.3775,4.29389,4.12691,3.80616,0.001
0.3276,0.3776,4.28517,4.1223,3.81079,0.001
0.3277,0.3777,4.28953,4.12691,3.82934,0.001
0.3278,0.3778,4.28081,4.1223,3.84325,0.001
0.3279,0.3779,4.29389,4.12691,3.83398,0.001
0.328,0.378,4.28517,4.13612,3.85717,0.001
0.3281,0.3781,4.28953,4.13152,3.86644,0.001
0.3282,0.3782,4.28517,4.14073,3.88035,0.001
0.3283,0.3783,4.28953,4.14533,3.8989,0.001
0.3284,0.3784,4.29389,4.15915,3.87571,0.001
0.3285,0.3785,4.29389,4.16376,3.89426,0.001
0.3286,0.3786,4.28953,4.14073,3.88035,0.001
0.3287,0.3787,4.31134,4.14994,3.88499,0.001
0.3288,0.3788,4.29826,4.14994,3.88499,0.001
0.3289,0.3789,4.29826,4.14533,3.88499,0.001
0.329,0.379,4.29826,4.14073,3.88963,0.001
0.3291,0.3791,4.30262,4.15454,3.90818,0.001
0.3292,0.3792,4.30262,4.15915,3.8989,0.001
0.3293,0.3793,4.32007,4.16376,3.92209,0.001
0.3294,0.3794,4.31134,4.16376,3.8989,0.001
0.3295,0.3795,4.32443,4.15454,3.91281,0.001
0.3296,0.3796,4.32007,4.13612,3.89426,0.001
0.3297,0.3797,4.32443,4.14073,3.8989,0.001
0.3298,0.3798,4.30262,4.1223,3.89426,0.001
0.3299,0.3799,4.30698,4.1177,3.88963,0.001
0.33,0.38,4.30698,4.1177,3.87571,0.001
0.3301,0.3801,4.3157,4.1223,3.88035,0.001
0.3302,0.3802,4.32443,4.11309,3.87571,0.001
0.3303,0.3803,4.31134,4.10849,3.86644,0.001
0.3304,0.3804,4.32443,4.11309,3.87571,0.001
0.3305,0.3805,4.32443,4.12691,3.86644,0.001
0.3306,0.3806,4.32007,4.1177,3.85717,0.001
0.3307,0.3807,4.32879,4.13612,3.87108,0.001
0.3308,0.3808,4.33752,4.1223,3.86644,0.001
0.3309,0.3809,4.32007,4.1223,3.88963,0.001
0.331,0.381,4.33315,4.1177,3.85253,0.001
0.3311,0.3811,4.3157,4.12691,3.86644,0.001
0.3312,0.3812,4.32879,4.12691,3.84325,0.001
0.3313,0.3813,4.31134,4.11309,3.83398,0.001
0.3314,0.3814,4.30698,4.12691,3.83398,0.001
0.3315,0.3815,4.29826,4.13152,3.84325,0.001
0.3316,0.3816,4.29389,4.13152,3.84789,0.001
0.3317,0.3817,4.29389,4.13152,3.82934,0.001
0.3318,0.3818,4.28081,4.14073,3.85253,0.001
0.3319,0.3819,4.28953,4.15454,3.84789,0.001
0.332,0.382,4.29389,4.16836,3.84325,0.001
0.3321,0.3821,4.28953,4.16836,3.84789,0.001
0.3322,0.3822,4.28953,4.16836,3.8618,0.001
0.3323,0.3823,4.28953,4.17757,3.85717,0.001
0.3324,0.3824,4.28081,4.17757,3.86644,0.001
0.3325,0.3825,4.26772,4.19139,3.88035,0.001
0.3326,0.3826,4.27208,4.18678,3.87571,0.001
0.3327,0.3827,4.26336,4.19139,3.86644,0.001
0.3328,0.3828,4.26336,4.2006,3.86644,0.001
0.3329,0.3829,4.26772,4.18678,3.88963,0.001
0.333,0.383,4.259,4.20521,3.88499,0.001
0.3331,0.3831,4.26336,4.20521,3.8989,0.001
0.3332,0.3832,4.259,4.20521,3.91281,0.001
0.3333,0.3833,4.259,4.21442,3.92209,0.001
0.3334,0.3834,4.259,4.20521,3.92209,0.001
0.3335,0.3835,4.26772,4.20521,3.94064,0.001
0.3336,0.3836,4.26772,4.20981,3.92672,0.001
0.3337,0.3837,4.28081,4.196,3.94527,0.001
0.3338,0.3838,4.27644,4.2006,3.93136,0.001
0.3339,0.3839,4.26772,4.17297,3.95455,0.001
0.334,0.384,4.28953,4.17757,3.95455,0.001
0.3341,0.3841,4.29389,4.16836,3.94991,0.001
0.3342,0.3842,4.28517,4.16376,3.94991,0.001
0.3343,0.3843,4.29389,4.15915,3.94527,0.001
0.3344,0.3844,4.29826,4.14994,3.95455,0.001
0.3345,0.3845,4.28081,4.13152,3.94064,0.001
0.3346,0.3846,4.28517,4.11309,3.95455,0.001
0.3347,0.3847,4.28517,4.09467,3.94527,0.001
0.3348,0.3848,4.28081,4.09467,3.95455,0.001
0.3349,0.3849,4.27208,4.07164,3.94527,0.001
0.335,0.385,4.28081,4.06704,3.94991,0.001
0.3351,0.3851,4.27644,4.07625,3.94991,0.001
0.3352,0.3852,4.27208,4.06243,3.96382,0.001
0.3353,0.3853,4.28081,4.07164,3.95455,0.001
0.3354,0.3854,4.28081,4.05783,3.96846,0.001
0.3355,0.3855,4.27644,4.06243,3.94991,0.001
0.3356,0.3856,4.27644,4.06243,3.95918,0.001
0.3357,0.3857,4.27644,4.06243,3.96846,0.001
0.3358,0.3858,4.259,4.05783,3.9731,0.001
0.3359,0.3859,4.25463,4.05322,3.95918,0.001
0.336,0.386,4.25463,4.05322,3.96382,0.001
0.3361,0.3861,4.259,4.05783,3.98237,0.001
0.3362,0.3862,4.25027,4.05783,3.99164,0.001
0.3363,0.3863,4.25463,4.04861,3.98237,0.001
0.3364,0.3864,4.25463,4.06704,3.99164,0.001
0.3365,0.3865,4.24591,4.07625,3.99164,0.001
0.3366,0.3866,4.25027,4.08085,4.03802,0.001
0.3367,0.3867,4.25027,4.07625,4.01483,0.001
0.3368,0.3868,4.24591,4.09006,4.01483,0.001
0.3369,0.3869,4.23282,4.08085,4.02411,0.001
0.337,0.387,4.23718,4.08085,4.02411,0.001
0.3371,0.3871,4.25027,4.09006,4.02874,0.001
0.3372,0.3872,4.24155,4.10388,4.02874,0.001
0.3373,0.3873,4.23718,4.09928,4.03338,0.001
0.3374,0.3874,4.24155,4.11309,4.02874,0.001
0.3375,0.3875,4.25027,4.10849,4.03802,0.001
0.3376,0.3876,4.24591,4.10849,4.04265,0.001
0.3377,0.3877,4.25027,4.10849,4.04265,0.001
0.3378,0.3878,4.25463,4.13612,4.05657,0.001
0.3379,0.3879,4.26772,4.13152,4.05657,0.001
0.338,0.388,4.26772,4.13612,4.07048,0.001
0.3381,0.3881,4.259,4.14533,4.05657,0.001
0.3382,0.3882,4.26336,4.13612,4.04265,0.001
0.3383,0.3883,4.26336,4.14994,4.05193,0.001
0.3384,0.3884,4.26772,4.14073,4.05657,0.001
0.3385,0.3885,4.26772,4.14533,4.04265,0.001
0.3386,0.3886,4.26772,4.13612,4.05193,0.001
0.3387,0.3887,4.26772,4.14533,4.0612,0.001
0.3388,0.3888,4.26336,4.15454,4.06584,0.001
0.3389,0.3889,4.27644,4.14994,4.04265,0.001
0.339,0.389,4.26336,4.14073,4.07048,0.001
0.3391,0.3891,4.26336,4.14994,4.0612,0.001
0.3392,0.3892,4.26336,4.15915,4.0612,0.001
0.3393,0.3893,4.259,4.14994,4.05193,0.001
0.3394,0.3894,4.25027,4.14994,4.05657,0.001
0.3395,0.3895,4.25027,4.14994,4.03802,0.001
0.3396,0.3896,4.23718,4.14533,4.05657,0.001
0.3397,0.3897,4.24155,4.15915,4.04729,0.001
0.3398,0.3898,4.22846,4.15454,4.04729,0.001
0.3399,0.3899,4.23282,4.14533,4.0612,0.001
0.34,0.39,4.23718,4.16376,4.05657,0.001
0.3401,0.3901,4.23282,4.15454,4.05193,0.001
0.3402,0.3902,4.23718,4.15915,4.04729,0.001
0.3403,0.3903,4.23282,4.15454,4.05193,0.001
0.3404,0.3904,4.23718,4.16376,4.07975,0.001
0.3405,0.3905,4.24155,4.15915,4.07048,0.001
0.3406,0.3906,4.23282,4.17297,4.08439,0.001
0.3407,0.3907,4.25463,4.17297,4.07048,0.001
0.3408,0.3908,4.23282,4.17757,4.07975,0.001
0.3409,0.3909,4.25027,4.17297,4.09366,0.001
0.341,0.391,4.24591,4.17297,4.09366,0.001
0.3411,0.3911,4.24591,4.17757,4.11221,0.001
0.3412,0.3912,4.25027,4.18678,4.10758,0.001
0.3413,0.3913,4.25027,4.18678,4.12149,0.001
0.3414,0.3914,4.26772,4.196,4.11685,0.001
0.3415,0.3915,4.259,4.196,4.12612,0.001
0.3416,0.3916,4.27208,4.2006,4.14004,0.001
0.3417,0.3917,4.28517,4.20981,4.14004,0.001
0.3418,0.3918,4.28517,4.196,4.14467,0.001
0.3419,0.3919,4.28517,4.2006,4.15858,0.001
0.342,0.392,4.28953,4.2006,4.14931,0.001
0.3421,0.3921,4.29826,4.2006,4.15858,0.001
0.3422,0.3922,4.30262,4.21902,4.15858,0.001
0.3423,0.3923,4.31134,4.196,4.15858,0.001
0.3424,0.3924,4.30262,4.196,4.15858,0.001
0.3425,0.3925,4.3157,4.20981,4.17713,0.001
0.3426,0.3926,4.32007,4.19139,4.16786,0.001
0.3427,0.3927,4.3157,4.20521,4.1725,0.001
0.3428,0.3928,4.33315,4.20521,4.1725,0.001
0.3429,0.3929,4.33315,4.196,4.17713,0.001
0.343,0.393,4.32879,4.18678,4.16786,0.001
0.3431,0.3931,4.32879,4.2006,4.1725,0.001
0.3432,0.3932,4.33315,4.21442,4.18177,0.001
0.3433,0.3933,4.33752,4.20521,4.19568,0.001
0.3434,0.3934,4.33752,4.20981,4.18641,0.001
0.3435,0.3935,4.34188,4.196,4.18641,0.001
0.3436,0.3936,4.34624,4.20521,4.19105,0.001
0.3437,0.3937,4.34624,4.21442,4.21887,0.001
0.3438,0.3938,4.34624,4.21442,4.19105,0.001
0.3439,0.3939,4.33752,4.22363,4.20032,0.001
0.344,0.394,4.32443,4.20981,4.19105,0.001
0.3441,0.3941,4.33315,4.23284,4.20032,0.001
0.3442,0.3942,4.3157,4.22823,4.19105,0.001
0.3443,0.3943,4.3157,4.24205,4.21423,0.001
0.3444,0.3944,4.32879,4.23744,4.23278,0.001
0.3445,0.3945,4.32443,4.25126,4.20496,0.001
0.3446,0.3946,4.32007,4.25587,4.21887,0.001
0.3447,0.3947,4.32007,4.26047,4.22351,0.001
0.3448,0.3948,4.32443,4.27429,4.19568,0.001
0.3449,0.3949,4.32879,4.2835,4.21887,0.001
0.345,0.395,4.3157,4.28811,4.21887,0.001
0.3451,0.3951,4.30262,4.28811,4.24206,0.001
0.3452,0.3952,4.31134,4.29732,4.23742,0.001
0.3453,0.3953,4.32007,4.30653,4.24669,0.001
0.3454,0.3954,4.30698,4.33416,4.24669,0.001
0.3455,0.3955,4.30262,4.33416,4.24669,0.001
0.3456,0.3956,4.31134,4.33416,4.23742,0.001
0.3457,0.3957,4.32443,4.33877,4.22814,0.001
0.3458,0.3958,4.3157,4.34798,4.25133,0.001
0.3459,0.3959,4.33315,4.3618,4.25597,0.001
0.346,0.396,4.33752,4.37101,4.2606,0.001
0.3461,0.3961,4.33752,4.37561,4.26988,0.001
0.3462,0.3962,4.33752,4.38483,4.28379,0.001
0.3463,0.3963,4.34624,4.38943,4.26988,0.001
0.3464,0.3964,4.35496,4.41246,4.27915,0.001
0.3465,0.3965,4.35496,4.40325,4.27452,0.001
0.3466,0.3966,4.34188,4.40325,4.27915,0.001
0.3467,0.3967,4.35933,4.41246,4.29307,0.001
0.3468,0.3968,4.3506,4.42628,4.28379,0.001
0.3469,0.3969,4.3506,4.42167,4.28379,0.001
0.347,0.397,4.35933,4.42167,4.29307,0.001
0.3471,0.3971,4.35933,4.41707,4.29307,0.001
0.3472,0.3972,4.36805,4.43549,4.30234,0.001
0.3473,0.3973,4.38114,4.42628,4.30234,0.001
0.3474,0.3974,4.38114,4.42628,4.30234,0.001
0.3475,0.3975,4.3855,4.43088,4.30234,0.001
0.3476,0.3976,4.39422,4.43088,4.30698,0.001
0.3477,0.3977,4.38114,4.44009,4.30234,0.001
0.3478,0.3978,4.39422,4.43088,4.3348,0.001
0.3479,0.3979,4.38986,4.44009,4.30234,0.001
0.348,0.398,4.39859,4.43549,4.3348,0.001
0.3481,0.3981,4.38986,4.42167,4.32552,0.001
0.3482,0.3982,4.37678,4.42628,4.34871,0.001
0.3483,0.3983,4.39859,4.43088,4.34407,0.001
0.3484,0.3984,4.39422,4.44009,4.34407,0.001
0.3485,0.3985,4.38114,4.44009,4.35799,0.001
0.3486,0.3986,4.3855,4.4447,4.3719,0.001
0.3487,0.3987,4.37678,4.43549,4.36726,0.001
0.3488,0.3988,4.37678,4.4493,4.3719,0.001
0.3489,0.3989,4.37241,4.45391,4.37653,0.001
0.349,0.399,4.38114,4.4447,4.37653,0.001
0.3491,0.3991,4.38986,4.45852,4.3719,0.001
0.3492,0.3992,4.38986,4.4493,4.37653,0.001
0.3493,0.3993,4.37241,4.4447,4.39045,0.001
0.3494,0.3994,4.38114,4.45391,4.409,0.001
0.3495,0.3995,4.38114,4.43549,4.40436,0.001
0.3496,0.3996,4.36805,4.45391,4.41363,0.001
0.3497,0.3997,4.37241,4.45391,4.42291,0.001
0.3498,0.3998,4.37241,4.4447,4.42754,0.001
0.3499,0.3999,4.37241,4.46312,4.42754,0.001
0.35,0.4,4.37678,4.4493,4.45073,0.001
0.3501,0.4001,4.38114,4.45391,4.43682,0.001
0.3502,0.4002,4.37678,4.46312,4.45537,0.001
0.3503,0.4003,4.38986,4.46312,4.46464,0.001
0.3504,0.4004,4.38986,4.46773,4.46001,0.001
0.3505,0.4005,4.40295,4.45852,4.46928,0.001
0.3506,0.4006,4.39422,4.47233,4.48783,0.001
0.3507,0.4007,4.39422,4.46312,4.47392,0.001
0.3508,0.4008,4.39859,4.46312,4.48783,0.001
0.3509,0.4009,4.40295,4.48154,4.48783,0.001
0.351,0.401,4.40295,4.48615,4.50174,0.001
0.3511,0.4011,4.41603,4.49536,4.50174,0.001
0.3512,0.4012,4.4204,4.49997,4.52029,0.001
0.3513,0.4013,4.4204,4.49997,4.51102,0.001
0.3514,0.4014,4.42476,4.50918,4.51565,0.001
0.3515,0.4015,4.42476,4.51839,4.52029,0.001
0.3516,0.4016,4.41167,4.50918,4.5342,0.001
0.3517,0.4017,4.42476,4.50457,4.52956,0.001
0.3518,0.4018,4.41167,4.51378,4.51102,0.001
0.3519,0.4019,4.41167,4.51839,4.51102,0.001
0.352,0.402,4.41167,4.53221,4.51102,0.001
0.3521,0.4021,4.40731,4.5276,4.52493,0.001
0.3522,0.4022,4.40295,4.53221,4.5342,0.001
0.3523,0.4023,4.40295,4.52299,4.5342,0.001
0.3524,0.4024,4.40731,4.54142,4.52956,0.001
0.3525,0.4025,4.40295,4.53221,4.5342,0.001
0.3526,0.4026,4.39859,4.55063,4.52493,0.001
0.3527,0.4027,4.40295,4.55984,4.54347,0.001
0.3528,0.4028,4.39422,4.55984,4.55275,0.001
0.3529,0.4029,4.39859,4.56905,4.56202,0.001
0.353,0.403,4.40295,4.56905,4.5713,0.001
0.3531,0.4031,4.39422,4.58747,4.5713,0.001
0.3532,0.4032,4.40295,4.59208,4.5713,0.001
0.3533,0.4033,4.41167,4.58747,4.57594,0.001
0.3534,0.4034,4.40731,4.58747,4.56666,0.001
0.3535,0.4035,4.40295,4.59669,4.5713,0.001
0.3536,0.4036,4.40295,4.59669,4.56666,0.001
0.3537,0.4037,4.41167,4.58287,4.5713,0.001
0.3538,0.4038,4.40731,4.60129,4.56202,0.001
0.3539,0.4039,4.39422,4.59669,4.57594,0.001
0.354,0.404,4.39422,4.59669,4.56666,0.001
0.3541,0.4041,4.41167,4.60129,4.57594,0.001
0.3542,0.4042,4.40731,4.6059,4.56666,0.001
0.3543,0.4043,4.4204,4.61511,4.59912,0.001
0.3544,0.4044,4.4204,4.60129,4.58985,0.001
0.3545,0.4045,4.4204,4.59669,4.58985,0.001
0.3546,0.4046,4.4204,4.6105,4.58521,0.001
0.3547,0.4047,4.4204,4.60129,4.58985,0.001
0.3548,0.4048,4.42476,4.60129,4.58521,0.001
0.3549,0.4049,4.42476,4.6105,4.58985,0.001
0.355,0.405,4.4204,4.6059,4.59912,0.001
0.3551,0.4051,4.41167,4.6059,4.60376,0.001
0.3552,0.4052,4.41167,4.58747,4.6084,0.001
0.3553,0.4053,4.41167,4.58747,4.62231,0.001
0.3554,0.4054,4.4204,4.59669,4.61303,0.001
0.3555,0.4055,4.4204,4.60129,4.62695,0.001
0.3556,0.4056,4.42476,4.58747,4.65013,0.001
0.3557,0.4057,4.42912,4.58747,4.64549,0.001
0.3558,0.4058,4.42476,4.59669,4.63622,0.001
0.3559,0.4059,4.42912,4.59669,4.65477,0.001
0.356,0.406,4.4204,4.60129,4.65477,0.001
0.3561,0.4061,4.42912,4.59208,4.65477,0.001
0.3562,0.4062,4.43784,4.59669,4.66868,0.001
0.3563,0.4063,4.43348,4.57826,4.67796,0.001
0.3564,0.4064,4.41603,4.57826,4.66868,0.001
0.3565,0.4065,4.41167,4.56445,4.67332,0.001
0.3566,0.4066,4.40731,4.56445,4.67332,0.001
0.3567,0.4067,4.39422,4.56445,4.68259,0.001
0.3568,0.4068,4.39422,4.56905,4.68259,0.001
0.3569,0.4069,4.40295,4.55984,4.70114,0.001
0.357,0.407,4.40295,4.56445,4.6965,0.001
0.3571,0.4071,4.40295,4.56905,4.71969,0.001
0.3572,0.4072,4.40731,4.57826,4.70114,0.001
0.3573,0.4073,4.40295,4.55984,4.71042,0.001
0.3574,0.4074,4.39859,4.56905,4.72896,0.001
0.3575,0.4075,4.41167,4.57366,4.71042,0.001
0.3576,0.4076,4.41167,4.58287,4.71505,0.001
0.3577,0.4077,4.41167,4.57826,4.71042,0.001
0.3578,0.4078,4.41167,4.58287,4.71042,0.001
0.3579,0.4079,4.41167,4.60129,4.72433,0.001
0.358,0.408,4.41167,4.59208,4.70578,0.001
0.3581,0.4081,4.40731,4.6059,4.71969,0.001
0.3582,0.4082,4.40295,4.59669,4.71042,0.001
0.3583,0.4083,4.41167,4.58747,4.7336,0.001
0.3584,0.4084,4.41167,4.59208,4.7336,0.001
0.3585,0.4085,4.40731,4.59208,4.73824,0.001
0.3586,0.4086,4.40731,4.59669,4.72433,0.001
0.3587,0.4087,4.41603,4.59669,4.73824,0.001
0.3588,0.4088,4.4204,4.59208,4.74751,0.001
0.3589,0.4089,4.41603,4.6105,4.72433,0.001
0.359,0.409,4.42476,4.6059,4.72433,0.001
0.3591,0.4091,4.42476,4.60129,4.7336,0.001
0.3592,0.4092,4.41603,4.61511,4.71969,0.001
0.3593,0.4093,4.41603,4.61511,4.71969,0.001
0.3594,0.4094,4.41603,4.6105,4.7336,0.001
0.3595,0.4095,4.4204,4.61511,4.72433,0.001
0.3596,0.4096,4.4204,4.61511,4.73824,0.001
0.3597,0.4097,4.4204,4.6105,4.72433,0.001
0.3598,0.4098,4.41167,4.61971,4.7336,0.001
0.3599,0.4099,4.40295,4.63353,4.72896,0.001
0.36,0.41,4.41603,4.62892,4.7336,0.001
0.3601,0.4101,4.43348,4.62892,4.72896,0.001
0.3602,0.4102,4.42912,4.65656,4.74751,0.001
0.3603,0.4103,4.4204,4.64274,4.72433,0.001
0.3604,0.4104,4.42476,4.65195,4.75215,0.001
0.3605,0.4105,4.42912,4.65656,4.75679,0.001
0.3606,0.4106,4.42476,4.66116,4.76142,0.001
0.3607,0.4107,4.42476,4.64274,4.76142,0.001
0.3608,0.4108,4.43348,4.64274,4.76142,0.001
0.3609,0.4109,4.43784,4.64735,4.75215,0.001
0.361,0.411,4.42476,4.63814,4.76606,0.001
0.3611,0.4111,4.4204,4.65195,4.76142,0.001
0.3612,0.4112,4.41167,4.64274,4.75679,0.001
0.3613,0.4113,4.42912,4.63814,4.78461,0.001
0.3614,0.4114,4.41603,4.64274,4.7707,0.001
0.3615,0.4115,4.42476,4.64274,4.77534,0.001
0.3616,0.4116,4.41603,4.66116,4.78461,0.001
0.3617,0.4117,4.41167,4.63814,4.77997,0.001
0.3618,0.4118,4.41167,4.64735,4.77997,0.001
0.3619,0.4119,4.41167,4.65195,4.77997,0.001
0.362,0.412,4.41603,4.63814,4.80316,0.001
0.3621,0.4121,4.40731,4.64274,4.78925,0.001
0.3622,0.4122,4.40731,4.63353,4.79852,0.001
0.3623,0.4123,4.42476,4.63814,4.78925,0.001
0.3624,0.4124,4.41167,4.63353,4.79852,0.001
0.3625,0.4125,4.41603,4.61511,4.80316,0.001
0.3626,0.4126,4.41603,4.62892,4.8078,0.001
0.3627,0.4127,4.4204,4.61971,4.79852,0.001
0.3628,0.4128,4.42912,4.63353,4.79852,0.001
0.3629,0.4129,4.43348,4.62892,4.80316,0.001
0.363,0.413,4.42476,4.6105,4.78925,0.001
0.3631,0.4131,4.41167,4.61511,4.79852,0.001
0.3632,0.4132,4.42476,4.6105,4.80316,0.001
0.3633,0.4133,4.42476,4.6105,4.79852,0.001
0.3634,0.4134,4.41603,4.6105,4.81243,0.001
0.3635,0.4135,4.41167,4.6059,4.81243,0.001
0.3636,0.4136,4.4204,4.6059,4.8078,0.001
0.3637,0.4137,4.4204,4.60129,4.81243,0.001
0.3638,0.4138,4.43348,4.6105,4.82171,0.001
0.3639,0.4139,4.43784,4.6105,4.83098,0.001
0.364,0.414,4.43348,4.60129,4.82171,0.001
0.3641,0.4141,4.43348,4.61971,4.84026,0.001
0.3642,0.4142,4.43784,4.61511,4.8449,0.001
0.3643,0.4143,4.42912,4.6105,4.83562,0.001
0.3644,0.4144,4.42476,4.6105,4.82635,0.001
0.3645,0.4145,4.44657,4.62432,4.85417,0.001
0.3646,0.4146,4.43784,4.62432,4.83562,0.001
0.3647,0.4147,4.43784,4.6105,4.83098,0.001
0.3648,0.4148,4.44221,4.63353,4.82635,0.001
0.3649,0.4149,4.43348,4.62432,4.84026,0.001
0.365,0.415,4.42912,4.63353,4.8449,0.001
0.3651,0.4151,4.43348,4.63353,4.84953,0.001
0.3652,0.4152,4.4204,4.64274,4.84953,0.001
0.3653,0.4153,4.42476,4.63814,4.86808,0.001
0.3654,0.4154,4.42476,4.65656,4.85417,0.001
0.3655,0.4155,4.4204,4.65656,4.87272,0.001
0.3656,0.4156,4.43348,4.66116,4.85881,0.001
0.3657,0.4157,4.43348,4.66577,4.86344,0.001
0.3658,0.4158,4.4204,4.66577,4.85417,0.001
0.3659,0.4159,4.42476,4.67959,4.85417,0.001
0.366,0.416,4.42912,4.67037,4.84953,0.001
0.3661,0.4161,4.42912,4.67959,4.8449,0.001
0.3662,0.4162,4.42912,4.67498,4.84953,0.001
0.3663,0.4163,4.4204,4.67498,4.8449,0.001
0.3664,0.4164,4.41167,4.68419,4.84953,0.001
0.3665,0.4165,4.40731,4.68419,4.85417,0.001
0.3666,0.4166,4.39859,4.68419,4.84953,0.001
0.3667,0.4167,4.39859,4.69801,4.84953,0.001
0.3668,0.4168,4.41167,4.69801,4.8449,0.001
0.3669,0.4169,4.40731,4.69801,4.85417,0.001
0.367,0.417,4.41167,4.69801,4.8449,0.001
0.3671,0.4171,4.40295,4.71183,4.85417,0.001
0.3672,0.4172,4.41167,4.70722,4.8449,0.001
0.3673,0.4173,4.40295,4.69801,4.8449,0.001
0.3674,0.4174,4.40295,4.70261,4.84953,0.001
0.3675,0.4175,4.40731,4.69801,4.82635,0.001
0.3676,0.4176,4.40295,4.70261,4.82635,0.001
0.3677,0.4177,4.4204,4.6934,4.84026,0.001
0.3678,0.4178,4.41167,4.6934,4.82171,0.001
0.3679,0.4179,4.4204,4.70722,4.82635,0.001
0.368,0.418,4.42476,4.70722,4.83098,0.001
0.3681,0.4181,4.42476,4.71643,4.82171,0.001
0.3682,0.4182,4.43348,4.73025,4.85417,0.001
0.3683,0.4183,4.42912,4.70722,4.85417,0.001
0.3684,0.4184,4.43348,4.70722,4.84953,0.001
0.3685,0.4185,4.45093,4.70722,4.8449,0.001
0.3686,0.4186,4.43784,4.71183,4.84953,0.001
0.3687,0.4187,4.44657,4.72564,4.85881,0.001
0.3688,0.4188,4.44657,4.71643,4.86808,0.001
0.3689,0.4189,4.43348,4.71643,4.84953,0.001
0.369,0.419,4.43784,4.70722,4.85417,0.001
0.3691,0.4191,4.43348,4.70261,4.8449,0.001
0.3692,0.4192,4.42912,4.71183,4.86808,0.001
0.3693,0.4193,4.42912,4.71183,4.84953,0.001
0.3694,0.4194,4.43348,4.71643,4.84953,0.001
0.3695,0.4195,4.43348,4.70722,4.85417,0.001
0.3696,0.4196,4.44221,4.70722,4.87272,0.001
0.3697,0.4197,4.43784,4.71183,4.88199,0.001
0.3698,0.4198,4.44657,4.72564,4.87736,0.001
0.3699,0.4199,4.45093,4.71643,4.86808,0.001
0.37,0.42,4.44221,4.71643,4.88199,0.001
0.3701,0.4201,4.44657,4.70722,4.86808,0.001
0.3702,0.4202,4.44221,4.70722,4.87736,0.001
0.3703,0.4203,4.45529,4.71183,4.87272,0.001
0.3704,0.4204,4.45093,4.70722,4.88199,0.001
0.3705,0.4205,4.45966,4.71643,4.86808,0.001
0.3706,0.4206,4.45529,4.69801,4.86808,0.001
0.3707,0.4207,4.46402,4.70722,4.86808,0.001
0.3708,0.4208,4.45529,4.70722,4.87272,0.001
0.3709,0.4209,4.45093,4.70722,4.86344,0.001
0.371,0.421,4.45966,4.69801,4.86808,0.001
0.3711,0.4211,4.45966,4.6888,4.87272,0.001
0.3712,0.4212,4.45966,4.68419,4.86344,0.001
0.3713,0.4213,4.45966,4.6888,4.84953,0.001
0.3714,0.4214,4.45966,4.6934,4.85881,0.001
0.3715,0.4215,4.45966,4.68419,4.85881,0.001
0.3716,0.4216,4.46838,4.69801,4.8449,0.001
0.3717,0.4217,4.45529,4.68419,4.84026,0.001
0.3718,0.4218,4.46838,4.70722,4.83562,0.001
0.3719,0.4219,4.45093,4.70261,4.81707,0.001
0.372,0.422,4.45966,4.67498,4.83098,0.001
0.3721,0.4221,4.45966,4.69801,4.82635,0.001
0.3722,0.4222,4.45093,4.69801,4.82635,0.001
0.3723,0.4223,4.45966,4.71183,4.8449,0.001
0.3724,0.4224,4.45093,4.69801,4.82171,0.001
0.3725,0.4225,4.44657,4.70261,4.84026,0.001
0.3726,0.4226,4.45529,4.71183,4.83098,0.001
0.3727,0.4227,4.45529,4.72104,4.83562,0.001
0.3728,0.4228,4.45093,4.71183,4.8078,0.001
0.3729,0.4229,4.45966,4.71183,4.8078,0.001
0.373,0.423,4.45529,4.72564,4.82171,0.001
0.3731,0.4231,4.47274,4.72104,4.82171,0.001
0.3732,0.4232,4.45966,4.73025,4.82171,0.001
0.3733,0.4233,4.46402,4.72104,4.82171,0.001
0.3734,0.4234,4.45529,4.72104,4.83562,0.001
0.3735,0.4235,4.45093,4.73485,4.84026,0.001
0.3736,0.4236,4.45093,4.73485,4.83098,0.001
0.3737,0.4237,4.45529,4.73946,4.8449,0.001
0.3738,0.4238,4.45093,4.73946,4.83098,0.001
0.3739,0.4239,4.45529,4.75788,4.83562,0.001
0.374,0.424,4.45529,4.73485,4.84026,0.001
0.3741,0.4241,4.45093,4.73946,4.83562,0.001
0.3742,0.4242,4.45093,4.73485,4.83098,0.001
0.3743,0.4243,4.45093,4.73025,4.83098,0.001
0.3744,0.4244,4.44221,4.74407,4.81707,0.001
0.3745,0.4245,4.45093,4.74867,4.82171,0.001
0.3746,0.4246,4.45529,4.74867,4.81243,0.001
0.3747,0.4247,4.45093,4.75788,4.81243,0.001
0.3748,0.4248,4.44657,4.75328,4.79389,0.001
0.3749,0.4249,4.45093,4.75788,4.81243,0.001
0.375,0.425,4.44657,4.76709,4.8078,0.001
0.3751,0.4251,4.45529,4.7717,4.81707,0.001
0.3752,0.4252,4.45093,4.76249,4.79852,0.001
0.3753,0.4253,4.45093,4.75788,4.79852,0.001
0.3754,0.4254,4.44221,4.74867,4.77534,0.001
0.3755,0.4255,4.44657,4.73946,4.77997,0.001
0.3756,0.4256,4.45093,4.73485,4.77534,0.001
0.3757,0.4257,4.44221,4.73025,4.77997,0.001
0.3758,0.4258,4.44657,4.70722,4.75679,0.001
0.3759,0.4259,4.44221,4.72104,4.7707,0.001
0.376,0.426,4.45529,4.71183,4.75215,0.001
0.3761,0.4261,4.45529,4.70261,4.75679,0.001
0.3762,0.4262,4.46402,4.69801,4.75679,0.001
0.3763,0.4263,4.45966,4.6888,4.76142,0.001
0.3764,0.4264,4.46402,4.69801,4.76142,0.001
0.3765,0.4265,4.45966,4.68419,4.76142,0.001
0.3766,0.4266,4.45966,4.6888,4.75215,0.001
0.3767,0.4267,4.45966,4.67959,4.72433,0.001
0.3768,0.4268,4.45093,4.67959,4.75679,0.001
0.3769,0.4269,4.44657,4.66577,4.75679,0.001
0.377,0.427,4.44657,4.65656,4.72896,0.001
0.3771,0.4271,4.44221,4.67498,4.73824,0.001
0.3772,0.4272,4.44221,4.66577,4.74288,0.001
0.3773,0.4273,4.44221,4.65195,4.7336,0.001
0.3774,0.4274,4.44657,4.66116,4.73824,0.001
0.3775,0.4275,4.45093,4.64274,4.74288,0.001
0.3776,0.4276,4.45529,4.66116,4.74751,0.001
0.3777,0.4277,4.45966,4.65656,4.75215,0.001
0.3778,0.4278,4.46402,4.65656,4.75679,0.001
0.3779,0.4279,4.4771,4.65195,4.74288,0.001
0.378,0.428,4.45529,4.64735,4.74751,0.001
0.3781,0.4281,4.47274,4.65195,4.75215,0.001
0.3782,0.4282,4.46838,4.63814,4.75679,0.001
0.3783,0.4283,4.45966,4.64274,4.75215,0.001
0.3784,0.4284,4.44657,4.64274,4.75679,0.001
0.3785,0.4285,4.43784,4.62432,4.75679,0.001
0.3786,0.4286,4.44221,4.62892,4.76606,0.001
0.3787,0.4287,4.44221,4.64274,4.75679,0.001
0.3788,0.4288,4.43784,4.63814,4.76142,0.001
0.3789,0.4289,4.43784,4.64735,4.75215,0.001
0.379,0.429,4.42912,4.63353,4.75215,0.001
0.3791,0.4291,4.43348,4.63814,4.75215,0.001
0.3792,0.4292,4.43348,4.63814,4.76142,0.001
0.3793,0.4293,4.42912,4.62432,4.73824,0.001
0.3794,0.4294,4.42912,4.63814,4.73824,0.001
0.3795,0.4295,4.42476,4.62432,4.7336,0.001
0.3796,0.4296,4.4204,4.62432,4.72433,0.001
0.3797,0.4297,4.42912,4.62432,4.72896,0.001
0.3798,0.4298,4.4204,4.6105,4.71505,0.001
0.3799,0.4299,4.41167,4.62892,4.71042,0.001
0.38,0.43,4.42912,4.6105,4.70578,0.001
0.3801,0.4301,4.41167,4.61511,4.6965,0.001
0.3802,0.4302,4.40731,4.61971,4.6965,0.001
0.3803,0.4303,4.39859,4.6105,4.69187,0.001
0.3804,0.4304,4.40295,4.6105,4.68723,0.001
0.3805,0.4305,4.39422,4.60129,4.67796,0.001
0.3806,0.4306,4.39859,4.60129,4.66404,0.001
0.3807,0.4307,4.39859,4.59669,4.66868,0.001
0.3808,0.4308,4.40295,4.59208,4.66404,0.001
0.3809,0.4309,4.39859,4.61971,4.65941,0.001
0.381,0.431,4.40295,4.58287,4.65477,0.001
0.3811,0.4311,4.38986,4.60129,4.64549,0.001
0.3812,0.4312,4.39859,4.59669,4.65013,0.001
0.3813,0.4313,4.40731,4.58287,4.66868,0.001
0.3814,0.4314,4.40295,4.57826,4.65013,0.001
0.3815,0.4315,4.39859,4.57826,4.65477,0.001
0.3816,0.4316,4.39859,4.57826,4.65477,0.001
0.3817,0.4317,4.3855,4.57826,4.66868,0.001
0.3818,0.4318,4.39859,4.57826,4.65013,0.001
0.3819,0.4319,4.39859,4.57366,4.64549,0.001
0.382,0.432,4.39859,4.56445,4.66404,0.001
0.3821,0.4321,4.39859,4.56445,4.64549,0.001
0.3822,0.4322,4.38986,4.57366,4.65941,0.001
0.3823,0.4323,4.3855,4.56905,4.65013,0.001
0.3824,0.4324,4.38114,4.56905,4.65013,0.001
0.3825,0.4325,4.38986,4.56905,4.65477,0.001
0.3826,0.4326,4.3855,4.56905,4.64549,0.001
0.3827,0.4327,4.3855,4.55523,4.65477,0.001
0.3828,0.4328,4.38114,4.55984,4.65477,0.001
0.3829,0.4329,4.37678,4.56445,4.65477,0.001
0.383,0.433,4.3855,4.55984,4.64549,0.001
0.3831,0.4331,4.3855,4.55063,4.65013,0.001
0.3832,0.4332,4.3855,4.55984,4.64086,0.001
0.3833,0.4333,4.38114,4.54142,4.64086,0.001
0.3834,0.4334,4.3855,4.53221,4.64086,0.001
0.3835,0.4335,4.39422,4.51839,4.63158,0.001
0.3836,0.4336,4.3855,4.52299,4.63622,0.001
0.3837,0.4337,4.39422,4.5276,4.62231,0.001
0.3838,0.4338,4.38114,4.51839,4.62695,0.001
0.3839,0.4339,4.38114,4.52299,4.63622,0.001
0.384,0.434,4.37678,4.51378,4.6084,0.001
0.3841,0.4341,4.36369,4.50918,4.63158,0.001
0.3842,0.4342,4.37241,4.49997,4.62695,0.001
0.3843,0.4343,4.37241,4.48615,4.6084,0.001
0.3844,0.4344,4.36805,4.48615,4.61303,0.001
0.3845,0.4345,4.35933,4.48154,4.61767,0.001
0.3846,0.4346,4.36369,4.47233,4.59912,0.001
0.3847,0.4347,4.36369,4.47233,4.60376,0.001
0.3848,0.4348,4.36369,4.47233,4.60376,0.001
0.3849,0.4349,4.35933,4.46773,4.58985,0.001
0.385,0.435,4.36369,4.4493,4.5713,0.001
0.3851,0.4351,4.36369,4.44009,4.5713,0.001
0.3852,0.4352,4.36805,4.4447,4.5713,0.001
0.3853,0.4353,4.36369,4.43088,4.57594,0.001
0.3854,0.4354,4.35933,4.42167,4.5713,0.001
0.3855,0.4355,4.35933,4.41246,4.56202,0.001
0.3856,0.4356,4.34624,4.43088,4.56666,0.001
0.3857,0.4357,4.35933,4.42167,4.5713,0.001
0.3858,0.4358,4.35933,4.42167,4.56666,0.001
0.3859,0.4359,4.35933,4.44009,4.55739,0.001
0.386,0.436,4.35933,4.43088,4.54347,0.001
0.3861,0.4361,4.36369,4.43549,4.53884,0.001
0.3862,0.4362,4.37241,4.42628,4.53884,0.001
0.3863,0.4363,4.36369,4.43549,4.55275,0.001
0.3864,0.4364,4.35496,4.42628,4.5342,0.001
0.3865,0.4365,4.36369,4.43088,4.53884,0.001
0.3866,0.4366,4.37241,4.4447,4.52493,0.001
0.3867,0.4367,4.36369,4.42167,4.53884,0.001
0.3868,0.4368,4.35496,4.43088,4.52956,0.001
0.3869,0.4369,4.36369,4.43549,4.52956,0.001
0.387,0.437,4.35933,4.43549,4.5342,0.001
0.3871,0.4371,4.36369,4.43549,4.54811,0.001
0.3872,0.4372,4.37241,4.4447,4.53884,0.001
0.3873,0.4373,4.36369,4.4493,4.5342,0.001
0.3874,0.4374,4.37678,4.45852,4.52956,0.001
0.3875,0.4375,4.36805,4.47233,4.51565,0.001
0.3876,0.4376,4.37678,4.46312,4.52029,0.001
0.3877,0.4377,4.37678,4.45852,4.52956,0.001
0.3878,0.4378,4.37678,4.46312,4.52493,0.001
0.3879,0.4379,4.37678,4.47233,4.52029,0.001
0.388,0.438,4.38114,4.45391,4.51565,0.001
0.3881,0.4381,4.38114,4.46312,4.50174,0.001
0.3882,0.4382,4.36805,4.46312,4.50638,0.001
0.3883,0.4383,4.37241,4.45852,4.48783,0.001
0.3884,0.4384,4.36369,4.45852,4.48783,0.001
0.3885,0.4385,4.36805,4.45852,4.48319,0.001
0.3886,0.4386,4.36805,4.45852,4.48783,0.001
0.3887,0.4387,4.35933,4.45391,4.46928,0.001
0.3888,0.4388,4.35933,4.46312,4.46928,0.001
0.3889,0.4389,4.37241,4.46312,4.46001,0.001
0.389,0.439,4.37241,4.44009,4.45537,0.001
0.3891,0.4391,4.35933,4.4493,4.46001,0.001
0.3892,0.4392,4.35933,4.4493,4.46464,0.001
0.3893,0.4393,4.36369,4.43549,4.45537,0.001
0.3894,0.4394,4.36369,4.43088,4.46001,0.001
0.3895,0.4395,4.35933,4.42628,4.45073,0.001
0.3896,0.4396,4.34624,4.41707,4.44609,0.001
0.3897,0.4397,4.35496,4.41246,4.42754,0.001
0.3898,0.4398,4.35496,4.40785,4.42754,0.001
0.3899,0.4399,4.35496,4.41707,4.42291,0.001
0.39,0.44,4.3506,4.41246,4.41363,0.001
0.3901,0.4401,4.3506,4.40785,4.43218,0.001
0.3902,0.4402,4.35496,4.40785,4.43682,0.001
0.3903,0.4403,4.34624,4.39404,4.41827,0.001
0.3904,0.4404,4.3506,4.40785,4.42754,0.001
0.3905,0.4405,4.33752,4.40785,4.41827,0.001
0.3906,0.4406,4.33752,4.39864,4.42754,0.001
0.3907,0.4407,4.34188,4.39864,4.42754,0.001
0.3908,0.4408,4.36369,4.39864,4.41827,0.001
0.3909,0.4409,4.3506,4.38943,4.40436,0.001
0.391,0.441,4.35496,4.38943,4.409,0.001
0.3911,0.4411,4.3506,4.38943,4.41827,0.001
0.3912,0.4412,4.35933,4.40325,4.42754,0.001
0.3913,0.4413,4.35933,4.38022,4.41827,0.001
0.3914,0.4414,4.35933,4.38483,4.41363,0.001
0.3915,0.4415,4.36805,4.39404,4.409,0.001
0.3916,0.4416,4.36805,4.38943,4.41827,0.001
0.3917,0.4417,4.37241,4.39864,4.409,0.001
0.3918,0.4418,4.37241,4.38943,4.41827,0.001
0.3919,0.4419,4.37678,4.39864,4.409,0.001
0.392,0.442,4.37241,4.39864,4.41363,0.001
0.3921,0.4421,4.38114,4.39864,4.42291,0.001
0.3922,0.4422,4.38114,4.40325,4.41363,0.001
0.3923,0.4423,4.36805,4.39864,4.409,0.001
0.3924,0.4424,4.36805,4.40325,4.40436,0.001
0.3925,0.4425,4.37241,4.40785,4.40436,0.001
0.3926,0.4426,4.37678,4.41246,4.39508,0.001
0.3927,0.4427,4.36805,4.40785,4.39972,0.001
0.3928,0.4428,4.36369,4.41246,4.39508,0.001
0.3929,0.4429,4.38114,4.40785,4.39045,0.001
0.393,0.443,4.36369,4.41246,4.37653,0.001
0.3931,0.4431,4.36805,4.42167,4.3719,0.001
0.3932,0.4432,4.38114,4.42628,4.3719,0.001
0.3933,0.4433,4.36805,4.41707,4.3719,0.001
0.3934,0.4434,4.37678,4.41246,4.36262,0.001
0.3935,0.4435,4.37678,4.41707,4.35335,0.001
0.3936,0.4436,4.37678,4.42167,4.34407,0.001
0.3937,0.4437,4.37678,4.40325,4.34407,0.001
0.3938,0.4438,4.38114,4.40325,4.35335,0.001
0.3939,0.4439,4.36805,4.40325,4.34407,0.001
0.394,0.444,4.36805,4.40325,4.32552,0.001
0.3941,0.4441,4.35933,4.41246,4.32089,0.001
0.3942,0.4442,4.36369,4.40325,4.31625,0.001
0.3943,0.4443,4.36369,4.40325,4.32089,0.001
0.3944,0.4444,4.35496,4.40325,4.31625,0.001
0.3945,0.4445,4.36805,4.42167,4.33016,0.001
0.3946,0.4446,4.36369,4.39404,4.32552,0.001
0.3947,0.4447,4.35933,4.40785,4.32089,0.001
0.3948,0.4448,4.35496,4.39404,4.30234,0.001
0.3949,0.4449,4.35933,4.39864,4.31161,0.001
0.395,0.445,4.35933,4.39404,4.2977,0.001
0.3951,0.4451,4.36805,4.40325,4.2977,0.001
0.3952,0.4452,4.37241,4.40325,4.29307,0.001
0.3953,0.4453,4.35933,4.39404,4.31161,0.001
0.3954,0.4454,4.36805,4.39404,4.28379,0.001
0.3955,0.4455,4.35933,4.40325,4.29307,0.001
0.3956,0.4456,4.36369,4.40325,4.29307,0.001
0.3957,0.4457,4.35933,4.39864,4.29307,0.001
0.3958,0.4458,4.36369,4.40785,4.30234,0.001
0.3959,0.4459,4.37241,4.40785,4.29307,0.001
0.396,0.446,4.35933,4.41246,4.30234,0.001
0.3961,0.4461,4.35496,4.41246,4.29307,0.001
0.3962,0.4462,4.35933,4.40325,4.2977,0.001
0.3963,0.4463,4.36369,4.39404,4.29307,0.001
0.3964,0.4464,4.36369,4.40785,4.27452,0.001
0.3965,0.4465,4.36805,4.39404,4.28379,0.001
0.3966,0.4466,4.37241,4.41707,4.26988,0.001
0.3967,0.4467,4.36805,4.41246,4.27915,0.001
0.3968,0.4468,4.38986,4.40325,4.27452,0.001
0.3969,0.4469,4.37241,4.42167,4.27452,0.001
0.397,0.447,4.37241,4.40325,4.28843,0.001
0.3971,0.4471,4.36805,4.40785,4.27915,0.001
0.3972,0.4472,4.37678,4.41246,4.29307,0.001
0.3973,0.4473,4.3855,4.41246,4.27452,0.001
0.3974,0.4474,4.3855,4.40325,4.30234,0.001
0.3975,0.4475,4.3855,4.40785,4.28843,0.001
0.3976,0.4476,4.37678,4.39864,4.29307,0.001
0.3977,0.4477,4.37678,4.38483,4.29307,0.001
0.3978,0.4478,4.3855,4.39404,4.26988,0.001
0.3979,0.4479,4.38114,4.38483,4.26988,0.001
0.398,0.448,4.37678,4.37101,4.2606,0.001
0.3981,0.4481,4.37678,4.38022,4.27915,0.001
0.3982,0.4482,4.36369,4.3618,4.26988,0.001
0.3983,0.4483,4.36369,4.3618,4.25597,0.001
0.3984,0.4484,4.35933,4.35719,4.26988,0.001
0.3985,0.4485,4.36369,4.3618,4.2606,0.001
0.3986,0.4486,4.36805,4.35259,4.25597,0.001
0.3987,0.4487,4.38114,4.34337,4.25597,0.001
0.3988,0.4488,4.36805,4.33877,4.25597,0.001
0.3989,0.4489,4.37678,4.34337,4.25597,0.001
0.399,0.449,4.37241,4.32956,4.25597,0.001
0.3991,0.4491,4.37678,4.32495,4.25133,0.001
0.3992,0.4492,4.37241,4.32495,4.22814,0.001
0.3993,0.4493,4.36369,4.32956,4.23742,0.001
0.3994,0.4494,4.36369,4.32035,4.23742,0.001
0.3995,0.4495,4.35933,4.32035,4.22351,0.001
0.3996,0.4496,4.35496,4.31574,4.22351,0.001
0.3997,0.4497,4.35496,4.31114,4.24206,0.001
0.3998,0.4498,4.35496,4.32035,4.23742,0.001
0.3999,0.4499,4.35496,4.32495,4.23278,0.001
0.4,0.45,4.35496,4.32495,4.22351,0.001
0.4001,0.4501,4.35933,4.32956,4.22814,0.001
0.4002,0.4502,4.35496,4.33416,4.23278,0.001
0.4003,0.4503,4.35933,4.32495,4.23278,0.001
0.4004,0.4504,4.34624,4.32956,4.23742,0.001
0.4005,0.4505,4.3506,4.32956,4.22351,0.001
0.4006,0.4506,4.34624,4.32956,4.23742,0.001
0.4007,0.4507,4.3506,4.32956,4.22814,0.001
0.4008,0.4508,4.36369,4.33416,4.23278,0.001
0.4009,0.4509,4.34188,4.32956,4.22814,0.001
0.401,0.451,4.34624,4.31114,4.23742,0.001
0.4011,0.4511,4.34188,4.32956,4.22814,0.001
0.4012,0.4512,4.35496,4.33877,4.23742,0.001
0.4013,0.4513,4.34188,4.32956,4.23278,0.001
0.4014,0.4514,4.3506,4.33416,4.24206,0.001
0.4015,0.4515,4.34188,4.33877,4.23742,0.001
0.4016,0.4516,4.35933,4.32035,4.22814,0.001
0.4017,0.4517,4.35496,4.34337,4.22351,0.001
0.4018,0.4518,4.36369,4.33416,4.21887,0.001
0.4019,0.4519,4.35933,4.32495,4.24206,0.001
0.402,0.452,4.35496,4.31574,4.21887,0.001
0.4021,0.4521,4.35933,4.32035,4.21887,0.001
0.4022,0.4522,4.35933,4.32495,4.22351,0.001
0.4023,0.4523,4.35933,4.32035,4.22814,0.001
0.4024,0.4524,4.35933,4.31574,4.22351,0.001
0.4025,0.4525,4.35496,4.32956,4.20959,0.001
0.4026,0.4526,4.3506,4.31574,4.21423,0.001
0.4027,0.4527,4.34188,4.32035,4.22814,0.001
0.4028,0.4528,4.35496,4.33416,4.21887,0.001
0.4029,0.4529,4.34624,4.30192,4.20959,0.001
0.403,0.453,4.33752,4.30192,4.21887,0.001
0.4031,0.4531,4.34188,4.30192,4.20496,0.001
0.4032,0.4532,4.34188,4.30192,4.20959,0.001
0.4033,0.4533,4.34624,4.29271,4.21887,0.001
0.4034,0.4534,4.33315,4.29732,4.20496,0.001
0.4035,0.4535,4.34188,4.29271,4.20959,0.001
0.4036,0.4536,4.33315,4.28811,4.20959,0.001
0.4037,0.4537,4.34624,4.28811,4.20959,0.001
0.4038,0.4538,4.33315,4.2789,4.20496,0.001
0.4039,0.4539,4.33752,4.26968,4.21423,0.001
0.404,0.454,4.33315,4.27429,4.19568,0.001
0.4041,0.4541,4.32879,4.26047,4.21423,0.001
0.4042,0.4542,4.32443,4.26968,4.19568,0.001
0.4043,0.4543,4.32879,4.25126,4.20959,0.001
0.4044,0.4544,4.32443,4.26508,4.21423,0.001
0.4045,0.4545,4.32879,4.26508,4.21423,0.001
0.4046,0.4546,4.33315,4.25126,4.21423,0.001
0.4047,0.4547,4.32443,4.25126,4.22351,0.001
0.4048,0.4548,4.32879,4.25587,4.21423,0.001
0.4049,0.4549,4.33315,4.25126,4.21887,0.001
0.405,0.455,4.32007,4.24666,4.20959,0.001
0.4051,0.4551,4.32443,4.24205,4.22814,0.001
0.4052,0.4552,4.30698,4.26508,4.22351,0.001
0.4053,0.4553,4.3157,4.24205,4.22351,0.001
0.4054,0.4554,4.31134,4.24205,4.22351,0.001
0.4055,0.4555,4.32007,4.24205,4.21423,0.001
0.4056,0.4556,4.33315,4.25587,4.21887,0.001
0.4057,0.4557,4.3157,4.24666,4.23278,0.001
0.4058,0.4558,4.3157,4.24666,4.22351,0.001
0.4059,0.4559,4.32443,4.25126,4.22351,0.001
0.406,0.456,4.3157,4.25126,4.22814,0.001
0.4061,0.4561,4.32443,4.26047,4.24669,0.001
0.4062,0.4562,4.32007,4.26047,4.23742,0.001
0.4063,0.4563,4.32007,4.25126,4.22814,0.001
0.4064,0.4564,4.31134,4.26508,4.22814,0.001
0.4065,0.4565,4.32443,4.25126,4.21423,0.001
0.4066,0.4566,4.29826,4.26047,4.22814,0.001
0.4067,0.4567,4.31134,4.25587,4.21423,0.001
0.4068,0.4568,4.29826,4.25126,4.21887,0.001
0.4069,0.4569,4.31134,4.24666,4.21887,0.001
0.407,0.457,4.31134,4.24205,4.22351,0.001
0.4071,0.4571,4.31134,4.24666,4.22814,0.001
0.4072,0.4572,4.30262,4.26508,4.23278,0.001
0.4073,0.4573,4.30698,4.25126,4.22814,0.001
0.4074,0.4574,4.32443,4.26047,4.22351,0.001
0.4075,0.4575,4.31134,4.26508,4.21423,0.001
0.4076,0.4576,4.3157,4.24666,4.22351,0.001
0.4077,0.4577,4.29826,4.25587,4.22351,0.001
0.4078,0.4578,4.30698,4.26508,4.23742,0.001
0.4079,0.4579,4.29826,4.25126,4.20496,0.001
0.408,0.458,4.29826,4.25126,4.21423,0.001
0.4081,0.4581,4.29389,4.24205,4.21887,0.001
0.4082,0.4582,4.28517,4.26047,4.21423,0.001
0.4083,0.4583,4.29389,4.25126,4.21423,0.001
0.4084,0.4584,4.29389,4.26047,4.22351,0.001
0.4085,0.4585,4.29389,4.25587,4.22351,0.001
0.4086,0.4586,4.30698,4.24666,4.21423,0.001
0.4087,0.4587,4.29826,4.26508,4.20959,0.001
0.4088,0.4588,4.29826,4.25587,4.20032,0.001
0.4089,0.4589,4.28953,4.26047,4.20959,0.001
0.409,0.459,4.29389,4.26968,4.20496,0.001
0.4091,0.4591,4.29389,4.26508,4.20032,0.001
0.4092,0.4592,4.29826,4.27429,4.19568,0.001
0.4093,0.4593,4.30698,4.2789,4.20496,0.001
0.4094,0.4594,4.29389,4.28811,4.21423,0.001
0.4095,0.4595,4.30262,4.2835,4.20496,0.001
0.4096,0.4596,4.31134,4.2789,4.20959,0.001
0.4097,0.4597,4.30262,4.26047,4.21887,0.001
0.4098,0.4598,4.31134,4.2789,4.20959,0.001
0.4099,0.4599,4.30698,4.26968,4.20496,0.001
0.41,0.46,4.30698,4.2835,4.20032,0.001
0.4101,0.4601,4.31134,4.30192,4.21423,0.001
0.4102,0.4602,4.31134,4.27429,4.20959,0.001
0.4103,0.4603,4.32007,4.2789,4.20959,0.001
0.4104,0.4604,4.32879,4.2835,4.21423,0.001
0.4105,0.4605,4.32007,4.28811,4.19568,0.001
0.4106,0.4606,4.32879,4.29732,4.20496,0.001
0.4107,0.4607,4.32879,4.2789,4.22351,0.001
0.4108,0.4608,4.32879,4.2789,4.21887,0.001
0.4109,0.4609,4.33315,4.27429,4.21887,0.001
0.411,0.461,4.3506,4.28811,4.20959,0.001
0.4111,0.4611,4.34188,4.28811,4.21423,0.001
0.4112,0.4612,4.34188,4.2835,4.21423,0.001
0.4113,0.4613,4.33752,4.2789,4.23278,0.001
0.4114,0.4614,4.32879,4.2835,4.22814,0.001
0.4115,0.4615,4.34188,4.28811,4.22814,0.001
0.4116,0.4616,4.3506,4.2835,4.22351,0.001
0.4117,0.4617,4.34624,4.2789,4.23742,0.001
0.4118,0.4618,4.36369,4.28811,4.22814,0.001
0.4119,0.4619,4.35496,4.2789,4.23742,0.001
0.412,0.462,4.35496,4.29271,4.22351,0.001
0.4121,0.4621,4.34624,4.27429,4.23742,0.001
0.4122,0.4622,4.35933,4.27429,4.24669,0.001
0.4123,0.4623,4.35496,4.26968,4.23742,0.001
0.4124,0.4624,4.3506,4.26968,4.23278,0.001
0.4125,0.4625,4.36369,4.27429,4.24206,0.001
0.4126,0.4626,4.3506,4.26508,4.23278,0.001
0.4127,0.4627,4.34188,4.26508,4.24206,0.001
0.4128,0.4628,4.3506,4.26047,4.23278,0.001
0.4129,0.4629,4.34188,4.2789,4.24206,0.001
0.413,0.463,4.34188,4.26508,4.24206,0.001
0.4131,0.4631,4.3506,4.2789,4.22814,0.001
0.4132,0.4632,4.3506,4.26968,4.25133,0.001
0.4133,0.4633,4.3506,4.29271,4.25133,0.001
0.4134,0.4634,4.34188,4.29732,4.23278,0.001
0.4135,0.4635,4.34624,4.2835,4.23742,0.001
0.4136,0.4636,4.35496,4.29732,4.23278,0.001
0.4137,0.4637,4.3506,4.29732,4.23742,0.001
0.4138,0.4638,4.35933,4.2789,4.23742,0.001
0.4139,0.4639,4.35496,4.28811,4.23742,0.001
0.414,0.464,4.36369,4.30653,4.25597,0.001
0.4141,0.4641,4.3506,4.32035,4.24206,0.001
0.4142,0.4642,4.36805,4.31574,4.24206,0.001
0.4143,0.4643,4.36805,4.32035,4.25597,0.001
0.4144,0.4644,4.35496,4.32956,4.25133,0.001
0.4145,0.4645,4.36369,4.34798,4.26524,0.001
0.4146,0.4646,4.36369,4.32956,4.25133,0.001
0.4147,0.4647,4.37241,4.33877,4.23742,0.001
0.4148,0.4648,4.36369,4.33877,4.2606,0.001
0.4149,0.4649,4.37241,4.33877,4.26524,0.001
0.415,0.465,4.38114,4.34337,4.24206,0.001
0.4151,0.4651,4.37678,4.34337,4.25597,0.001
0.4152,0.4652,4.37241,4.3618,4.24206,0.001
0.4153,0.4653,4.37241,4.3664,4.26524,0.001
0.4154,0.4654,4.37678,4.3618,4.24669,0.001
0.4155,0.4655,4.3855,4.3664,4.25133,0.001
0.4156,0.4656,4.38114,4.37101,4.26988,0.001
0.4157,0.4657,4.37678,4.37561,4.27915,0.001
0.4158,0.4658,4.37241,4.37101,4.2606,0.001
0.4159,0.4659,4.3855,4.37561,4.26524,0.001
0.416,0.466,4.37678,4.38022,4.2606,0.001
0.4161,0.4661,4.37241,4.37561,4.26524,0.001
0.4162,0.4662,4.37678,4.38483,4.2606,0.001
0.4163,0.4663,4.37241,4.39404,4.2606,0.001
0.4164,0.4664,4.35496,4.38022,4.25597,0.001
0.4165,0.4665,4.36369,4.37561,4.26988,0.001
0.4166,0.4666,4.36369,4.38483,4.26524,0.001
0.4167,0.4667,4.36369,4.38022,4.25597,0.001
0.4168,0.4668,4.36805,4.38483,4.27915,0.001
0.4169,0.4669,4.36805,4.38943,4.26988,0.001
0.417,0.467,4.36369,4.39404,4.27915,0.001
0.4171,0.4671,4.35496,4.39404,4.27452,0.001
0.4172,0.4672,4.35496,4.38943,4.28843,0.001
0.4173,0.4673,4.3506,4.40325,4.2606,0.001
0.4174,0.4674,4.35933,4.40325,4.27452,0.001
0.4175,0.4675,4.36805,4.40325,4.26524,0.001
0.4176,0.4676,4.3506,4.40785,4.2606,0.001
0.4177,0.4677,4.35496,4.39864,4.26524,0.001
0.4178,0.4678,4.35933,4.39864,4.26524,0.001
0.4179,0.4679,4.35496,4.39404,4.27915,0.001
0.418,0.468,4.36369,4.38943,4.28379,0.001
0.4181,0.4681,4.35496,4.38943,4.28843,0.001
0.4182,0.4682,4.35933,4.39864,4.27452,0.001
0.4183,0.4683,4.36369,4.40785,4.27915,0.001
0.4184,0.4684,4.3506,4.39404,4.30234,0.001
0.4185,0.4685,4.35933,4.40325,4.31161,0.001
0.4186,0.4686,4.37241,4.40325,4.2977,0.001
0.4187,0.4687,4.36369,4.38483,4.28843,0.001
0.4188,0.4688,4.37678,4.41707,4.30698,0.001
0.4189,0.4689,4.37678,4.40785,4.30698,0.001
0.419,0.469,4.37241,4.41707,4.31625,0.001
0.4191,0.4691,4.38114,4.40785,4.31625,0.001
0.4192,0.4692,4.36805,4.41246,4.31625,0.001
0.4193,0.4693,4.36805,4.40325,4.32089,0.001
0.4194,0.4694,4.37678,4.41246,4.32089,0.001
0.4195,0.4695,4.36369,4.40785,4.33016,0.001
0.4196,0.4696,4.36805,4.42167,4.33944,0.001
0.4197,0.4697,4.3855,4.40785,4.32089,0.001
0.4198,0.4698,4.37678,4.39864,4.34407,0.001
0.4199,0.4699,4.38114,4.42167,4.34407,0.001
0.42,0.47,4.3855,4.41246,4.33944,0.001
0.4201,0.4701,4.38114,4.41707,4.33016,0.001
0.4202,0.4702,4.38114,4.40325,4.3348,0.001
0.4203,0.4703,4.37241,4.40325,4.3348,0.001
0.4204,0.4704,4.38114,4.40325,4.34407,0.001
0.4205,0.4705,4.36805,4.40325,4.33944,0.001
0.4206,0.4706,4.36805,4.40785,4.33016,0.001
0.4207,0.4707,4.35933,4.40325,4.35335,0.001
0.4208,0.4708,4.36369,4.40325,4.34871,0.001
0.4209,0.4709,4.36369,4.42167,4.33944,0.001
0.421,0.471,4.35933,4.40785,4.35335,0.001
0.4211,0.4711,4.36805,4.40785,4.34871,0.001
0.4212,0.4712,4.34624,4.40325,4.34871,0.001
0.4213,0.4713,4.3506,4.41246,4.35335,0.001
0.4214,0.4714,4.35496,4.41246,4.35335,0.001
0.4215,0.4715,4.35933,4.41707,4.35799,0.001
0.4216,0.4716,4.36369,4.41707,4.36726,0.001
0.4217,0.4717,4.37241,4.40785,4.36262,0.001
0.4218,0.4718,4.36805,4.40325,4.36262,0.001
0.4219,0.4719,4.35933,4.41707,4.35799,0.001
0.422,0.472,4.35496,4.40325,4.36726,0.001
0.4221,0.4721,4.36805,4.42628,4.35335,0.001
0.4222,0.4722,4.35933,4.41707,4.35335,0.001
0.4223,0.4723,4.36805,4.40325,4.35335,0.001
0.4224,0.4724,4.37241,4.41707,4.36262,0.001
0.4225,0.4725,4.36805,4.41246,4.35335,0.001
0.4226,0.4726,4.37241,4.41246,4.34871,0.001
0.4227,0.4727,4.37241,4.43088,4.35335,0.001
0.4228,0.4728,4.38114,4.44009,4.34871,0.001
0.4229,0.4729,4.37241,4.44009,4.36262,0.001
0.423,0.473,4.36805,4.43088,4.36726,0.001
0.4231,0.4731,4.39422,4.42167,4.34407,0.001
0.4232,0.4732,4.38114,4.43549,4.35335,0.001
0.4233,0.4733,4.38114,4.43549,4.36726,0.001
0.4234,0.4734,4.3855,4.42628,4.36726,0.001
0.4235,0.4735,4.36805,4.42628,4.36262,0.001
0.4236,0.4736,4.39422,4.44009,4.3719,0.001
0.4237,0.4737,4.38986,4.43549,4.36262,0.001
0.4238,0.4738,4.38114,4.43549,4.35799,0.001
0.4239,0.4739,4.38986,4.43549,4.36726,0.001
0.424,0.474,4.38114,4.42167,4.3719,0.001
0.4241,0.4741,4.38114,4.43088,4.3719,0.001
0.4242,0.4742,4.39422,4.42628,4.3719,0.001
0.4243,0.4743,4.3855,4.42628,4.38581,0.001
0.4244,0.4744,4.38114,4.44009,4.38117,0.001
0.4245,0.4745,4.3855,4.4447,4.38581,0.001
0.4246,0.4746,4.37241,4.43549,4.37653,0.001
0.4247,0.4747,4.3855,4.44009,4.39045,0.001
0.4248,0.4748,4.37241,4.43549,4.39045,0.001
0.4249,0.4749,4.37241,4.42628,4.37653,0.001
0.425,0.475,4.35933,4.42628,4.39045,0.001
0.4251,0.4751,4.36805,4.41707,4.39045,0.001
0.4252,0.4752,4.36805,4.42628,4.39508,0.001
0.4253,0.4753,4.35496,4.41246,4.40436,0.001
0.4254,0.4754,4.37678,4.41246,4.39972,0.001
0.4255,0.4755,4.36805,4.41707,4.41827,0.001
0.4256,0.4756,4.35933,4.40785,4.409,0.001
0.4257,0.4757,4.35933,4.40325,4.42291,0.001
0.4258,0.4758,4.36369,4.39864,4.41363,0.001
0.4259,0.4759,4.3506,4.39864,4.409,0.001
0.426,0.476,4.35933,4.39864,4.41363,0.001
0.4261,0.4761,4.35933,4.39864,4.40436,0.001
0.4262,0.4762,4.34188,4.39404,4.41363,0.001
0.4263,0.4763,4.35933,4.37561,4.39972,0.001
0.4264,0.4764,4.36369,4.38483,4.41827,0.001
0.4265,0.4765,4.36369,4.39404,4.39045,0.001
0.4266,0.4766,4.35933,4.37561,4.42754,0.001
0.4267,0.4767,4.3855,4.38483,4.41363,0.001
0.4268,0.4768,4.37241,4.38022,4.409,0.001
0.4269,0.4769,4.36805,4.38943,4.41363,0.001
0.427,0.477,4.37241,4.40325,4.41827,0.001
0.4271,0.4771,4.36805,4.38483,4.41363,0.001
0.4272,0.4772,4.38114,4.38483,4.41363,0.001
0.4273,0.4773,4.38114,4.38022,4.39972,0.001
0.4274,0.4774,4.38114,4.38022,4.409,0.001
0.4275,0.4775,4.37678,4.38483,4.39972,0.001
0.4276,0.4776,4.37678,4.38943,4.42754,0.001
0.4277,0.4777,4.38986,4.38483,4.42291,0.001
0.4278,0.4778,4.38114,4.39404,4.41363,0.001
0.4279,0.4779,4.38114,4.39404,4.41363,0.001
0.428,0.478,4.38114,4.38943,4.41827,0.001
0.4281,0.4781,4.38114,4.38483,4.43682,0.001
0.4282,0.4782,4.38114,4.40785,4.43682,0.001
0.4283,0.4783,4.3855,4.40785,4.43218,0.001
0.4284,0.4784,4.3855,4.40785,4.42754,0.001
0.4285,0.4785,4.38114,4.41707,4.44609,0.001
0.4286,0.4786,4.37678,4.42167,4.43682,0.001
0.4287,0.4787,4.37241,4.41246,4.44146,0.001
0.4288,0.4788,4.36805,4.41246,4.44609,0.001
0.4289,0.4789,4.36805,4.42167,4.44146,0.001
0.429,0.479,4.36805,4.42167,4.44146,0.001
0.4291,0.4791,4.35933,4.41246,4.44146,0.001
0.4292,0.4792,4.36369,4.40785,4.45537,0.001
0.4293,0.4793,4.36369,4.42628,4.45537,0.001
0.4294,0.4794,4.35933,4.42628,4.45073,0.001
0.4295,0.4795,4.35933,4.41707,4.45537,0.001
0.4296,0.4796,4.35496,4.43088,4.45537,0.001
0.4297,0.4797,4.35496,4.41246,4.47855,0.001
0.4298,0.4798,4.36369,4.42628,4.46001,0.001
0.4299,0.4799,4.3506,4.42167,4.46464,0.001
0.43,0.48,4.34188,4.42628,4.45073,0.001
0.4301,0.4801,4.34188,4.4447,4.46928,0.001
0.4302,0.4802,4.33752,4.43088,4.46464,0.001
0.4303,0.4803,4.33752,4.42628,4.45073,0.001
0.4304,0.4804,4.34188,4.43088,4.45537,0.001
0.4305,0.4805,4.34624,4.42628,4.43218,0.001
0.4306,0.4806,4.34188,4.43549,4.46464,0.001
0.4307,0.4807,4.33752,4.42167,4.47392,0.001
0.4308,0.4808,4.32879,4.41246,4.46464,0.001
0.4309,0.4809,4.33752,4.43549,4.46464,0.001
0.431,0.481,4.33752,4.42628,4.46001,0.001
0.4311,0.4811,4.3506,4.42167,4.47392,0.001
0.4312,0.4812,4.3506,4.42628,4.46928,0.001
0.4313,0.4813,4.35496,4.41707,4.45537,0.001
0.4314,0.4814,4.35496,4.42628,4.45537,0.001
0.4315,0.4815,4.35496,4.42167,4.46928,0.001
0.4316,0.4816,4.35496,4.43549,4.46464,0.001
0.4317,0.4817,4.36805,4.43549,4.46001,0.001
0.4318,0.4818,4.35933,4.41246,4.46001,0.001
0.4319,0.4819,4.36369,4.43088,4.46928,0.001
0.432,0.482,4.37241,4.41707,4.46928,0.001
0.4321,0.4821,4.36369,4.43088,4.46464,0.001
0.4322,0.4822,4.36369,4.42628,4.46928,0.001
0.4323,0.4823,4.36805,4.43088,4.46928,0.001
0.4324,0.4824,4.37241,4.44009,4.46928,0.001
0.4325,0.4825,4.37241,4.44009,4.48319,0.001
0.4326,0.4826,4.36805,4.43549,4.47392,0.001
0.4327,0.4827,4.36369,4.44009,4.49247,0.001
0.4328,0.4828,4.35933,4.43549,4.48319,0.001
0.4329,0.4829,4.37241,4.45391,4.48783,0.001
0.433,0.483,4.36805,4.44009,4.49247,0.001
0.4331,0.4831,4.37241,4.4493,4.48319,0.001
0.4332,0.4832,4.37241,4.45391,4.49247,0.001
0.4333,0.4833,4.36805,4.44009,4.50638,0.001
0.4334,0.4834,4.36369,4.45391,4.4971,0.001
0.4335,0.4835,4.36369,4.45391,4.52029,0.001
0.4336,0.4836,4.35496,4.4493,4.50638,0.001
0.4337,0.4837,4.36369,4.4447,4.51102,0.001
0.4338,0.4838,4.36805,4.44009,4.51565,0.001
0.4339,0.4839,4.37678,4.4493,4.52029,0.001
0.434,0.484,4.36805,4.45391,4.52493,0.001
0.4341,0.4841,4.36369,4.4447,4.5342,0.001
0.4342,0.4842,4.37241,4.45391,4.52493,0.001
0.4343,0.4843,4.37241,4.45391,4.53884,0.001
0.4344,0.4844,4.36805,4.45391,4.53884,0.001
0.4345,0.4845,4.35933,4.4447,4.5342,0.001
0.4346,0.4846,4.35496,4.45391,4.52029,0.001
0.4347,0.4847,4.35933,4.45391,4.54347,0.001
0.4348,0.4848,4.35933,4.4447,4.52956,0.001
0.4349,0.4849,4.35496,4.44009,4.53884,0.001
0.435,0.485,4.36369,4.4447,4.52493,0.001
0.4351,0.4851,4.35496,4.45391,4.51565,0.001
0.4352,0.4852,4.36805,4.4493,4.52956,0.001
0.4353,0.4853,4.37678,4.46773,4.53884,0.001
0.4354,0.4854,4.37241,4.46312,4.54811,0.001
0.4355,0.4855,4.37678,4.45852,4.52493,0.001
0.4356,0.4856,4.38114,4.47233,4.52493,0.001
0.4357,0.4857,4.3855,4.47694,4.52956,0.001
0.4358,0.4858,4.37678,4.46773,4.52029,0.001
0.4359,0.4859,4.39422,4.46773,4.51565,0.001
0.436,0.486,4.39422,4.46773,4.52029,0.001
0.4361,0.4861,4.38986,4.47233,4.51565,0.001
0.4362,0.4862,4.38986,4.46773,4.5342,0.001
0.4363,0.4863,4.3855,4.48154,4.53884,0.001
0.4364,0.4864,4.39422,4.49536,4.52029,0.001
0.4365,0.4865,4.39859,4.49536,4.5342,0.001
0.4366,0.4866,4.39859,4.49076,4.53884,0.001
0.4367,0.4867,4.39422,4.49076,4.52029,0.001
0.4368,0.4868,4.39859,4.49997,4.55275,0.001
0.4369,0.4869,4.40295,4.50918,4.52493,0.001
0.437,0.487,4.39422,4.49997,4.53884,0.001
0.4371,0.4871,4.40731,4.52299,4.52956,0.001
0.4372,0.4872,4.39859,4.52299,4.53884,0.001
0.4373,0.4873,4.4204,4.52299,4.54347,0.001
0.4374,0.4874,4.40731,4.5276,4.54347,0.001
0.4375,0.4875,4.39422,4.5276,4.53884,0.001
0.4376,0.4876,4.41167,4.52299,4.54347,0.001
0.4377,0.4877,4.40731,4.53681,4.54347,0.001
0.4378,0.4878,4.40731,4.54142,4.54811,0.001
0.4379,0.4879,4.40731,4.53221,4.54347,0.001
0.438,0.488,4.40731,4.54142,4.55739,0.001
0.4381,0.4881,4.40295,4.55063,4.56666,0.001
0.4382,0.4882,4.39422,4.54602,4.56202,0.001
0.4383,0.4883,4.40295,4.54142,4.56202,0.001
0.4384,0.4884,4.39859,4.54602,4.55739,0.001
0.4385,0.4885,4.40295,4.54602,4.56202,0.001
0.4386,0.4886,4.40295,4.54602,4.55275,0.001
0.4387,0.4887,4.39859,4.54602,4.55275,0.001
0.4388,0.4888,4.40295,4.53681,4.56666,0.001
0.4389,0.4889,4.39422,4.55063,4.55739,0.001
0.439,0.489,4.40295,4.55063,4.53884,0.001
0.4391,0.4891,4.40731,4.54142,4.56666,0.001
0.4392,0.4892,4.42912,4.54142,4.56666,0.001
0.4393,0.4893,4.40731,4.53681,4.55275,0.001
0.4394,0.4894,4.42912,4.53681,4.57594,0.001
0.4395,0.4895,4.42912,4.54142,4.55739,0.001
0.4396,0.4896,4.4204,4.5276,4.56666,0.001
0.4397,0.4897,4.4204,4.54602,4.5713,0.001
0.4398,0.4898,4.43348,4.53681,4.5713,0.001
0.4399,0.4899,4.42476,4.52299,4.56666,0.001
0.44,0.49,4.42476,4.53221,4.55739,0.001
0.4401,0.4901,4.4204,4.53221,4.54347,0.001
0.4402,0.4902,4.4204,4.5276,4.55739,0.001
0.4403,0.4903,4.43348,4.5276,4.55739,0.001
0.4404,0.4904,4.4204,4.54142,4.55275,0.001
0.4405,0.4905,4.42912,4.53221,4.55739,0.001
0.4406,0.4906,4.42912,4.53681,4.56202,0.001
0.4407,0.4907,4.42476,4.53681,4.55275,0.001
0.4408,0.4908,4.4204,4.53221,4.57594,0.001
0.4409,0.4909,4.43784,4.53681,4.5713,0.001
0.441,0.491,4.4204,4.54142,4.56666,0.001
0.4411,0.4911,4.43348,4.54142,4.58057,0.001
0.4412,0.4912,4.42912,4.54602,4.5713,0.001
0.4413,0.4913,4.42912,4.54602,4.57594,0.001
0.4414,0.4914,4.41603,4.54602,4.5713,0.001
0.4415,0.4915,4.42912,4.55523,4.56666,0.001
0.4416,0.4916,4.42476,4.55984,4.57594,0.001
0.4417,0.4917,4.4204,4.55523,4.57594,0.001
0.4418,0.4918,4.41603,4.56905,4.58521,0.001
0.4419,0.4919,4.42476,4.57826,4.59448,0.001
0.442,0.492,4.42912,4.57366,4.58521,0.001
0.4421,0.4921,4.41167,4.59669,4.58985,0.001
0.4422,0.4922,4.41603,4.58747,4.59448,0.001
0.4423,0.4923,4.41167,4.58747,4.59448,0.001
0.4424,0.4924,4.4204,4.58287,4.59912,0.001
0.4425,0.4925,4.4204,4.58287,4.6084,0.001
0.4426,0.4926,4.4204,4.57826,4.61303,0.001
0.4427,0.4927,4.4204,4.58287,4.60376,0.001
0.4428,0.4928,4.41167,4.57826,4.59912,0.001
0.4429,0.4929,4.40731,4.58747,4.59448,0.001
0.443,0.493,4.40731,4.58287,4.59448,0.001
0.4431,0.4931,4.40731,4.58287,4.59912,0.001
0.4432,0.4932,4.42476,4.57826,4.59912,0.001
0.4433,0.4933,4.4204,4.57826,4.6084,0.001
0.4434,0.4934,4.4204,4.59208,4.58521,0.001
0.4435,0.4935,4.41603,4.57366,4.6084,0.001
0.4436,0.4936,4.43348,4.59208,4.59912,0.001
0.4437,0.4937,4.42912,4.6059,4.6084,0.001
0.4438,0.4938,4.43348,4.60129,4.58985,0.001
0.4439,0.4939,4.42476,4.60129,4.59912,0.001
0.444,0.494,4.42476,4.58287,4.58985,0.001
0.4441,0.4941,4.4204,4.58747,4.57594,0.001
0.4442,0.4942,4.41167,4.59208,4.58057,0.001
0.4443,0.4943,4.42912,4.59208,4.58521,0.001
0.4444,0.4944,4.42476,4.59208,4.58521,0.001
0.4445,0.4945,4.4204,4.57366,4.5713,0.001
0.4446,0.4946,4.4204,4.59208,4.58521,0.001
0.4447,0.4947,4.4204,4.58287,4.57594,0.001
0.4448,0.4948,4.4204,4.58747,4.57594,0.001
0.4449,0.4949,4.43348,4.58287,4.58057,0.001
0.445,0.495,4.43348,4.58287,4.57594,0.001
0.4451,0.4951,4.43348,4.58747,4.58057,0.001
0.4452,0.4952,4.44221,4.57826,4.5713,0.001
0.4453,0.4953,4.43784,4.58747,4.58521,0.001
0.4454,0.4954,4.43784,4.59669,4.58521,0.001
0.4455,0.4955,4.43348,4.57366,4.5713,0.001
0.4456,0.4956,4.42912,4.58287,4.57594,0.001
0.4457,0.4957,4.42476,4.57366,4.58521,0.001
0.4458,0.4958,4.42476,4.56905,4.58985,0.001
0.4459,0.4959,4.43348,4.57366,4.58057,0.001
0.446,0.496,4.4204,4.57826,4.60376,0.001
0.4461,0.4961,4.43348,4.59208,4.59448,0.001
0.4462,0.4962,4.4204,4.57826,4.61767,0.001
0.4463,0.4963,4.42912,4.58747,4.61767,0.001
0.4464,0.4964,4.42476,4.58287,4.61303,0.001
0.4465,0.4965,4.43348,4.57366,4.62695,0.001
0.4466,0.4966,4.42912,4.58747,4.63622,0.001
0.4467,0.4967,4.4204,4.56445,4.61767,0.001
0.4468,0.4968,4.4204,4.55984,4.63158,0.001
0.4469,0.4969,4.42912,4.56445,4.61767,0.001
0.447,0.497,4.4204,4.56445,4.63158,0.001
0.4471,0.4971,4.4204,4.55984,4.63158,0.001
0.4472,0.4972,4.42912,4.55063,4.64086,0.001
0.4473,0.4973,4.43348,4.55984,4.64086,0.001
0.4474,0.4974,4.42476,4.55523,4.64086,0.001
0.4475,0.4975,4.4204,4.54142,4.64086,0.001
0.4476,0.4976,4.4204,4.55063,4.62695,0.001
0.4477,0.4977,4.43784,4.55523,4.63622,0.001
0.4478,0.4978,4.43348,4.54602,4.64086,0.001
0.4479,0.4979,4.42476,4.55063,4.63622,0.001
0.448,0.498,4.43348,4.55063,4.63158,0.001
0.4481,0.4981,4.4204,4.54142,4.63622,0.001
0.4482,0.4982,4.43348,4.54142,4.61767,0.001
0.4483,0.4983,4.42912,4.53221,4.61767,0.001
0.4484,0.4984,4.42476,4.55063,4.62695,0.001
0.4485,0.4985,4.43348,4.53221,4.63158,0.001
0.4486,0.4986,4.4204,4.54142,4.61303,0.001
0.4487,0.4987,4.43348,4.53221,4.61767,0.001
0.4488,0.4988,4.4204,4.52299,4.61767,0.001
0.4489,0.4989,4.4204,4.51839,4.61767,0.001
0.449,0.499,4.41603,4.53221,4.6084,0.001
0.4491,0.4991,4.4204,4.5276,4.60376,0.001
0.4492,0.4992,4.42912,4.5276,4.60376,0.001
0.4493,0.4993,4.42912,4.52299,4.60376,0.001
0.4494,0.4994,4.42476,4.51839,4.63158,0.001
0.4495,0.4995,4.41603,4.5276,4.61303,0.001
0.4496,0.4996,4.41167,4.52299,4.61303,0.001
0.4497,0.4997,4.4204,4.5276,4.6084,0.001
0.4498,0.4998,4.41603,4.52299,4.61303,0.001
0.4499,0.4999,4.4204,4.52299,4.60376,0.001
0.45,0.5,4.41167,4.54602,4.60376,0.001
0.4501,0.5001,4.41167,4.53221,4.6084,0.001
0.4502,0.5002,4.41167,4.53221,4.61303,0.001
0.4503,0.5003,4.40731,4.53221,4.6084,0.001
0.4504,0.5004,4.40295,4.54142,4.6084,0.001
0.4505,0.5005,4.40731,4.54602,4.61303,0.001
0.4506,0.5006,4.41167,4.53681,4.62231,0.001
0.4507,0.5007,4.40295,4.54142,4.62695,0.001
0.4508,0.5008,4.40731,4.53681,4.61767,0.001
0.4509,0.5009,4.40295,4.55523,4.62231,0.001
0.451,0.501,4.40295,4.55523,4.62231,0.001
0.4511,0.5011,4.39422,4.53681,4.62231,0.001
0.4512,0.5012,4.40295,4.55523,4.61767,0.001
0.4513,0.5013,4.38986,4.53681,4.62231,0.001
0.4514,0.5014,4.38986,4.55523,4.62695,0.001
0.4515,0.5015,4.40731,4.53681,4.63622,0.001
0.4516,0.5016,4.40295,4.54602,4.62231,0.001
0.4517,0.5017,4.39859,4.55523,4.62695,0.001
0.4518,0.5018,4.40731,4.53681,4.62695,0.001
0.4519,0.5019,4.38986,4.55523,4.62231,0.001
0.452,0.502,4.40295,4.54602,4.6084,0.001
0.4521,0.5021,4.39422,4.54142,4.62695,0.001
0.4522,0.5022,4.39859,4.54142,4.6084,0.001
0.4523,0.5023,4.39859,4.53221,4.61767,0.001
0.4524,0.5024,4.39422,4.53681,4.6084,0.001
0.4525,0.5025,4.38986,4.54142,4.62231,0.001
0.4526,0.5026,4.39859,4.53221,4.61767,0.001
0.4527,0.5027,4.39859,4.53681,4.61303,0.001
0.4528,0.5028,4.40295,4.52299,4.63158,0.001
0.4529,0.5029,4.40295,4.5276,4.61303,0.001
0.453,0.503,4.40295,4.53221,4.61303,0.001
0.4531,0.5031,4.40731,4.51378,4.6084,0.001
0.4532,0.5032,4.40295,4.52299,4.6084,0.001
0.4533,0.5033,4.40295,4.52299,4.62695,0.001
0.4534,0.5034,4.41167,4.50457,4.6084,0.001
0.4535,0.5035,4.39422,4.50918,4.6084,0.001
0.4536,0.5036,4.40295,4.49997,4.6084,0.001
0.4537,0.5037,4.40295,4.50918,4.61303,0.001
0.4538,0.5038,4.40295,4.48615,4.59448,0.001
0.4539,0.5039,4.3855,4.50918,4.6084,0.001
0.454,0.504,4.39859,4.49997,4.59912,0.001
0.4541,0.5041,4.37678,4.49536,4.61303,0.001
0.4542,0.5042,4.38986,4.50457,4.59448,0.001
0.4543,0.5043,4.3855,4.50457,4.61767,0.001
0.4544,0.5044,4.40295,4.49997,4.61767,0.001
0.4545,0.5045,4.39422,4.49997,4.61303,0.001
0.4546,0.5046,4.40295,4.49997,4.6084,0.001
0.4547,0.5047,4.40295,4.51378,4.62231,0.001
0.4548,0.5048,4.39422,4.49997,4.61767,0.001
0.4549,0.5049,4.40295,4.49536,4.61303,0.001
0.455,0.505,4.39859,4.51378,4.59448,0.001
0.4551,0.5051,4.39422,4.50457,4.6084,0.001
0.4552,0.5052,4.40731,4.49997,4.6084,0.001
0.4553,0.5053,4.3855,4.49997,4.62231,0.001
0.4554,0.5054,4.39422,4.50457,4.61767,0.001
0.4555,0.5055,4.38114,4.51378,4.61303,0.001
0.4556,0.5056,4.3855,4.50457,4.61303,0.001
0.4557,0.5057,4.39859,4.49997,4.61767,0.001
0.4558,0.5058,4.39859,4.50457,4.61303,0.001
0.4559,0.5059,4.40295,4.50918,4.61303,0.001
0.456,0.506,4.39859,4.49997,4.61303,0.001
0.4561,0.5061,4.40295,4.50457,4.62231,0.001
0.4562,0.5062,4.39859,4.52299,4.63158,0.001
0.4563,0.5063,4.4204,4.51378,4.63158,0.001
0.4564,0.5064,4.39422,4.50918,4.61767,0.001
0.4565,0.5065,4.39422,4.50918,4.6084,0.001
0.4566,0.5066,4.40731,4.49997,4.62231,0.001
0.4567,0.5067,4.39422,4.50918,4.6084,0.001
0.4568,0.5068,4.40295,4.50918,4.61303,0.001
0.4569,0.5069,4.40731,4.50918,4.6084,0.001
0.457,0.507,4.40295,4.52299,4.61303,0.001
0.4571,0.5071,4.40295,4.51839,4.61303,0.001
0.4572,0.5072,4.40295,4.51839,4.61767,0.001
0.4573,0.5073,4.40731,4.51839,4.59912,0.001
0.4574,0.5074,4.40731,4.51378,4.59912,0.001
0.4575,0.5075,4.41167,4.50918,4.61767,0.001
0.4576,0.5076,4.41603,4.52299,4.58521,0.001
0.4577,0.5077,4.39859,4.53221,4.59912,0.001
0.4578,0.5078,4.40731,4.52299,4.6084,0.001
0.4579,0.5079,4.40731,4.52299,4.58057,0.001
0.458,0.508,4.39859,4.52299,4.58985,0.001
0.4581,0.5081,4.40295,4.52299,4.59912,0.001
0.4582,0.5082,4.40295,4.53221,4.58057,0.001
0.4583,0.5083,4.38986,4.54602,4.59448,0.001
0.4584,0.5084,4.38986,4.51839,4.5713,0.001
0.4585,0.5085,4.38986,4.54142,4.58057,0.001
0.4586,0.5086,4.39859,4.54142,4.58521,0.001
0.4587,0.5087,4.40295,4.53681,4.58985,0.001
0.4588,0.5088,4.39422,4.53221,4.59912,0.001
0.4589,0.5089,4.40731,4.53221,4.5713,0.001
0.459,0.509,4.40295,4.54142,4.58057,0.001
0.4591,0.5091,4.40295,4.53681,4.57594,0.001
0.4592,0.5092,4.40731,4.54602,4.56666,0.001
0.4593,0.5093,4.40295,4.55063,4.58057,0.001
0.4594,0.5094,4.39859,4.53681,4.58057,0.001
0.4595,0.5095,4.39422,4.53681,4.58057,0.001
0.4596,0.5096,4.40295,4.53221,4.58057,0.001
0.4597,0.5097,4.40731,4.53681,4.57594,0.001
0.4598,0.5098,4.39422,4.53681,4.59448,0.001
0.4599,0.5099,4.40295,4.53681,4.59448,0.001
0.46,0.51,4.41167,4.53681,4.59912,0.001
0.4601,0.5101,4.41167,4.53681,4.59448,0.001
0.4602,0.5102,4.40731,4.52299,4.58985,0.001
0.4603,0.5103,4.41167,4.54142,4.58985,0.001
0.4604,0.5104,4.42912,4.53221,4.58521,0.001
0.4605,0.5105,4.40731,4.5276,4.58057,0.001
0.4606,0.5106,4.41603,4.52299,4.58057,0.001
0.4607,0.5107,4.40295,4.52299,4.58057,0.001
0.4608,0.5108,4.42912,4.54142,4.61303,0.001
0.4609,0.5109,4.42476,4.5276,4.59448,0.001
0.461,0.511,4.43348,4.5276,4.58521,0.001
0.4611,0.5111,4.4204,4.53221,4.58985,0.001
0.4612,0.5112,4.42912,4.53221,4.57594,0.001
0.4613,0.5113,4.42912,4.53681,4.58057,0.001
0.4614,0.5114,4.42476,4.53681,4.58985,0.001
0.4615,0.5115,4.42912,4.53681,4.58057,0.001
0.4616,0.5116,4.43348,4.53681,4.58057,0.001
0.4617,0.5117,4.43348,4.54142,4.5713,0.001
0.4618,0.5118,4.42912,4.53681,4.5713,0.001
0.4619,0.5119,4.43348,4.5276,4.5713,0.001
0.462,0.512,4.42476,4.5276,4.57594,0.001
0.4621,0.5121,4.42476,4.54602,4.5713,0.001
0.4622,0.5122,4.42912,4.53681,4.57594,0.001
0.4623,0.5123,4.4204,4.53221,4.5713,0.001
0.4624,0.5124,4.42912,4.53221,4.55739,0.001
0.4625,0.5125,4.42476,4.5276,4.56666,0.001
0.4626,0.5126,4.43784,4.54142,4.5713,0.001
0.4627,0.5127,4.43348,4.53221,4.5713,0.001
0.4628,0.5128,4.4204,4.54602,4.57594,0.001
0.4629,0.5129,4.42912,4.53221,4.56202,0.001
0.463,0.513,4.43784,4.52299,4.55739,0.001
0.4631,0.5131,4.42912,4.53681,4.56666,0.001
0.4632,0.5132,4.42912,4.5276,4.56202,0.001
0.4633,0.5133,4.4204,4.53221,4.56202,0.001
0.4634,0.5134,4.42476,4.53221,4.53884,0.001
0.4635,0.5135,4.4204,4.54142,4.55739,0.001
0.4636,0.5136,4.4204,4.53681,4.54347,0.001
0.4637,0.5137,4.41603,4.53221,4.54347,0.001
0.4638,0.5138,4.41167,4.53681,4.54347,0.001
0.4639,0.5139,4.41603,4.54602,4.56202,0.001
0.464,0.514,4.41167,4.53221,4.55275,0.001
0.4641,0.5141,4.40731,4.55063,4.57594,0.001
0.4642,0.5142,4.41603,4.55063,4.55739,0.001
0.4643,0.5143,4.41167,4.55984,4.56202,0.001
0.4644,0.5144,4.41167,4.54602,4.57594,0.001
0.4645,0.5145,4.40731,4.54602,4.56202,0.001
0.4646,0.5146,4.41603,4.55984,4.56202,0.001
0.4647,0.5147,4.40731,4.55523,4.56666,0.001
0.4648,0.5148,4.4204,4.54602,4.56666,0.001
0.4649,0.5149,4.42476,4.55984,4.56666,0.001
0.465,0.515,4.40731,4.55523,4.55275,0.001
0.4651,0.5151,4.41603,4.55984,4.54347,0.001
0.4652,0.5152,4.4204,4.55063,4.56202,0.001
0.4653,0.5153,4.41167,4.55063,4.54811,0.001
0.4654,0.5154,4.4204,4.55063,4.54347,0.001
0.4655,0.5155,4.41167,4.56905,4.55275,0.001
0.4656,0.5156,4.41603,4.56905,4.54347,0.001
0.4657,0.5157,4.42476,4.55984,4.53884,0.001
0.4658,0.5158,4.4204,4.55984,4.54347,0.001
0.4659,0.5159,4.42476,4.55984,4.54347,0.001
0.466,0.516,4.4204,4.55063,4.53884,0.001
0.4661,0.5161,4.41603,4.55523,4.52493,0.001
0.4662,0.5162,4.41603,4.55523,4.52956,0.001
0.4663,0.5163,4.41603,4.54602,4.52493,0.001
0.4664,0.5164,4.4204,4.55063,4.52493,0.001
0.4665,0.5165,4.4204,4.55063,4.52493,0.001
0.4666,0.5166,4.40731,4.54142,4.52956,0.001
0.4667,0.5167,4.41603,4.54602,4.52493,0.001
0.4668,0.5168,4.40731,4.55063,4.51565,0.001
0.4669,0.5169,4.41603,4.53681,4.51565,0.001
0.467,0.517,4.4204,4.54602,4.52493,0.001
0.4671,0.5171,4.4204,4.54602,4.54347,0.001
0.4672,0.5172,4.41167,4.55984,4.52029,0.001
0.4673,0.5173,4.41603,4.54142,4.52029,0.001
0.4674,0.5174,4.41603,4.55063,4.52493,0.001
0.4675,0.5175,4.4204,4.54602,4.52493,0.001
0.4676,0.5176,4.40731,4.5276,4.52029,0.001
0.4677,0.5177,4.40731,4.52299,4.51565,0.001
0.4678,0.5178,4.40295,4.5276,4.52493,0.001
0.4679,0.5179,4.40731,4.5276,4.51565,0.001
0.468,0.518,4.40731,4.52299,4.52029,0.001
0.4681,0.5181,4.40731,4.51839,4.52493,0.001
0.4682,0.5182,4.41167,4.52299,4.53884,0.001
0.4683,0.5183,4.41603,4.52299,4.51102,0.001
0.4684,0.5184,4.4204,4.50918,4.52029,0.001
0.4685,0.5185,4.41167,4.50457,4.53884,0.001
0.4686,0.5186,4.40731,4.49997,4.52493,0.001
0.4687,0.5187,4.41167,4.49536,4.52493,0.001
0.4688,0.5188,4.4204,4.49076,4.52956,0.001
0.4689,0.5189,4.40295,4.49536,4.52029,0.001
0.469,0.519,4.41603,4.48615,4.51565,0.001
0.4691,0.5191,4.42476,4.49536,4.51565,0.001
0.4692,0.5192,4.41167,4.49076,4.51565,0.001
0.4693,0.5193,4.41167,4.48154,4.51565,0.001
0.4694,0.5194,4.41603,4.49997,4.50638,0.001
0.4695,0.5195,4.40295,4.49536,4.51565,0.001
0.4696,0.5196,4.4204,4.49536,4.51565,0.001
0.4697,0.5197,4.41603,4.49536,4.51565,0.001
0.4698,0.5198,4.41167,4.49997,4.52029,0.001
0.4699,0.5199,4.42476,4.50457,4.51102,0.001
0.47,0.52,4.41167,4.49536,4.52029,0.001
0.4701,0.5201,4.41603,4.49536,4.51102,0.001
0.4702,0.5202,4.41167,4.48615,4.51565,0.001
0.4703,0.5203,4.40731,4.48615,4.50638,0.001
0.4704,0.5204,4.41167,4.48154,4.51102,0.001
0.4705,0.5205,4.40731,4.49076,4.51102,0.001
0.4706,0.5206,4.41603,4.48615,4.51565,0.001
0.4707,0.5207,4.40731,4.48615,4.4971,0.001
0.4708,0.5208,4.38986,4.48154,4.4971,0.001
0.4709,0.5209,4.39859,4.47233,4.50174,0.001
0.471,0.521,4.40295,4.48154,4.50174,0.001
0.4711,0.5211,4.39422,4.48154,4.4971,0.001
0.4712,0.5212,4.40295,4.50457,4.49247,0.001
0.4713,0.5213,4.40731,4.49536,4.4971,0.001
0.4714,0.5214,4.39859,4.48154,4.50638,0.001
0.4715,0.5215,4.40731,4.49076,4.48783,0.001
0.4716,0.5216,4.39422,4.48615,4.49247,0.001
0.4717,0.5217,4.39422,4.47694,4.49247,0.001
0.4718,0.5218,4.38986,4.47694,4.49247,0.001
0.4719,0.5219,4.38986,4.48154,4.4971,0.001
0.472,0.522,4.38986,4.47233,4.48319,0.001
0.4721,0.5221,4.37678,4.46773,4.47855,0.001
0.4722,0.5222,4.38114,4.46312,4.48319,0.001
0.4723,0.5223,4.37241,4.48154,4.47855,0.001
0.4724,0.5224,4.37678,4.45852,4.46928,0.001
0.4725,0.5225,4.39422,4.45852,4.4971,0.001
0.4726,0.5226,4.38114,4.47233,4.47855,0.001
0.4727,0.5227,4.3855,4.45391,4.48319,0.001
0.4728,0.5228,4.37678,4.46312,4.47392,0.001
0.4729,0.5229,4.37678,4.45852,4.47392,0.001
0.473,0.523,4.38114,4.46773,4.46928,0.001
0.4731,0.5231,4.38114,4.44009,4.47855,0.001
0.4732,0.5232,4.38114,4.4447,4.46464,0.001
0.4733,0.5233,4.37678,4.45391,4.46464,0.001
0.4734,0.5234,4.37678,4.43549,4.46928,0.001
0.4735,0.5235,4.38986,4.45391,4.47855,0.001
0.4736,0.5236,4.37678,4.43549,4.47392,0.001
0.4737,0.5237,4.38986,4.4493,4.47855,0.001
0.4738,0.5238,4.3855,4.45391,4.48783,0.001
0.4739,0.5239,4.38986,4.4493,4.46464,0.001
0.474,0.524,4.37678,4.45852,4.46928,0.001
0.4741,0.5241,4.39422,4.4447,4.47392,0.001
0.4742,0.5242,4.37678,4.43549,4.47855,0.001
0.4743,0.5243,4.38114,4.44009,4.46464,0.001
0.4744,0.5244,4.37678,4.4447,4.47855,0.001
0.4745,0.5245,4.3855,4.42167,4.46464,0.001
0.4746,0.5246,4.37678,4.44009,4.46464,0.001
0.4747,0.5247,4.38114,4.43088,4.46464,0.001
0.4748,0.5248,4.38986,4.42628,4.45537,0.001
0.4749,0.5249,4.37241,4.42167,4.46464,0.001
0.475,0.525,4.37678,4.42167,4.45537,0.001
0.4751,0.5251,4.37678,4.42167,4.46001,0.001
0.4752,0.5252,4.37678,4.43088,4.46464,0.001
0.4753,0.5253,4.3855,4.42628,4.46001,0.001
0.4754,0.5254,4.36805,4.43549,4.46928,0.001
0.4755,0.5255,4.37241,4.42167,4.46001,0.001
0.4756,0.5256,4.37241,4.41246,4.45073,0.001
0.4757,0.5257,4.36369,4.41246,4.46928,0.001
0.4758,0.5258,4.35496,4.41707,4.45073,0.001
0.4759,0.5259,4.3506,4.40785,4.45537,0.001
0.476,0.526,4.35933,4.40785,4.44609,0.001
0.4761,0.5261,4.36369,4.42167,4.45537,0.001
0.4762,0.5262,4.37241,4.39864,4.45073,0.001
0.4763,0.5263,4.36369,4.41707,4.44146,0.001
0.4764,0.5264,4.35933,4.41246,4.46001,0.001
0.4765,0.5265,4.35933,4.41246,4.44609,0.001
0.4766,0.5266,4.3506,4.40785,4.45537,0.001
0.4767,0.5267,4.36369,4.41707,4.45073,0.001
0.4768,0.5268,4.35933,4.39864,4.44609,0.001
0.4769,0.5269,4.36369,4.38943,4.46464,0.001
0.477,0.527,4.35496,4.40325,4.44609,0.001
0.4771,0.5271,4.35933,4.39404,4.46001,0.001
0.4772,0.5272,4.35933,4.38022,4.44146,0.001
0.4773,0.5273,4.35933,4.39404,4.43682,0.001
0.4774,0.5274,4.37678,4.38483,4.46001,0.001
0.4775,0.5275,4.35496,4.39404,4.44609,0.001
0.4776,0.5276,4.36369,4.38483,4.44146,0.001
0.4777,0.5277,4.36805,4.38943,4.44146,0.001
0.4778,0.5278,4.37241,4.40325,4.44146,0.001
0.4779,0.5279,4.3855,4.39864,4.43682,0.001
0.478,0.528,4.37678,4.40325,4.43682,0.001
0.4781,0.5281,4.3855,4.39404,4.43682,0.001
0.4782,0.5282,4.38114,4.40325,4.42754,0.001
0.4783,0.5283,4.38114,4.40325,4.43682,0.001
0.4784,0.5284,4.37678,4.40325,4.43682,0.001
0.4785,0.5285,4.37678,4.40325,4.41827,0.001
0.4786,0.5286,4.38114,4.41707,4.43218,0.001
0.4787,0.5287,4.37678,4.41246,4.44146,0.001
0.4788,0.5288,4.37678,4.41246,4.42291,0.001
0.4789,0.5289,4.3855,4.41246,4.41827,0.001
0.479,0.529,4.38986,4.41246,4.41363,0.001
0.4791,0.5291,4.38114,4.41707,4.43218,0.001
0.4792,0.5292,4.39422,4.39404,4.42291,0.001
0.4793,0.5293,4.38114,4.40785,4.41827,0.001
0.4794,0.5294,4.38114,4.41246,4.43218,0.001
0.4795,0.5295,4.37678,4.42167,4.42291,0.001
0.4796,0.5296,4.38114,4.42167,4.42291,0.001
0.4797,0.5297,4.38114,4.42628,4.41827,0.001
0.4798,0.5298,4.37241,4.43088,4.42291,0.001
0.4799,0.5299,4.35933,4.42628,4.41827,0.001
0.48,0.53,4.37241,4.42167,4.41827,0.001
0.4801,0.5301,4.38114,4.42628,4.41363,0.001
0.4802,0.5302,4.37241,4.41246,4.39508,0.001
0.4803,0.5303,4.36805,4.41707,4.41827,0.001
0.4804,0.5304,4.35496,4.41246,4.41363,0.001
0.4805,0.5305,4.37241,4.42167,4.42291,0.001
0.4806,0.5306,4.37241,4.41246,4.42754,0.001
0.4807,0.5307,4.38114,4.42167,4.409,0.001
0.4808,0.5308,4.37241,4.41707,4.41827,0.001
0.4809,0.5309,4.37241,4.41246,4.41827,0.001
0.481,0.531,4.36805,4.41246,4.41363,0.001
0.4811,0.5311,4.3855,4.41707,4.42291,0.001
0.4812,0.5312,4.37678,4.40785,4.42291,0.001
0.4813,0.5313,4.38114,4.40785,4.41827,0.001
0.4814,0.5314,4.37678,4.38483,4.39972,0.001
0.4815,0.5315,4.37678,4.39864,4.40436,0.001
0.4816,0.5316,4.38114,4.38943,4.40436,0.001
0.4817,0.5317,4.37241,4.39404,4.39972,0.001
0.4818,0.5318,4.37678,4.40325,4.39508,0.001
0.4819,0.5319,4.38114,4.40325,4.41363,0.001
0.482,0.532,4.37678,4.39404,4.39972,0.001
0.4821,0.5321,4.37678,4.39404,4.409,0.001
0.4822,0.5322,4.37678,4.39404,4.39972,0.001
0.4823,0.5323,4.3855,4.38943,4.41827,0.001
0.4824,0.5324,4.3855,4.39404,4.40436,0.001
0.4825,0.5325,4.38986,4.41246,4.41363,0.001
0.4826,0.5326,4.38986,4.40325,4.39972,0.001
0.4827,0.5327,4.40295,4.40785,4.41363,0.001
0.4828,0.5328,4.39859,4.41246,4.41363,0.001
0.4829,0.5329,4.38986,4.41246,4.409,0.001
0.483,0.533,4.3855,4.40785,4.409,0.001
0.4831,0.5331,4.3855,4.40785,4.40436,0.001
0.4832,0.5332,4.38114,4.41707,4.41363,0.001
0.4833,0.5333,4.38114,4.40325,4.40436,0.001
0.4834,0.5334,4.3855,4.42167,4.42291,0.001
0.4835,0.5335,4.38986,4.42167,4.41363,0.001
0.4836,0.5336,4.38114,4.42167,4.41363,0.001
0.4837,0.5337,4.3855,4.42167,4.41827,0.001
0.4838,0.5338,4.38986,4.42167,4.41827,0.001
0.4839,0.5339,4.38114,4.42628,4.42291,0.001
0.484,0.534,4.39422,4.43088,4.39045,0.001
0.4841,0.5341,4.3855,4.43088,4.40436,0.001
0.4842,0.5342,4.3855,4.43549,4.40436,0.001
0.4843,0.5343,4.38114,4.43088,4.40436,0.001
0.4844,0.5344,4.37678,4.43549,4.41363,0.001
0.4845,0.5345,4.38114,4.42628,4.41363,0.001
0.4846,0.5346,4.3855,4.43088,4.40436,0.001
0.4847,0.5347,4.37678,4.43549,4.40436,0.001
0.4848,0.5348,4.3855,4.44009,4.40436,0.001
0.4849,0.5349,4.38114,4.4447,4.39972,0.001
0.485,0.535,4.3855,4.43088,4.39972,0.001
0.4851,0.5351,4.38114,4.43549,4.38581,0.001
0.4852,0.5352,4.37678,4.43549,4.39972,0.001
0.4853,0.5353,4.38114,4.44009,4.39045,0.001
0.4854,0.5354,4.38114,4.4493,4.39972,0.001
0.4855,0.5355,4.3855,4.43088,4.38581,0.001
0.4856,0.5356,4.38986,4.44009,4.39972,0.001
0.4857,0.5357,4.38114,4.43549,4.37653,0.001
0.4858,0.5358,4.3855,4.43088,4.39045,0.001
0.4859,0.5359,4.39422,4.42628,4.37653,0.001
0.486,0.536,4.39422,4.41707,4.37653,0.001
0.4861,0.5361,4.39422,4.43088,4.36726,0.001
0.4862,0.5362,4.38114,4.44009,4.38581,0.001
0.4863,0.5363,4.39422,4.42628,4.38581,0.001
0.4864,0.5364,4.38986,4.43549,4.37653,0.001
0.4865,0.5365,4.40295,4.4447,4.37653,0.001
0.4866,0.5366,4.41167,4.43088,4.38581,0.001
0.4867,0.5367,4.40295,4.4447,4.37653,0.001
0.4868,0.5368,4.39422,4.44009,4.39045,0.001
0.4869,0.5369,4.3855,4.44009,4.38581,0.001
0.487,0.537,4.40295,4.43549,4.38117,0.001
0.4871,0.5371,4.39859,4.44009,4.37653,0.001
0.4872,0.5372,4.39422,4.44009,4.38117,0.001
0.4873,0.5373,4.39422,4.45391,4.38117,0.001
0.4874,0.5374,4.40731,4.4493,4.39508,0.001
0.4875,0.5375,4.40731,4.45852,4.38581,0.001
0.4876,0.5376,4.39859,4.4493,4.39045,0.001
0.4877,0.5377,4.41167,4.45852,4.39045,0.001
0.4878,0.5378,4.39859,4.45852,4.39972,0.001
0.4879,0.5379,4.39422,4.45852,4.39972,0.001
0.488,0.538,4.40295,4.45852,4.39045,0.001
0.4881,0.5381,4.39859,4.45852,4.38581,0.001
0.4882,0.5382,4.3855,4.4493,4.39045,0.001
0.4883,0.5383,4.38986,4.4493,4.39508,0.001
0.4884,0.5384,4.40295,4.45852,4.38581,0.001
0.4885,0.5385,4.40295,4.45391,4.39508,0.001
0.4886,0.5386,4.38986,4.4447,4.39508,0.001
0.4887,0.5387,4.39859,4.46312,4.38581,0.001
0.4888,0.5388,4.38986,4.45391,4.39045,0.001
0.4889,0.5389,4.39422,4.4493,4.39045,0.001
0.489,0.539,4.39422,4.44009,4.38581,0.001
0.4891,0.5391,4.3855,4.44009,4.39508,0.001
0.4892,0.5392,4.39422,4.44009,4.39508,0.001
0.4893,0.5393,4.38986,4.43549,4.38581,0.001
0.4894,0.5394,4.38986,4.43088,4.40436,0.001
0.4895,0.5395,4.40295,4.4447,4.39045,0.001
0.4896,0.5396,4.3855,4.43088,4.38117,0.001
0.4897,0.5397,4.38986,4.43088,4.40436,0.001
0.4898,0.5398,4.40295,4.44009,4.38117,0.001
0.4899,0.5399,4.40295,4.41246,4.38117,0.001
0.49,0.54,4.39859,4.42167,4.40436,0.001
0.4901,0.5401,4.40295,4.42167,4.38581,0.001
0.4902,0.5402,4.39422,4.41707,4.3719,0.001
0.4903,0.5403,4.40295,4.41246,4.39045,0.001
0.4904,0.5404,4.41603,4.42167,4.38117,0.001
0.4905,0.5405,4.40295,4.42167,4.38581,0.001
0.4906,0.5406,4.40731,4.42628,4.38581,0.001
0.4907,0.5407,4.39422,4.42167,4.39045,0.001
0.4908,0.5408,4.40295,4.41707,4.38117,0.001
0.4909,0.5409,4.39859,4.41246,4.40436,0.001
0.491,0.541,4.4204,4.42628,4.37653,0.001
0.4911,0.5411,4.40731,4.42167,4.37653,0.001
0.4912,0.5412,4.39422,4.42628,4.38117,0.001
0.4913,0.5413,4.41167,4.42167,4.38581,0.001
0.4914,0.5414,4.39859,4.42167,4.3719,0.001
0.4915,0.5415,4.40295,4.4493,4.38581,0.001
0.4916,0.5416,4.40295,4.42628,4.36726,0.001
0.4917,0.5417,4.39859,4.43088,4.38117,0.001
0.4918,0.5418,4.39859,4.43549,4.38581,0.001
0.4919,0.5419,4.40295,4.42167,4.38117,0.001
0.492,0.542,4.40295,4.44009,4.3719,0.001
0.4921,0.5421,4.40295,4.44009,4.39045,0.001
0.4922,0.5422,4.39859,4.43549,4.39972,0.001
0.4923,0.5423,4.39859,4.45391,4.38581,0.001
0.4924,0.5424,4.39422,4.4447,4.39508,0.001
0.4925,0.5425,4.3855,4.4493,4.39508,0.001
0.4926,0.5426,4.39422,4.44009,4.38117,0.001
0.4927,0.5427,4.37678,4.45852,4.38581,0.001
0.4928,0.5428,4.38114,4.4447,4.39045,0.001
0.4929,0.5429,4.38114,4.4493,4.39508,0.001
0.493,0.543,4.3855,4.43549,4.37653,0.001
0.4931,0.5431,4.37241,4.43088,4.38117,0.001
0.4932,0.5432,4.38986,4.43549,4.37653,0.001
0.4933,0.5433,4.38114,4.44009,4.39508,0.001
0.4934,0.5434,4.38114,4.43549,4.38581,0.001
0.4935,0.5435,4.38986,4.43549,4.39045,0.001
0.4936,0.5436,4.37678,4.43549,4.39508,0.001
0.4937,0.5437,4.38986,4.42167,4.39045,0.001
0.4938,0.5438,4.39422,4.44009,4.38581,0.001
0.4939,0.5439,4.38114,4.41707,4.36726,0.001
0.494,0.544,4.3855,4.42167,4.36262,0.001
0.4941,0.5441,4.38114,4.41246,4.3719,0.001
0.4942,0.5442,4.3855,4.42167,4.38117,0.001
0.4943,0.5443,4.3855,4.42167,4.38117,0.001
0.4944,0.5444,4.3855,4.41246,4.3719,0.001
0.4945,0.5445,4.37678,4.41246,4.39045,0.001
0.4946,0.5446,4.3855,4.39864,4.36726,0.001
0.4947,0.5447,4.3855,4.40325,4.38581,0.001
0.4948,0.5448,4.37241,4.41246,4.38581,0.001
0.4949,0.5449,4.38986,4.39404,4.36726,0.001
0.495,0.545,4.39422,4.39864,4.38117,0.001
0.4951,0.5451,4.3855,4.39404,4.36726,0.001
0.4952,0.5452,4.38986,4.41246,4.39508,0.001
0.4953,0.5453,4.39859,4.40325,4.38581,0.001
0.4954,0.5454,4.39859,4.40325,4.37653,0.001
0.4955,0.5455,4.38986,4.38943,4.38117,0.001
0.4956,0.5456,4.3855,4.39404,4.38117,0.001
0.4957,0.5457,4.38114,4.38483,4.38581,0.001
0.4958,0.5458,4.38114,4.38483,4.39508,0.001
0.4959,0.5459,4.37678,4.39404,4.38581,0.001
0.496,0.546,4.37678,4.37561,4.38581,0.001
0.4961,0.5461,4.38986,4.39404,4.38117,0.001
0.4962,0.5462,4.39422,4.40325,4.40436,0.001
0.4963,0.5463,4.38986,4.39404,4.38117,0.001
0.4964,0.5464,4.3855,4.40785,4.39045,0.001
0.4965,0.5465,4.39422,4.40325,4.39972,0.001
0.4966,0.5466,4.3855,4.41246,4.39972,0.001
0.4967,0.5467,4.38986,4.40785,4.37653,0.001
0.4968,0.5468,4.37678,4.39404,4.39508,0.001
0.4969,0.5469,4.38114,4.39864,4.38581,0.001
0.497,0.547,4.38114,4.38943,4.39508,0.001
0.4971,0.5471,4.38114,4.41707,4.39045,0.001
0.4972,0.5472,4.37678,4.39864,4.38581,0.001
0.4973,0.5473,4.37241,4.40785,4.38581,0.001
0.4974,0.5474,4.37241,4.39404,4.38117,0.001
0.4975,0.5475,4.36805,4.39404,4.40436,0.001
0.4976,0.5476,4.36805,4.38022,4.39508,0.001
0.4977,0.5477,4.36805,4.38943,4.38581,0.001
0.4978,0.5478,4.37678,4.38943,4.40436,0.001
0.4979,0.5479,4.3855,4.39404,4.40436,0.001
0.498,0.548,4.36805,4.38483,4.39508,0.001
0.4981,0.5481,4.36805,4.37561,4.38581,0.001
0.4982,0.5482,4.38114,4.38943,4.39508,0.001
0.4983,0.5483,4.37678,4.38943,4.37653,0.001
0.4984,0.5484,4.35933,4.38022,4.39508,0.001
0.4985,0.5485,4.36369,4.38943,4.39508,0.001
0.4986,0.5486,4.37241,4.38022,4.39508,0.001
0.4987,0.5487,4.37241,4.39864,4.39045,0.001
0.4988,0.5488,4.35933,4.38022,4.38581,0.001
0.4989,0.5489,4.36805,4.3618,4.39508,0.001
0.499,0.549,4.35933,4.38483,4.39045,0.001
0.4991,0.5491,4.36369,4.37561,4.38581,0.001
0.4992,0.5492,4.36805,4.38943,4.39508,0.001
0.4993,0.5493,4.36369,4.37101,4.39508,0.001
0.4994,0.5494,4.36805,4.38022,4.40436,0.001
0.4995,0.5495,4.35933,4.39864,4.39972,0.001
0.4996,0.5496,4.35933,4.37561,4.39045,0.001
0.4997,0.5497,4.36805,4.39404,4.39508,0.001
0.4998,0.5498,4.36805,4.39404,4.39045,0.001
0.4999,0.5499,4.36369,4.38943,4.39508,0.001
0.5,0.55,4.36369,4.39864,4.38581,0.001
